,combo_10,ew_bh_10
2015-02-03,1.0,1.0033005439914116
2015-02-04,0.9978599762622818,0.9955625932101008
2015-02-05,1.0015201945377095,0.9961932363357497
2015-02-06,0.9992008637689127,0.9950554665352835
2015-02-09,0.996681824653598,0.9722612358136564
2015-02-10,0.9963558565143066,0.9757144605777401
2015-02-11,1.0005339426415034,0.9840393800414667
2015-02-12,1.0027040892349517,0.9883430897473054
2015-02-13,1.0046561116029193,1.0039574460201914
2015-02-16,1.0071135285177653,1.0074271201625835
2015-02-18,1.0100501974435385,1.011615122569698
2015-02-19,1.0102546467631284,1.0148102924248177
2015-02-20,1.0054613332631879,1.00414711842354
2015-02-23,0.9986328213443056,0.99559406465484
2015-02-24,1.0022863141749405,0.9990510647571649
2015-02-25,1.0027539251529847,0.997554811767498
2015-02-26,0.9959451036627458,0.9867930944018022
2015-02-27,0.9989946906553566,1.0043105910445642
2015-03-02,0.9967874465910913,1.0101653515601925
2015-03-03,1.0045005774837303,1.0181227096138838
2015-03-04,0.9977629309586085,1.0092410658096975
2015-03-05,0.9960057053574424,1.0088516845446698
2015-03-09,0.984141468304209,0.9916106748418517
2015-03-10,0.9837480491083987,0.9938920939733014
2015-03-11,0.981292284066984,0.996899246266407
2015-03-12,0.9852654844622811,1.0062046648529348
2015-03-13,0.9732821936769007,0.9909957658093578
2015-03-16,0.9719900047770746,0.9870253010562599
2015-03-17,0.976477143023089,0.993560316692355
2015-03-18,0.974089057342492,0.9914056781760247
2015-03-19,0.9722180152040903,0.9850971047673565
2015-03-20,0.9661679658687192,0.9765654953196865
2015-03-23,0.9658183588618469,0.9725459777637477
2015-03-24,0.9643827494066267,0.9690981016483895
2015-03-25,0.9628514373084497,0.9657612647111053
2015-03-26,0.9543282750122346,0.9477874396665075
2015-03-27,0.9525559243761399,0.9476098674548524
2015-03-30,0.9650903880545961,0.9656716785806317
2015-03-31,0.9644958251809718,0.9653344304061785
2015-04-01,0.9711330909709438,0.9758798840734703
2015-04-06,0.9727191759110362,0.9808276089509977
2015-04-07,0.9749957019981857,0.9824958385697772
2015-04-08,0.9791704781444317,0.9961895639428467
2015-04-09,0.9793343305803199,1.005767022301204
2015-04-10,0.9795336036694084,1.008456517171842
2015-04-13,0.984998258054042,1.0188388474416727
2015-04-15,0.9812826129137862,1.0127907121471682
2015-04-16,0.97992787344867,1.0077893246691036
2015-04-17,0.9768813774622356,0.9978481493991551
2015-04-20,0.962682917721935,0.9783787174996504
2015-04-21,0.9564551379913504,0.972162500890507
2015-04-22,0.9626195377184996,0.9806103216343606
2015-04-23,0.9581948371515308,0.9756801234976188
2015-04-24,0.9552151500155104,0.9664312178310092
2015-04-27,0.9460016327620138,0.9549130186114628
2015-04-28,0.9464117805237872,0.9616590519481247
2015-04-29,0.9378409306296425,0.9525447059523457
2015-04-30,0.9334152466289962,0.9458087180251279
2015-05-04,0.9448481907653627,0.9617179807019026
2015-05-05,0.943109574667381,0.9586123071927568
2015-05-06,0.9266038588679808,0.9361518775946598
2015-05-07,0.9247237046857922,0.9368359618231662
2015-05-08,0.9365181207797266,0.9537524528102407
2015-05-11,0.9400901390990243,0.9618549439603308
2015-05-12,0.9258466001291045,0.9386813526476717
2015-05-13,0.9312641483237767,0.9480891368708056
2015-05-14,0.9335240834618667,0.9470374638668003
2015-05-15,0.9342003932814977,0.9523536253957886
2015-05-18,0.9366666946484088,0.9653548377358862
2015-05-19,0.936530287345359,0.9655934554241682
2015-05-20,0.9381402402183154,0.9751299586366475
2015-05-21,0.9348971334555964,0.9717320550507418
2015-05-22,0.9319876025146062,0.9731216251337291
2015-05-25,0.9293705970732999,0.9628437123850717
2015-05-26,0.9287570125844876,0.9599808262880277
2015-05-27,0.931223038848616,0.966125001642216
2015-05-28,0.928234233408585,0.9637286098952077
2015-05-29,0.9355604855823755,0.9774830617845741
2015-06-01,0.932585382736971,0.9850465117960098
2015-06-02,0.9258150101858046,0.9629422845038996
2015-06-03,0.9234069301721022,0.9501511310576134
2015-06-04,0.9232109137657603,0.9488306879986051
2015-06-05,0.9212592140738611,0.9468920589158873
2015-06-08,0.9158911610181867,0.9386083244199819
2015-06-09,0.9147289249909439,0.9380616508668144
2015-06-10,0.9244749695212752,0.9516765429460708
2015-06-11,0.9141358996690715,0.936661030775279
2015-06-12,0.9138572881819044,0.9376421277948525
2015-06-15,0.9137047711135657,0.9399269214910848
2015-06-16,0.916707657934163,0.9464057662089025
2015-06-17,0.9229350083842348,0.956069272147047
2015-06-18,0.9308760977144345,0.9669693135884573
2015-06-19,0.9358172323196112,0.9731057321091212
2015-06-22,0.9357115255144425,0.986439313621053
2015-06-23,0.9398199466442252,0.9893489866317471
2015-06-24,0.9391391636944312,0.9871063195444862
2015-06-25,0.9411950472936662,0.9907568169435584
2015-06-26,0.9387057771888803,0.9880013951038843
2015-06-29,0.9389214360999156,0.9843647439565995
2015-06-30,0.9395429747142684,0.9887273325449811
2015-07-01,0.9450405329462005,0.9982541458063897
2015-07-02,0.9438560832366979,0.9986566992931073
2015-07-03,0.9471331029222687,1.0032537681699152
2015-07-06,0.9495050792770561,1.0073195654235954
2015-07-07,0.9466340117434788,1.004218540393683
2015-07-08,0.9409161357342121,0.9933936920011607
2015-07-09,0.9394917055691766,0.9906992208094841
2015-07-10,0.9384738723782748,0.9895731009304283
2015-07-13,0.9453923596129288,0.9982046143432189
2015-07-14,0.9417052548461148,0.9965261281360619
2015-07-15,0.9468671083086425,1.0032976966892218
2015-07-16,0.9538959008779857,1.0112592695039124
2015-07-17,0.9544609758449117,1.0131670815796145
2015-07-20,0.9527648947322068,1.0113560456095763
2015-07-21,0.9468909590015263,1.0139608767197705
2015-07-22,0.9529331018420404,1.0238044141632219
2015-07-23,0.9480418786730294,1.0155309656186715
2015-07-24,0.9421164422546227,1.0054713237385888
2015-07-27,0.9278695342352298,0.9863982276000074
2015-07-28,0.9283790646459554,0.9855783296982863
2015-07-29,0.9282619515975171,0.9865028987611173
2015-07-30,0.9313229417230736,0.9916870330288846
2015-07-31,0.941286950068405,1.0074868262076369
2015-08-03,0.9448742662849833,1.0135714374054086
2015-08-04,0.9431688745960093,1.0099957053562985
2015-08-05,0.9461550920726501,1.0148024637327537
2015-08-06,0.9459077806034834,1.0170448875931133
2015-08-07,0.9463748711391454,1.0126839200181792
2015-08-10,0.9457188542082068,1.0095321451752899
2015-08-11,0.9489194111081924,1.000601556614408
2015-08-12,0.947897523377418,0.986449423667384
2015-08-13,0.94946450559695,0.9834892731972548
2015-08-14,0.9566860801877164,1.0039608159863391
2015-08-17,0.9585599523536512,1.001870192932459
2015-08-18,0.9636541939980349,1.0052593992289782
2015-08-19,0.9606957325829473,1.0064634016092762
2015-08-20,0.9558427543667019,0.9927464283340273
2015-08-21,0.9531483759498086,0.9865897010466702
2015-08-24,0.941801154642898,0.9299473049687949
2015-08-25,0.9444322054608193,0.9398479199711046
2015-08-26,0.9419343691798984,0.9276623194467345
2015-08-27,0.9432945013689593,0.9410442185622678
2015-08-28,0.9429669351725664,0.9484136521279767
2015-08-31,0.9421114734320287,0.9395802187364984
2015-09-01,0.9379896302000299,0.9198103212931356
2015-09-02,0.9366464451764679,0.9144162480027229
2015-09-03,0.9378358134975044,0.9218262615280043
2015-09-04,0.9328754441656958,0.9059990360443686
2015-09-07,0.9308696414407955,0.8940903229450101
2015-09-08,0.9338739484779435,0.9058970275470735
2015-09-09,0.9338739484779435,0.9192621876087718
2015-09-10,0.9338739484779435,0.9149945909920485
2015-09-11,0.9338739484779435,0.9160888249924798
2015-09-14,0.9338739484779435,0.9232058165210035
2015-09-15,0.9338739484779435,0.9187098607183918
2015-09-16,0.9338739484779435,0.9273334351756393
2015-09-18,0.9338739484779435,0.9327704396863015
2015-09-21,0.9338739484779435,0.9304501459744355
2015-09-22,0.9338739484779435,0.9115909496483207
2015-09-23,0.9346160284774565,0.9162253739632589
2015-09-24,0.9366523165349148,0.9148683566860513
2015-09-28,0.9337780415227521,0.9084627619404512
2015-09-29,0.9351530828154897,0.9124079145854107
2015-09-30,0.9388470704484337,0.9284972988880886
2015-10-01,0.9396303260813562,0.93179934455247
2015-10-05,0.9456265266501873,0.9519070908875649
2015-10-06,0.9458110589651643,0.9570861718257838
2015-10-07,0.9438131885086611,0.9552155161964466
2015-10-08,0.937836935167829,0.9463522223151586
2015-10-09,0.94189639256333,0.9551176797144056
2015-10-12,0.9362193394436961,0.9509151776601967
2015-10-13,0.9352116242058449,0.9477212036974872
2015-10-14,0.9326470958466996,0.9418660284175573
2015-10-15,0.9334914538082025,0.9475912553030772
2015-10-16,0.9397643503223829,0.9554405262149677
2015-10-19,0.9456799540258721,0.964941911101465
2015-10-20,0.946567600156872,0.9640863641184879
2015-10-21,0.9445166089090216,0.9635521139012957
2015-10-23,0.952120719954068,0.96684702198036
2015-10-26,0.948623691581264,0.9625236210354847
2015-10-27,0.9472927055430188,0.9606155984778969
2015-10-28,0.9400504618360503,0.9557503675799633
2015-10-29,0.9352109218750528,0.9460305402748649
2015-10-30,0.9336787727049878,0.9377454731917926
2015-11-02,0.9364515541025488,0.9386054949766465
2015-11-03,0.9367684953394455,0.939075192755768
2015-11-04,0.9336791784145138,0.934488867318427
2015-11-05,0.927929324940704,0.9247294018363253
2015-11-06,0.9317991156970357,0.9321235597305975
2015-11-09,0.9321762040980968,0.9294063930994851
2015-11-10,0.9239349966967384,0.9164749595294909
2015-11-13,0.9239747466776853,0.9108092674953796
2015-11-16,0.9274087573801159,0.9172898515742164
2015-11-17,0.9251010141487943,0.9195825239670841
2015-11-18,0.919913866713031,0.9052501137502249
2015-11-19,0.9247156826918711,0.9190310664532663
2015-11-20,0.9263161127185454,0.9207666966203696
2015-11-23,0.9271067748021767,0.9178940870496359
2015-11-24,0.9273600080608957,0.9166177734110329
2015-11-26,0.930369315603937,0.9208296142041352
2015-11-27,0.9306959654867042,0.9307265577429346
2015-11-30,0.9314423608928507,0.9314751222219726
2015-12-01,0.9330213785854397,0.9298811590434203
2015-12-02,0.932209226574453,0.9256414953874926
2015-12-03,0.9303859864105568,0.91729183889312
2015-12-04,0.9282703427358495,0.9093339909127056
2015-12-07,0.929091974948716,0.9031402142733517
2015-12-08,0.9271394125928856,0.8972137463352386
2015-12-09,0.9240040186132116,0.8902188204659562
2015-12-10,0.9235252016798328,0.8977115449412715
2015-12-11,0.9242269857526866,0.8901272149986228
2015-12-14,0.9261269293190677,0.8913783019005909
2015-12-15,0.9282904677951886,0.8978931361150776
2015-12-16,0.9279444941756982,0.9056959444799327
2015-12-17,0.9289045489773647,0.9165592750366796
2015-12-18,0.9264926261903663,0.9053214885326847
2015-12-21,0.9259238990985239,0.9157113655379701
2015-12-22,0.9222424175038179,0.909122041472771
2015-12-23,0.9273098825655416,0.9197878594204636
2015-12-24,0.9270618073767293,0.9201933723188681
2015-12-28,0.9302210018004101,0.9246811218597004
2015-12-29,0.9295764556649628,0.9242441882805955
2015-12-30,0.9252975258186373,0.9175885415905343
2015-12-31,0.9292407376363788,0.922952849241197
2016-01-01,0.9284414203188677,0.9250311963329535
2016-01-04,0.9175687696121603,0.9056323858862761
2016-01-05,0.9144508175395893,0.9017486003245558
2016-01-06,0.9173031405332791,0.8977254352417703
2016-01-07,0.91025522789597,0.8828287938749586
2016-01-08,0.9132736885705534,0.8840506369774611
2016-01-11,0.9127112390676976,0.8797631591934206
2016-01-12,0.9085708961702236,0.8728558036672114
2016-01-13,0.91296029321328,0.8772493112961932
2016-01-14,0.9143810554117553,0.8738658486673788
2016-01-15,0.911194111484672,0.8584570740710029
2016-01-18,0.9086993739316936,0.8480574571748362
2016-01-19,0.9132781604216227,0.860425961889763
2016-01-20,0.9097922702124913,0.8446324050979658
2016-01-21,0.9079002443021312,0.8413603450062573
2016-01-22,0.9049138659505191,0.8521889855208049
2016-01-25,0.9060446220932228,0.852999578633781
2016-01-27,0.9044214393823289,0.8528062789653748
2016-01-28,0.904582437416944,0.8524323762754623
2016-01-29,0.9113148603667657,0.8616320484643499
2016-02-01,0.9128362381929249,0.8579088156816348
2016-02-02,0.9123554589220492,0.8520360275382765
2016-02-03,0.9094583174948381,0.8446582624776173
2016-02-04,0.9116186841268119,0.8490676178671904
2016-02-05,0.9123614691950513,0.8568645259326706
2016-02-08,0.9063754443585299,0.8486613429436682
2016-02-09,0.9013005822149208,0.8373712469745312
2016-02-10,0.8992450610950165,0.8306005693995329
2016-02-11,0.8904327088461224,0.8058986906406492
2016-02-12,0.8910383773878674,0.8061859938779086
2016-02-15,0.8928918494083049,0.8290618379768953
2016-02-16,0.8894330968919081,0.8114725333136338
2016-02-17,0.8936195619095533,0.8187813640138617
2016-02-18,0.8991568593762469,0.8304659029599962
2016-02-19,0.9005410704555039,0.8360054836331717
2016-02-22,0.8998586573810216,0.8402346864416134
2016-02-23,0.8942036214274897,0.821891936394414
2016-02-24,0.89117043429576,0.8129968328738133
2016-02-25,0.8896539941811454,0.8044842894725895
2016-02-26,0.889860880022508,0.8129039114569447
2016-02-29,0.8885296585255319,0.8113706471123769
2016-03-01,0.8893233017917151,0.8409913474355821
2016-03-02,0.8936010222952275,0.8682097402641636
2016-03-03,0.895493398044455,0.8796819452438166
2016-03-04,0.8943629763304667,0.8798474224680527
2016-03-08,0.8902065819650375,0.8758712389212987
2016-03-09,0.8937838360537582,0.8831291027023568
2016-03-10,0.8900293303611254,0.8727407379452594
2016-03-11,0.891820121099913,0.8765310822968883
2016-03-14,0.8941209071076744,0.8827644938712591
2016-03-15,0.8936425008040795,0.8791905879052637
2016-03-16,0.8951251043518931,0.8838132804166219
2016-03-17,0.896658712784263,0.8873781600839338
2016-03-18,0.9062135916381377,0.8992508781642854
2016-03-21,0.9236989880960528,0.9167149570395602
2016-03-22,0.9228733116277457,0.9155149973753154
2016-03-23,0.9236777121249334,0.9176870952928058
2016-03-28,0.9087125324187614,0.9028189739612883
2016-03-29,0.9090339175920847,0.9031382747545258
2016-03-30,0.9264546479810878,0.9204912041484002
2016-03-31,0.9256637630596025,0.920544016883026
2016-04-01,0.9216109312067565,0.9165136008049041
2016-04-04,0.9277966486473042,0.9226651057111823
2016-04-05,0.9044817044984487,0.8994791139972462
2016-04-06,0.9057452114982523,0.9007804846523543
2016-04-07,0.8966711960110368,0.8908704860711554
2016-04-08,0.8958907069195267,0.89057920884941
2016-04-11,0.9108017756161619,0.9082488909416613
2016-04-12,0.9126368103951723,0.91057110650019
2016-04-13,0.9229794810609834,0.9264448228192423
2016-04-18,0.9329741467793045,0.9328111066415227
2016-04-20,0.9340868358110421,0.9304884234571869
2016-04-21,0.9318124663279579,0.934937833657181
2016-04-22,0.9282333186553697,0.9324652667567035
2016-04-25,0.928929047705361,0.9313378473816728
2016-04-26,0.9311212887553403,0.9416148608743862
2016-04-27,0.9326974696518492,0.9438090786274306
2016-04-28,0.9271437033582176,0.9293662251291355
2016-04-29,0.9239490781318522,0.9241775808580514
2016-05-02,0.9165928505231391,0.9138113470828592
2016-05-03,0.9156693464715542,0.9059679008618365
2016-05-04,0.9116272759837787,0.9002888856103923
2016-05-05,0.9123176440615375,0.9019989902227824
2016-05-06,0.9132232615938839,0.90396044937249
2016-05-09,0.9222251639110154,0.9202768944005802
2016-05-10,0.9249233197222214,0.9262180960693674
2016-05-11,0.9218372377113792,0.9176864606236752
2016-05-12,0.9259167546708577,0.9265328854065589
2016-05-13,0.9192179579097554,0.9129395515563473
2016-05-16,0.9192557034510977,0.91485039945061
2016-05-17,0.9200825510175733,0.9139861515419047
2016-05-18,0.9199300654551146,0.9149081125615386
2016-05-19,0.9126965999133505,0.9007896455582559
2016-05-20,0.9118346021113583,0.8948350511928743
2016-05-23,0.9146768714563678,0.8959139600278874
2016-05-24,0.9143571139773221,0.8988659876615644
2016-05-25,0.9186329910015454,0.9225914154686798
2016-05-26,0.9210942812426206,0.9490274269481637
2016-05-27,0.9211597894542611,0.9608721936119557
2016-05-30,0.9227239047301047,0.9661703361504681
2016-05-31,0.918967744555922,0.9601147724189051
2016-06-01,0.9209701349965671,0.9636317422249626
2016-06-02,0.9217530169088632,0.9685337506492521
2016-06-03,0.9199306092511168,0.9648537544403507
2016-06-06,0.9201779673101795,0.962536581993792
2016-06-07,0.9332731688560385,0.9776624866223337
2016-06-08,0.9333586998780454,0.9786353573993806
2016-06-09,0.9207806969935822,0.9668092819125125
2016-06-10,0.9160260929714165,0.962327354954143
2016-06-13,0.908385233552125,0.9523949662017969
2016-06-14,0.910600684848992,0.9538633894847471
2016-06-15,0.9245410213566234,0.9719153418906454
2016-06-16,0.9188439492860014,0.9632368780202185
2016-06-17,0.9181303176790605,0.9670745985238324
2016-06-20,0.923926563210226,0.9773185272042588
2016-06-21,0.9205046618057966,0.9727853719505067
2016-06-22,0.917404624374772,0.970338965217649
2016-06-23,0.9254557954596685,0.9785128295122277
2016-06-24,0.9058545107617293,0.9527441912935574
2016-06-27,0.9106772786403665,0.9536698470399614
2016-06-28,0.916424641606184,0.9601314471949474
2016-06-29,0.9197901301062912,0.9655120926812905
2016-06-30,0.92452450411019,0.9760508395396706
2016-07-01,0.9301287937337873,0.9807350028367644
2016-07-04,0.930006124004539,0.9868918198382439
2016-07-05,0.9307355409946875,0.9825541210954657
2016-07-07,0.9301285407491098,0.9808553503895353
2016-07-08,0.9283040341361897,0.9732082291900965
2016-07-11,0.9344862889304079,0.9908983578458893
2016-07-12,0.9405725961197834,0.998659159054178
2016-07-13,0.9399746909725777,1.0004230239571665
2016-07-14,0.9463867053088897,1.007661105780276
2016-07-15,0.9473481563311789,1.0027666166607838
2016-07-18,0.9424670326706597,0.993707146919165
2016-07-19,0.9424245803439958,0.9959704397213746
2016-07-20,0.9451558575604501,0.9999017564248438
2016-07-21,0.9387745483704304,0.994525296635016
2016-07-22,0.9394002136780241,0.9947248549223691
2016-07-25,0.9477232094759114,1.0072948841548959
2016-07-26,0.9433956077164762,1.002610288548411
2016-07-27,0.946278490333754,1.006345071170299
2016-07-28,0.9527202767458414,1.0124688228768013
2016-07-29,0.9446905805388592,1.0035916447560167
2016-08-01,0.937540878821287,0.9970615857109699
2016-08-02,0.939361929060927,0.9989159650484374
2016-08-03,0.9291118229157079,0.9875041683998399
2016-08-04,0.9297284889851386,0.9865811035543391
2016-08-05,0.936906361529446,0.9977529714901278
2016-08-08,0.9333040186004083,0.9956613327327397
2016-08-09,0.9318636687650117,0.9955128316285681
2016-08-10,0.9275574948880058,0.9846650640232021
2016-08-11,0.9317312249936595,0.9887453227424653
2016-08-12,0.9358790250127906,1.001395769535344
2016-08-16,0.9323289413352736,0.9988614430893326
2016-08-17,0.9296297163299029,0.9922456077649986
2016-08-18,0.9322102519870232,0.9962094327940322
2016-08-19,0.9304923549769,0.9986526412248505
2016-08-22,0.9291086599586544,0.9967893261583692
2016-08-23,0.9302029626159145,0.9983533477259835
2016-08-24,0.9287996787813729,0.9986494172388207
2016-08-25,0.9265235096210284,0.9897386850594675
2016-08-26,0.9245878842361918,0.983504397873087
2016-08-29,0.9238135943919058,0.9887320440147936
2016-08-30,0.9309282658941985,1.0008635471185312
2016-08-31,0.9328915514540662,1.0038006552940564
2016-09-01,0.9333926324126692,0.9959034196758314
2016-09-02,0.9346279669540324,0.9980024708880031
2016-09-06,0.9393899152437143,1.0097034993786573
2016-09-07,0.9424000738490963,1.0114307255901966
2016-09-08,0.9464815124981968,1.012209549784077
2016-09-09,0.9384352626331459,1.0050889265713314
2016-09-12,0.9248491225693883,0.9915874089659349
2016-09-14,0.9275829081629355,0.9917595852551947
2016-09-15,0.9286057083066626,0.9959296307577219
2016-09-16,0.9295934061278948,1.0016393234847183
2016-09-19,0.9320393631376891,1.0060856991206768
2016-09-20,0.9300909870583112,1.0001113325577582
2016-09-21,0.9276880568582075,0.9994089852748985
2016-09-22,0.933812478310384,1.0094261679719951
2016-09-23,0.9337863160098198,1.0067117817639613
2016-09-26,0.9280372142746423,0.992687282866299
2016-09-27,0.9256898906290334,0.988870479372521
2016-09-28,0.9253615022236529,0.9913048128226076
2016-09-29,0.917695407575327,0.9768745430260214
2016-09-30,0.9187019612360641,0.976475956883995
2016-10-03,0.924194373276817,0.9852594515410116
2016-10-04,0.9242296636772513,0.9880491760167628
2016-10-05,0.9226235657173227,0.9854475059432506
2016-10-06,0.9241397539626651,0.9832868376485758
2016-10-07,0.9238924891971124,0.980348066565365
2016-10-10,0.9231104815766057,0.979519833029348
2016-10-13,0.9182576456579298,0.9625607522081433
2016-10-14,0.9199662121603724,0.9649562111621582
2016-10-17,0.9167133126806093,0.966233056410834
2016-10-18,0.9182065048129571,0.9858032234885936
2016-10-19,0.9182444641227662,0.9805252859499083
2016-10-20,0.9180372249957987,0.9873862622071503
2016-10-21,0.9194733784142608,0.9893181319169091
2016-10-24,0.9207360277877603,0.9898108595270785
2016-10-25,0.9212032375146274,0.9856311066449711
2016-10-26,0.9166858869752424,0.9820289004403591
2016-10-27,0.917007241578075,0.9859054825509713
2016-10-28,0.9158743499919608,0.9826965112875522
2016-11-01,0.9146311367550031,0.9764147698506215
2016-11-02,0.9097876994774731,0.9621085795165868
2016-11-03,0.9068332627645439,0.9597527850582526
2016-11-04,0.9042819918671671,0.9591162197955797
2016-11-07,0.9095443042220227,0.9645643384682744
2016-11-08,0.9109428654733027,0.9676052633596924
2016-11-09,0.912590269096158,0.9561046187196084
2016-11-10,0.9251037955675976,0.9717543610662444
2016-11-11,0.9157252308968055,0.9491533628926218
2016-11-15,0.9140477803742009,0.944122728902935
2016-11-16,0.9128655004218102,0.9469883661614366
2016-11-17,0.9131441322090578,0.9387336956250686
2016-11-18,0.9115245782311482,0.9346395865852685
2016-11-21,0.9026627702655513,0.9210828656119883
2016-11-22,0.9026627702655513,0.9263446829882395
2016-11-23,0.9030733879996025,0.9304446128936511
2016-11-24,0.9030733879996025,0.9273314034708307
2016-11-25,0.9030733879996025,0.9434198126955748
2016-11-28,0.9030733879996025,0.9445680746714268
2016-11-29,0.9030733879996025,0.9431112394031259
2016-11-30,0.9030733879996025,0.9547682198567047
2016-12-01,0.9030733879996025,0.950877253699918
2016-12-02,0.9030733879996025,0.941068540232905
2016-12-05,0.9030733879996025,0.9464989735849196
2016-12-06,0.90365296920892,0.9476770548407564
2016-12-07,0.90346088426034,0.9404782034369262
2016-12-08,0.9046430968121869,0.9562234995344706
2016-12-09,0.9045223247546725,0.9628918666257213
2016-12-12,0.9024128109853495,0.9550185822334661
2016-12-13,0.9024868457565792,0.9601975690487486
2016-12-14,0.9003219433924201,0.9544861337832289
2016-12-15,0.8973117754378662,0.9527954719544877
2016-12-16,0.8963976839897753,0.9504252998510406
2016-12-19,0.8934928848705069,0.946895949301397
2016-12-20,0.8896638684393852,0.945286428218224
2016-12-21,0.8877195519401024,0.9412469691784888
2016-12-22,0.8793777984799633,0.9303351430588265
2016-12-23,0.8803352472711301,0.9324372640110433
2016-12-26,0.8789848411343538,0.9288904367746104
2016-12-27,0.8862629044567519,0.9443940833938022
2016-12-28,0.884595726941312,0.942242712201827
2016-12-29,0.8887335105080549,0.9473408902958907
2016-12-30,0.8948538407713107,0.9584968644115186
2017-01-02,0.8928679153292872,0.9551842683485933
2017-01-03,0.8946894504202499,0.9560110627275455
2017-01-04,0.8927901074503175,0.9560094969935953
2017-01-05,0.8944426543840065,0.9634588759909448
2017-01-06,0.8888128001342115,0.9578886806694571
2017-01-09,0.8913002036324567,0.9593370082451141
2017-01-10,0.894307697953929,0.9657868816840175
2017-01-11,0.8967292948598862,0.9736723026926383
2017-01-12,0.8956560724002168,0.9777581159166141
2017-01-13,0.8935315308999625,0.9726623203773764
2017-01-16,0.8923566727957316,0.9727263013146673
2017-01-17,0.8917763036628013,0.9724095663852937
2017-01-18,0.8922445061156884,0.9744928067618361
2017-01-19,0.8937272328877105,0.9767051791411728
2017-01-20,0.8877236724411007,0.9689455195208507
2017-01-23,0.8866697829318482,0.9691085130124171
2017-01-24,0.8900696009676594,0.9725859685403064
2017-01-25,0.8965764137781743,0.9802296404463772
2017-01-27,0.9028737495741915,0.9878963982630714
2017-01-30,0.9084134537964598,0.9937164839254052
2017-01-31,0.9077961582327222,0.9872563773911421
2017-02-01,0.919006030911556,0.9998851662256969
2017-02-02,0.9223933902083082,1.0074910850415064
2017-02-03,0.9229174482284968,1.0092222844484302
2017-02-06,0.9295592466731274,1.01676313864359
2017-02-07,0.9277075693130403,1.015673012405459
2017-02-08,0.9251968212775444,1.0135477137057711
2017-02-09,0.9253492470537291,1.016577732462991
2017-02-10,0.925523903718792,1.0215602560235768
2017-02-13,0.92454580385175,1.0230841420566212
2017-02-14,0.9221569665477852,1.0266839954882723
2017-02-15,0.9207810721866388,1.024857593032615
2017-02-16,0.9173159266052547,1.027794137084627
2017-02-17,0.9156736602740047,1.0321854611317207
2017-02-20,0.9206949902600551,1.0423152074716067
2017-02-21,0.9203371925437351,1.0406074429002954
2017-02-22,0.9269800236124824,1.046550234292229
2017-02-23,0.9291408776412463,1.0501259766273445
2017-02-27,0.9301772519941348,1.0489223682516826
2017-02-28,0.9299663372941795,1.0490314945198373
2017-03-01,0.934952684357866,1.0562635565483656
2017-03-02,0.9329665613833538,1.0513069494902854
2017-03-03,0.9339290913788815,1.0497450689764143
2017-03-06,0.9380829417351837,1.0587162269159542
2017-03-07,0.9377623161676949,1.057606739261509
2017-03-08,0.9357758574062411,1.0554774708981545
2017-03-09,0.935958265341149,1.057036167879162
2017-03-10,0.9379772795643815,1.0599042583974736
2017-03-14,0.9515804404490728,1.0810689869247567
2017-03-15,0.9487060821303386,1.0766606492723447
2017-03-16,0.949824866097528,1.0809625482019747
2017-03-17,0.951634806498953,1.0791101148287632
2017-03-20,0.9473331706083067,1.0716175282520424
2017-03-21,0.9492477699225007,1.0740824275071734
2017-03-22,0.9395873812356381,1.0596764480886225
2017-03-23,0.9407896850044808,1.0623839301300217
2017-03-24,0.9451239033227604,1.069151471961824
2017-03-27,0.944234301644601,1.0636828626663826
2017-03-28,0.9459272900763035,1.0687185153118242
2017-03-29,0.9512698364906651,1.0792861060649563
2017-03-30,0.9562854322334212,1.0858127700502223
2017-03-31,0.9587693720940615,1.0857890913900097
2017-04-03,0.9685687116006094,1.0958666031547835
2017-04-05,0.9753694725194244,1.1019540047513225
2017-04-06,0.9746773399861249,1.0976684365244562
2017-04-07,0.970484546156189,1.0912703479636938
2017-04-10,0.967883124825129,1.085704801674675
2017-04-11,0.9708879066046192,1.097641147684596
2017-04-12,0.9683201850586953,1.0927752399022108
2017-04-13,0.9679660110230266,1.081628184059979
2017-04-17,0.9681856193812246,1.080696354076135
2017-04-18,0.9673840267519103,1.0780677602022146
2017-04-19,0.963957965349143,1.0736216012560915
2017-04-20,0.9637848033669044,1.076854181629456
2017-04-21,0.966436675080787,1.0758219439489245
2017-04-24,0.9735438369982606,1.0861723665790695
2017-04-25,0.9770041885657952,1.0966378744151275
2017-04-26,0.9805950272385177,1.103687208864086
2017-04-27,0.9802540354033025,1.1024375264133095
2017-04-28,0.9791831647276702,1.0961186247587265
2017-05-02,0.9734173064857277,1.0894430844006757
2017-05-03,0.9727504046443939,1.0915367821860458
2017-05-04,0.9871073886592863,1.1082880050770203
2017-05-05,0.9829656524298821,1.1008567984568776
2017-05-08,0.9862731885106883,1.1056450097163173
2017-05-09,0.9852562950505028,1.1045985756210956
2017-05-10,0.9981914398686014,1.1199566157531051
2017-05-11,0.9962717577417198,1.1193854005650363
2017-05-12,0.9944441793105532,1.1199436975671029
2017-05-15,0.9970573127022831,1.1229726851495405
2017-05-16,1.0051017317422393,1.137705819644947
2017-05-17,1.0091929885800517,1.1426972478044315
2017-05-18,1.0024127363459814,1.1355277421612489
2017-05-19,1.0057573318248079,1.141090098615954
2017-05-22,1.0025454053054803,1.14776846071215
2017-05-23,1.0007854513569376,1.141886589956797
2017-05-24,0.9970360253892422,1.1370135821658782
2017-05-25,1.0127934560155247,1.1613290496897073
2017-05-26,1.0185842438998918,1.1705939091908186
2017-05-29,1.0189777328246192,1.1726035893062265
2017-05-30,1.019096135219866,1.1740273942241854
2017-05-31,1.0175601370248972,1.1714213794596646
2017-06-01,1.0151728094424624,1.1714981753070857
2017-06-02,1.0180248085351158,1.1733604364797234
2017-06-05,1.0194500961580089,1.1767176574368674
2017-06-06,1.02052733915652,1.1758493118268027
2017-06-07,1.0197671259559506,1.1802449942962834
2017-06-08,1.0120072194624852,1.1684570218803436
2017-06-09,1.0109964463213423,1.1678205748485664
2017-06-12,1.0062769724897385,1.1600060746220464
2017-06-13,1.0040709385366957,1.1571196115087263
2017-06-14,1.0075836183818974,1.1647297087865591
2017-06-15,1.0018073949660706,1.1598226511690712
2017-06-16,0.999976798805908,1.1591580809503577
2017-06-19,1.0054985093466522,1.1702001660093881
2017-06-20,1.0051969008314057,1.1715450957874751
2017-06-21,1.0062103274525247,1.1749163144331178
2017-06-22,1.0029970728428037,1.1719194964865525
2017-06-23,1.00231554213037,1.1676824959336503
2017-06-27,0.9987315607826676,1.1588885368549104
2017-06-28,0.9957541219188477,1.1555779249392821
2017-06-29,0.9957906262947398,1.156883490106784
2017-06-30,0.9966829618407208,1.158105909181603
2017-07-03,1.0050373971309716,1.171082402731545
2017-07-04,1.0036802356342436,1.1701600373994585
2017-07-05,1.0048770974317123,1.1704801311987043
2017-07-06,1.010768805934382,1.1766018777529057
2017-07-07,1.013869136480179,1.1784587468772998
2017-07-10,1.0218915908854573,1.1976337061959315
2017-07-11,1.018321319216572,1.1984277542102852
2017-07-12,1.0218813243048326,1.203111893476631
2017-07-13,1.0297334442385506,1.215203304172901
2017-07-14,1.0315933645469022,1.214836982331445
2017-07-17,1.0319083228171242,1.2181235919014906
2017-07-18,1.0172612128928586,1.2018439634001437
2017-07-19,1.024552950159439,1.2118642600069236
2017-07-20,1.0227122424545887,1.2087830535115927
2017-07-21,1.024584069719865,1.2140007450978267
2017-07-24,1.0312738764886926,1.228201861019177
2017-07-25,1.0325150927609017,1.2307232845946607
2017-07-26,1.0368028398497928,1.2376269561147513
2017-07-27,1.0350210353133273,1.2276846154698875
2017-07-28,1.0302746654933297,1.222667793435296
2017-07-31,1.0429788468406147,1.2375323419398532
2017-08-01,1.0421919231733858,1.238056772716882
2017-08-02,1.0391120989653808,1.2326231323688561
2017-08-03,1.0355152768070937,1.2282771473244611
2017-08-04,1.0381928514547023,1.231881485263949
2017-08-07,1.037782012000128,1.2308819554691475
2017-08-08,1.0320142114719013,1.2208009834942728
2017-08-09,1.028112294285793,1.2146816141782892
2017-08-10,1.0249298053306461,1.2108181299692624
2017-08-11,1.014170810154971,1.1939215010658726
2017-08-14,1.0139469058424828,1.1957420148041622
2017-08-16,1.017813545325553,1.2065545086703673
2017-08-17,1.0174157971333586,1.2102834632028348
2017-08-18,1.0187022546570612,1.2032384711409787
2017-08-21,1.0162720503444687,1.1923176832164673
2017-08-22,1.0154462653849736,1.1921118790790528
2017-08-23,1.019414904875025,1.2037851521509964
2017-08-24,1.0177569944847926,1.204975310132722
2017-08-28,1.0193346090452473,1.212737679220087
2017-08-29,1.0132257129014837,1.200252590551656
2017-08-30,1.0184910202326967,1.2084220079317083
2017-08-31,1.0199432418510108,1.2108908503916187
2017-09-01,1.0179069330916106,1.2094147864170262
2017-09-04,1.0138225060029151,1.2006048079707914
2017-09-05,1.0147613171300838,1.2010514407151576
2017-09-06,1.0159226994906827,1.1929948082184894
2017-09-07,1.0159366552355418,1.1896446112181704
2017-09-08,1.0168986950197356,1.1957297951294779
2017-09-11,1.0200958953455899,1.202102760232124
2017-09-12,1.0239869773930803,1.2140338059404394
2017-09-13,1.027538151708814,1.2141819592485033
2017-09-14,1.026661375081426,1.213606988875345
2017-09-15,1.0262590088407526,1.2125207902735269
2017-09-18,1.0295221879559424,1.21871499067865
2017-09-19,1.0276128200395602,1.2154680812653231
2017-09-20,1.0278502138600794,1.2172232189711496
2017-09-21,1.0264899299412742,1.2128760548027278
2017-09-22,1.0190866185588032,1.1916711675313336
2017-09-25,1.0182103501635926,1.184612975279249
2017-09-26,1.0139299637059582,1.18105109968805
2017-09-27,1.0089789176038721,1.1649956833708301
2017-09-28,1.006025565399348,1.1633402497619825
2017-09-29,1.0020246403808721,1.1615685400729518
2017-10-03,1.0052140279217436,1.1654946599263518
2017-10-04,1.0087369530946524,1.1686852808173518
2017-10-05,1.0068288131556224,1.1644513232625777
2017-10-06,1.0100679296971853,1.1765884743144286
2017-10-09,1.0113841547981324,1.177149268922009
2017-10-10,1.0108352505553546,1.1803952309958312
2017-10-11,1.012482374904585,1.1825831534249522
2017-10-12,1.0211300826175589,1.1936101156838121
2017-10-13,1.0221582721762086,1.2080432580657663
2017-10-16,1.0317639828008307,1.2229593918888
2017-10-17,1.034208115447903,1.224821262242629
2017-10-18,1.0356018699429663,1.2198311692678419
2017-10-19,1.0362862111356315,1.217189702039686
2017-10-23,1.046554911488277,1.2315360084570783
2017-10-24,1.0473794131175316,1.2388999992555574
2017-10-25,1.047969767279914,1.2989953877814595
2017-10-26,1.0492676108226193,1.296840206643537
2017-10-27,1.0416264402271738,1.2859157017454697
2017-10-30,1.0471067177337892,1.2894582194125093
2017-10-31,1.045579490905948,1.2835625484556874
2017-11-01,1.0579098180510733,1.3115519076445354
2017-11-02,1.056467717119612,1.3072553949868713
2017-11-03,1.0597909380154602,1.3138411084022825
2017-11-06,1.0591842014759776,1.3128421573047886
2017-11-07,1.0504242042023038,1.3021798563400175
2017-11-08,1.040934147977076,1.2904662878983322
2017-11-09,1.0493125390088673,1.2983180641282301
2017-11-10,1.065041277840944,1.316198510115454
2017-11-13,1.0590059045875482,1.305813588467285
2017-11-14,1.0533779551949138,1.2998049653899477
2017-11-15,1.050422775625315,1.291468764510979
2017-11-16,1.0580955137828076,1.3106294391783038
2017-11-17,1.0592713904463165,1.316038176500837
2017-11-20,1.0545575525543516,1.3129956672354455
2017-11-21,1.0569298142747539,1.3148009673600671
2017-11-22,1.0567554069085243,1.3164366677415291
2017-11-23,1.0600123224249403,1.3196140435904615
2017-11-24,1.0612774837532108,1.3231953106512488
2017-11-27,1.0614205012437101,1.3230125667785244
2017-11-28,1.054619699079127,1.3141782128637538
2017-11-29,1.0548895242003429,1.3160422813952255
2017-11-30,1.049545294113097,1.3014987676031715
2017-12-01,1.0427145503682735,1.2863593518846939
2017-12-04,1.0439587385924294,1.2902530882030916
2017-12-05,1.0478029457000573,1.2932196096599091
2017-12-06,1.0451092893199816,1.2858148282527484
2017-12-07,1.054488488189219,1.3055291813101204
2017-12-08,1.055878713913445,1.3174350517682025
2017-12-11,1.06188402373986,1.3270015478612984
2017-12-12,1.0554980747145764,1.3140940740312288
2017-12-13,1.051213617925766,1.305535039580742
2017-12-14,1.0518043693173114,1.3102973471893706
2017-12-15,1.0538475170717094,1.3134714477460796
2017-12-18,1.0608062719458566,1.3240056988690556
2017-12-19,1.0635731074572379,1.3307546973997535
2017-12-20,1.0643017014102505,1.3309620923855077
2017-12-21,1.0651843128967386,1.3310324328635164
2017-12-22,1.0727616293827718,1.3420998872887535
2017-12-26,1.0739855032600625,1.3457903999487997
2017-12-27,1.0699574093988466,1.3352699216055357
2017-12-28,1.0678320473822724,1.3341067748527158
2017-12-29,1.0706941071429306,1.3404491049174623
2018-01-01,1.0642047535207837,1.327923038753728
2018-01-02,1.0589334956531797,1.3208926371985388
2018-01-03,1.0623643604925244,1.3259010570296021
2018-01-04,1.0667273343973929,1.3355433119839368
2018-01-05,1.0702097789023872,1.3410812891417891
2018-01-08,1.0713580696566876,1.345429848245391
2018-01-09,1.0714236795982626,1.3460964116608927
2018-01-10,1.0754136540334425,1.3489849760823192
2018-01-11,1.079766452142101,1.354259941330274
2018-01-12,1.079576365486219,1.3562406159759446
2018-01-15,1.082762157363641,1.3602759604920756
2018-01-16,1.0832480779287743,1.3627498943522243
2018-01-17,1.0904644260327387,1.3811448580578727
2018-01-18,1.0969346464797503,1.386325290007791
2018-01-19,1.105002725456805,1.3989652963294386
2018-01-22,1.1168074051656613,1.411515364501668
2018-01-23,1.1224263205485343,1.4292088836640218
2018-01-24,1.121482904579246,1.424969634499617
2018-01-25,1.123808411871063,1.418591165985118
2018-01-29,1.12781330171191,1.4203530542761333
2018-01-30,1.1241990636587522,1.4132441224208974
2018-01-31,1.1195330485953479,1.404419584796726
2018-02-01,1.1224881535613194,1.4010600182164163
2018-02-02,1.1061078307420982,1.375320544490538
2018-02-05,1.096255200509935,1.3689474139080797
2018-02-06,1.0835777391394452,1.3481177689741897
2018-02-07,1.081679232270924,1.3411268422017324
2018-02-08,1.0915210607145305,1.3540561457407065
2018-02-09,1.0799726343751699,1.3374299603881026
2018-02-12,1.0819433757641896,1.3405393085195416
2018-02-14,1.0725380578469734,1.3348962510448694
2018-02-15,1.0801327699144583,1.3418409895632144
2018-02-16,1.0756327370350107,1.328522557568198
2018-02-19,1.0729854126623628,1.3194979891570577
2018-02-20,1.072670841124657,1.3185638301743066
2018-02-21,1.081002377533468,1.329556396279826
2018-02-22,1.081235065201728,1.3286061079931555
2018-02-23,1.0861265773089073,1.34069761513471
2018-02-26,1.085518705135704,1.344066484094176
2018-02-27,1.0826705973213149,1.3445536513364802
2018-02-28,1.0816900558320461,1.3364587228430256
2018-03-01,1.0754646967650412,1.3267907001203916
2018-03-05,1.0773095625582862,1.3177316611931034
2018-03-06,1.074643591913773,1.2972195220506606
2018-03-07,1.0741011137498517,1.2795060224108972
2018-03-08,1.0732673606061687,1.295175926310399
2018-03-09,1.0743449368425741,1.295612825263445
2018-03-12,1.0749296788445803,1.3217263861709683
2018-03-13,1.0749296788445803,1.3167432565874406
2018-03-14,1.0749296788445803,1.3161258122847466
2018-03-15,1.0749296788445803,1.3061285482726337
2018-03-16,1.0749296788445803,1.2908569352326111
2018-03-19,1.0749296788445803,1.2796089837092008
2018-03-20,1.0749296788445803,1.2832988788388189
2018-03-21,1.0749296788445803,1.2912710407685524
2018-03-22,1.0749296788445803,1.2828203186920397
2018-03-23,1.0749296788445803,1.2661943989941242
2018-03-26,1.0749296788445803,1.287388162131413
2018-03-27,1.0749296788445803,1.2932371517715424
2018-03-28,1.0749296788445803,1.2772643295766053
2018-04-02,1.0749296788445803,1.2800177571121665
2018-04-03,1.0746989901693307,1.288276543097028
2018-04-04,1.0754202914049455,1.2765593942432292
2018-04-05,1.0773810746538515,1.3015505277395618
2018-04-06,1.0768042681169945,1.2971544710515144
2018-04-09,1.0789957148214653,1.3001066425269603
2018-04-10,1.0779752063185208,1.3092799739050818
2018-04-11,1.080852751976204,1.3118565544519691
2018-04-12,1.0859270142593143,1.3189863228959577
2018-04-13,1.0870091140329505,1.319109035805847
2018-04-16,1.090702460360118,1.3193951604194778
2018-04-17,1.0924995942593212,1.3255591161108111
2018-04-18,1.0910449481332294,1.326800654611743
2018-04-19,1.095289773512369,1.3372004956033792
2018-04-20,1.101269085404028,1.345454964006361
2018-04-23,1.0997612264011758,1.3439941419000299
2018-04-24,1.1049529268160638,1.3491968422946297
2018-04-25,1.1057082783866945,1.3500156198930524
2018-04-26,1.1073553845880157,1.3536398750172374
2018-04-27,1.1089978576569537,1.3654972007291142
2018-04-30,1.1159107506974113,1.3744628380195891
2018-05-02,1.1193795841956715,1.3688269170400649
2018-05-03,1.1120670857174937,1.361031115503244
2018-05-04,1.1055194761368377,1.3546291220943583
2018-05-07,1.11250950461788,1.369137542923753
2018-05-08,1.109991799368166,1.3765061507242995
2018-05-09,1.1141470891971441,1.3802825017991998
2018-05-10,1.1134510871718832,1.3801137930949718
2018-05-11,1.1135568753314433,1.3848614773502628
2018-05-14,1.1143336904566346,1.3853756991289221
2018-05-15,1.1150937642564593,1.382573557800408
2018-05-16,1.1116312772883252,1.374356598648739
2018-05-17,1.1041425331542394,1.3642261697614784
2018-05-18,1.1005881596851768,1.3536057958594314
2018-05-21,1.0996014828907832,1.3553292559580217
2018-05-22,1.0979838969524447,1.3592870473297651
2018-05-23,1.090387018031877,1.3555561172848747
2018-05-24,1.105292515807182,1.37802583363426
2018-05-25,1.1064015865407306,1.3810280786647902
2018-05-28,1.107462526777438,1.3878367711775719
2018-05-29,1.1030942192844813,1.3799396881728752
2018-05-30,1.1025084668893619,1.3763315506717657
2018-05-31,1.1091701532037515,1.387715252103473
2018-06-01,1.1058205488459816,1.3866758331760152
2018-06-04,1.102424885638501,1.3755221290756594
2018-06-05,1.0983321006819127,1.3667074124020044
2018-06-06,1.104543460482873,1.3825095670323946
2018-06-07,1.113609337577254,1.3945894022828822
2018-06-08,1.1154486903308725,1.3935204926678548
2018-06-11,1.115668550546041,1.398171399968916
2018-06-12,1.127293946334974,1.410647209393183
2018-06-13,1.1288689933195557,1.4144759158341778
2018-06-14,1.1216434122539685,1.4008519811082398
2018-06-15,1.1237751708876726,1.405195198480053
2018-06-18,1.1203437565897374,1.4027033235059962
2018-06-19,1.1123055141102967,1.3937525680695142
2018-06-20,1.1149850584483285,1.3986087937668075
2018-06-21,1.1125220964359182,1.3951407273996366
2018-06-22,1.1136677439484024,1.40410465344913
2018-06-25,1.1073993781919442,1.3954807459292813
2018-06-26,1.1066246425186503,1.3978445702749833
2018-06-27,1.0948883581452706,1.3815304130795143
2018-06-28,1.0889262341524466,1.3738051655484045
2018-06-29,1.098946302075329,1.3941114091504037
2018-07-02,1.0992499304128989,1.3854062766068922
2018-07-03,1.101453009969144,1.3892533128152518
2018-07-04,1.1064610919977491,1.3946918809594704
2018-07-05,1.0997803203716137,1.3889250807083255
2018-07-06,1.102144240774544,1.3924689563524162
2018-07-09,1.104891864162687,1.4026456099824467
2018-07-10,1.1108624010027972,1.41283332034321
2018-07-11,1.11779414558222,1.4184590466314895
2018-07-12,1.1242923993125145,1.4316156728162583
2018-07-13,1.122951263355542,1.4281524810060404
2018-07-16,1.1211369701574314,1.4136780920157679
2018-07-17,1.1190674978794315,1.4167383781496956
2018-07-18,1.1139500370551427,1.4086260575910412
2018-07-19,1.1155475954458423,1.4109739860898867
2018-07-20,1.1235247062075804,1.4244600052934582
2018-07-23,1.1286361855034683,1.445386293847257
2018-07-24,1.1284063261397916,1.4489349070746376
2018-07-25,1.1280684413249529,1.449256673322888
2018-07-26,1.1339493738050623,1.4646830235793045
2018-07-27,1.1396031804230717,1.4800758743119402
2018-07-30,1.1475355852884754,1.4986452822441354
2018-07-31,1.1508599515662161,1.5073814435374684
2018-08-01,1.1539105703096224,1.5060718702685878
2018-08-02,1.1479451341040143,1.4915957635754644
2018-08-03,1.1559097479186866,1.5066501591610224
2018-08-06,1.1609117452153717,1.5178236600000587
2018-08-07,1.1575741509167665,1.513675251447774
2018-08-08,1.167703888013163,1.5272696813700324
2018-08-09,1.1712466233826544,1.5308381473648849
2018-08-10,1.1667201704609407,1.5224019583511532
2018-08-13,1.1615290703428705,1.5140863770743673
2018-08-14,1.1665360748540705,1.5200767700689353
2018-08-16,1.1676327511727167,1.5188859338017417
2018-08-17,1.1793894473140376,1.5353036987963782
2018-08-20,1.1771126614370193,1.5467327646834073
2018-08-21,1.1756416610081375,1.5452580293479328
2018-08-23,1.1772108718880967,1.5521037955313488
2018-08-24,1.1725729228392956,1.5450155573141555
2018-08-27,1.1866526118781044,1.5689684919398836
2018-08-28,1.1876709919497495,1.5702571252701218
2018-08-29,1.1845707491136062,1.5656890657202058
2018-08-30,1.1903231039811426,1.5728693788704324
2018-08-31,1.1875319855423319,1.5742587360501334
2018-09-03,1.171683145043927,1.554305669336038
2018-09-04,1.1663242410896821,1.545532384770249
2018-09-05,1.157221952820992,1.5336387628666828
2018-09-06,1.1596776551100219,1.5370099811477598
2018-09-07,1.1648920172729822,1.5514188001052809
2018-09-10,1.1546090369682422,1.5361315197444092
2018-09-11,1.1464295942662408,1.5136627644255296
2018-09-12,1.153386607833082,1.5277984533938578
2018-09-14,1.1580175555444694,1.5383328266418197
2018-09-17,1.1504986025052277,1.5200595957074992
2018-09-18,1.1399045044095215,1.508770221046798
2018-09-19,1.1399666291156327,1.5019367025831072
2018-09-21,1.1370442039233792,1.4995918066407927
2018-09-24,1.137633913533662,1.487244387820068
2018-09-25,1.142638209146569,1.5018116167993203
2018-09-26,1.1402077823476462,1.494114564861024
2018-09-27,1.137016339877591,1.494005953898546
2018-09-28,1.134150951973783,1.486281142318076
2018-10-01,1.1377265642268524,1.4972365107812033
2018-10-03,1.1261991458827978,1.4705920989185317
2018-10-04,1.1258402433595616,1.4397268292416172
2018-10-05,1.124631444760251,1.4103985663200225
2018-10-08,1.1245881365413013,1.4144862676613104
2018-10-09,1.1236399181937538,1.4007395152378008
2018-10-10,1.1210507871077542,1.4207809680059649
2018-10-11,1.1175591604391593,1.384616133157116
2018-10-12,1.1140793997259557,1.4062934838414278
2018-10-15,1.115891383110799,1.4114919250737454
2018-10-16,1.1166240535239214,1.4249801622011165
2018-10-17,1.1147519171859028,1.4136311097194152
2018-10-19,1.113815927704281,1.4034063615726016
2018-10-22,1.1132221098879218,1.4034157488569814
2018-10-23,1.109750237464283,1.383292449722166
2018-10-24,1.1100421740385622,1.4014773405429737
2018-10-25,1.1103124034020013,1.3813096316715077
2018-10-26,1.1070827305178477,1.369043426722149
2018-10-29,1.1115071231766345,1.4120073721444775
2018-10-30,1.1129210125155764,1.41511293927471
2018-10-31,1.1154102790324831,1.438601431051552
2018-11-01,1.1179247877540015,1.4366000038498798
2018-11-02,1.1208118265311282,1.4527228082162886
2018-11-05,1.1186297101800182,1.4552807313444611
2018-11-06,1.1208685391014461,1.4574347157066134
2018-11-07,1.121929948222154,1.4663563074074795
2018-11-09,1.122447082854943,1.4541547913804775
2018-11-12,1.1196887439604561,1.4422080951198688
2018-11-13,1.1255001503187492,1.4569259060184216
2018-11-14,1.1297503201017076,1.4622102740467355
2018-11-15,1.1320187277660918,1.4668767660940127
2018-11-16,1.1323705167026992,1.488176254967857
2018-11-19,1.1320070205423716,1.4989555225574789
2018-11-20,1.1279351283997543,1.4850084184596553
2018-11-21,1.1278575681504404,1.4710131060335114
2018-11-22,1.1243189713580986,1.4617482281009306
2018-11-26,1.1327330920464485,1.4853710414702266
2018-11-27,1.1320660405713736,1.4942746975147991
2018-11-28,1.1257901359664515,1.501667196366317
2018-11-29,1.1347788723829833,1.515601722336849
2018-11-30,1.1302266727252588,1.5106108609207627
2018-12-03,1.1372021043651677,1.5182856962087685
2018-12-04,1.1318733512148014,1.5166349350839183
2018-12-05,1.1272001472238005,1.5072520961516032
2018-12-06,1.1108244228802664,1.4840930454186851
2018-12-07,1.1192881219706865,1.4959483199637207
2018-12-10,1.1006358315165672,1.4691257486079943
2018-12-11,1.1014875263861088,1.4724962811456221
2018-12-12,1.118561220680232,1.4996705910185282
2018-12-13,1.123827931777207,1.5064014971232422
2018-12-14,1.1316529219129772,1.5172388720354455
2018-12-17,1.133508141378422,1.5221407225058257
2018-12-18,1.1343427798292918,1.524043939169959
2018-12-19,1.137577532809554,1.5312977490478192
2018-12-20,1.1316208954574658,1.522847495814927
2018-12-21,1.1097840566682902,1.4902830968871879
2018-12-24,1.1068316999110595,1.4860585047822223
2018-12-26,1.1084585412874794,1.4970318894271004
2018-12-27,1.1139250288041946,1.5048824457225343
2018-12-28,1.1188408024550782,1.5122513042229608
2018-12-31,1.118455190811835,1.509478166225723
2019-01-01,1.1230929270287107,1.5197570490807117
2019-01-02,1.1194171487290614,1.5088941417293527
2019-01-03,1.1155794927779779,1.498606279651667
2019-01-04,1.1188088943910386,1.5044565649961634
2019-01-07,1.1197217282936036,1.5113320323897046
2019-01-08,1.1261303513940943,1.5210799461577462
2019-01-09,1.1308269268521678,1.5319555204645068
2019-01-10,1.1293695685667893,1.5325584752347436
2019-01-11,1.1311091072362334,1.5249077018013177
2019-01-14,1.1307721905802481,1.5158161232647653
2019-01-15,1.136991078569671,1.539088819810294
2019-01-16,1.1375464468294847,1.5396197598007988
2019-01-17,1.1367654140139158,1.5360509201587393
2019-01-18,1.1273728757153483,1.5255032027516322
2019-01-21,1.1349495461127914,1.5349657920319004
2019-01-22,1.1308790206321755,1.5264843255956246
2019-01-23,1.1205322577290624,1.5101070012672086
2019-01-24,1.121614552416987,1.5128000015650012
2019-01-25,1.1211947160238926,1.5105360773289016
2019-01-28,1.1124148700440573,1.499108494898697
2019-01-29,1.1142457126423138,1.4998569952668315
2019-01-30,1.1158690682466124,1.5040380966364988
2019-01-31,1.1248341928137062,1.5293374143209413
2019-02-01,1.1278567117467342,1.5350023309785417
2019-02-04,1.130589902422857,1.5357355656729788
2019-02-05,1.1307838268850865,1.5358653264078501
2019-02-06,1.1360872992531663,1.5521072715766735
2019-02-07,1.136308833434975,1.550216020737634
2019-02-08,1.1334387580292047,1.5370154094356878
2019-02-11,1.1312635374388709,1.5283423986764024
2019-02-12,1.1291944580663906,1.516911486330689
2019-02-14,1.1242878135006291,1.4974868071270473
2019-02-15,1.1240478164798113,1.4994075236854576
2019-02-18,1.1166031894950716,1.4824408497878545
2019-02-19,1.1091661730058853,1.4785864013233845
2019-02-20,1.1132673538270825,1.4945099701798032
2019-02-21,1.1139042612615173,1.5005789621639438
2019-02-22,1.1143909347070557,1.5025226497625475
2019-02-25,1.1227695579974966,1.5172970296063213
2019-02-26,1.123307481367037,1.5085387238158525
2019-02-27,1.1199776573757483,1.5084116298633605
2019-02-28,1.118061324091067,1.5055737071958748
2019-03-01,1.116004867581605,1.51003595938009
2019-03-05,1.1152895077465674,1.5177606496359406
2019-03-06,1.1140960379631162,1.5279043447803562
2019-03-07,1.1164955328051374,1.536838802853819
2019-03-08,1.1142581229654225,1.534376967583261
2019-03-11,1.1261895899022003,1.5585663397867628
2019-03-12,1.1437897730823474,1.5846254333684002
2019-03-13,1.1437222436640968,1.5888154728332544
2019-03-14,1.1434660201804228,1.5863542639248787
2019-03-15,1.1461442234184671,1.5927259858026936
2019-03-18,1.1455298045485363,1.591050092428212
2019-03-19,1.1540103117985838,1.6035512196740644
2019-03-20,1.1525605020925611,1.605697449514589
2019-03-22,1.147576650759563,1.5971567930264392
2019-03-25,1.136619429880957,1.5801820239224107
2019-03-26,1.1463313020794768,1.5950921197259764
2019-03-27,1.1432104103674097,1.590070072519315
2019-03-28,1.1589405406088367,1.6142394786627967
2019-04-01,1.1689915221615654,1.6333231732437137
2019-04-02,1.1735426347327174,1.6466363592608722
2019-04-03,1.1644694618228297,1.6278597768233443
2019-04-04,1.1566737664900308,1.618544299653403
2019-04-05,1.1588867103890685,1.6233952109431027
2019-04-08,1.155157745705412,1.6179486514228323
2019-04-09,1.160850380656953,1.6259919192971737
2019-04-10,1.152031933827127,1.6078523379588516
2019-04-11,1.1509095667726574,1.613994279742241
2019-04-12,1.150500477328412,1.6189587053357852
2019-04-15,1.1534741246870341,1.6254193028714825
2019-04-16,1.1614318714193446,1.6395343015982886
2019-04-18,1.1559094173443518,1.63539028397465
2019-04-22,1.153567460521927,1.625891541808285
2019-04-23,1.1496487667018707,1.623547409254315
2019-04-24,1.1606400840915847,1.6458946231243559
2019-04-25,1.1540866009368913,1.6354482363944296
2019-04-26,1.1648001291157295,1.6530596778463396
2019-04-30,1.1658334232932435,1.654526107062396
2019-05-02,1.1596114601990954,1.6471511511665347
2019-05-03,1.1582467630192574,1.6452126893559054
2019-05-06,1.1534351985481819,1.6383781812215314
2019-05-07,1.1431201406227687,1.6238080307374816
2019-05-08,1.1328879044500135,1.6082158872400947
2019-05-09,1.1277750931679618,1.59989814324653
2019-05-10,1.1308703387443992,1.603828273699246
2019-05-13,1.1216273267780024,1.5862307283653903
2019-05-14,1.1343953488101377,1.6059526208725063
2019-05-15,1.129669967132681,1.5978495583519352
2019-05-16,1.1309488942107253,1.608443634088097
2019-05-17,1.1372965251026355,1.6269052615204829
2019-05-20,1.158637668409374,1.6859974113987044
2019-05-21,1.1551883189530172,1.6690685248132646
2019-05-22,1.1525973077146632,1.6698095435044598
2019-05-23,1.1476920564294004,1.6581604714832883
2019-05-24,1.1688637367038308,1.6932904839149656
2019-05-27,1.172728811676168,1.7036022358508447
2019-05-28,1.1708613992285783,1.7061055499896347
2019-05-29,1.1595938518682698,1.6919254376916635
2019-05-30,1.1679063908824703,1.708910430538957
2019-05-31,1.167101141218204,1.7067799228938092
2019-06-03,1.1741881880639014,1.7261517638229427
2019-06-04,1.1695514752120997,1.7141239429493742
2019-06-06,1.1588412696832704,1.691861791734358
2019-06-07,1.1642301825149126,1.699059485948191
2019-06-10,1.1716266081270137,1.7168406064508914
2019-06-11,1.1743253198991475,1.7223705599801236
2019-06-12,1.1697924141978002,1.7161744418470732
2019-06-13,1.1716520519790181,1.7186661588168062
2019-06-14,1.1653151577354437,1.706557508159398
2019-06-17,1.1558802114052709,1.6863831808292622
2019-06-18,1.15980954224706,1.693108010638592
2019-06-19,1.1587855884714477,1.6924214979931407
2019-06-20,1.1720349700454,1.7143090796560831
2019-06-21,1.166096685857916,1.6994684810624892
2019-06-24,1.168000188048389,1.70146560468833
2019-06-25,1.1689915843457812,1.7116986862544519
2019-06-26,1.167424392427757,1.7139875125413193
2019-06-27,1.1678888006576948,1.7120363221508508
2019-06-28,1.1654963322151943,1.705172739549931
2019-07-01,1.1666345648009928,1.7131681678931083
2019-07-02,1.1689711597495502,1.7221157725697764
2019-07-03,1.1682850329614158,1.7223584564988967
2019-07-04,1.1682677627247289,1.7292178581701279
2019-07-05,1.1636688376113034,1.7178008842820671
2019-07-08,1.1486324587429282,1.6852409539570492
2019-07-09,1.1520342554330845,1.689123678524255
2019-07-10,1.1494046403015443,1.6797082172672004
2019-07-11,1.1517167935331167,1.6877578014514776
2019-07-12,1.147676369486492,1.681237367714833
2019-07-15,1.141494633642984,1.684672578101723
2019-07-16,1.1449341929161518,1.6931473097356577
2019-07-17,1.1433395226088519,1.6984611011795314
2019-07-18,1.139570715335637,1.6797830519721606
2019-07-19,1.1328602967234669,1.6592875320023566
2019-07-22,1.1296886976272298,1.6526035373469203
2019-07-23,1.1289668606153447,1.6531171237661946
2019-07-24,1.1249747551872962,1.6465718580549942
2019-07-25,1.125223999064935,1.6457321714041597
2019-07-26,1.1239924808261486,1.6444458962889377
2019-07-29,1.1212123743672506,1.6443229171563454
2019-07-30,1.1258811671433158,1.6430031547018022
2019-07-31,1.1242011144621593,1.6440339708896414
2019-08-01,1.116125317274336,1.6151004279757066
2019-08-02,1.1238771512564378,1.6214605127264914
2019-08-05,1.1286657652925915,1.6104981989158433
2019-08-06,1.1300386279386647,1.618225787122684
2019-08-07,1.1294836289768073,1.605179216064508
2019-08-08,1.1354126450171742,1.6333396492283025
2019-08-09,1.1349751520234534,1.6395139275459998
2019-08-13,1.1290037174399756,1.6126356372679398
2019-08-14,1.1307414926255157,1.633655683682509
2019-08-16,1.1286891239609058,1.6327744498079744
2019-08-19,1.129031386728183,1.633261163643916
2019-08-20,1.132463370716966,1.6290728477345255
2019-08-21,1.1337974599530314,1.616594095908874
2019-08-22,1.1361091056550077,1.5989554490375257
2019-08-23,1.137000011081921,1.6025041613514648
2019-08-26,1.1394584288049063,1.6359258379716113
2019-08-27,1.1340047817362866,1.634665978398374
2019-08-28,1.133667918239101,1.62826064573898
2019-08-29,1.1323702029466236,1.6110996725895366
2019-08-30,1.1384560338680767,1.6243536777103713
2019-09-03,1.1316959488205258,1.5917829605498683
2019-09-04,1.1321635740339286,1.6082198277745723
2019-09-05,1.1310733193614297,1.6044519085399045
2019-09-06,1.1335014261836722,1.6102315756420822
2019-09-09,1.1329106144890844,1.620465550280843
2019-09-11,1.1322099465857656,1.6203475518239352
2019-09-12,1.128319228909776,1.6134053112702123
2019-09-13,1.131532752414096,1.6220482333028101
2019-09-16,1.130616891901628,1.613757266973402
2019-09-17,1.1307873933930566,1.5919725278375003
2019-09-18,1.1312542504913172,1.5952660981968776
2019-09-19,1.12643176132006,1.5753074222512364
2019-09-20,1.1314719993761422,1.6589359489838076
2019-09-23,1.124391061521469,1.6980557641432064
2019-09-24,1.1323444848723858,1.7006761995882587
2019-09-25,1.1321638661940403,1.674545761332771
2019-09-26,1.133631608059704,1.689077131715569
2019-09-27,1.132941822259911,1.687169257377959
2019-09-30,1.1310411249109549,1.6954540489777277
2019-10-01,1.126346662338372,1.6658719865236256
2019-10-03,1.1253169407188508,1.6593584291787677
2019-10-04,1.116526623322876,1.6389706098944008
2019-10-07,1.1147059041228369,1.629972552301742
2019-10-09,1.1236801530441256,1.6592636065521718
2019-10-10,1.1203633698385658,1.6568699713556745
2019-10-11,1.1232389924745427,1.6691254588255866
2019-10-14,1.124605597275876,1.673381383187211
2019-10-15,1.1327116058976392,1.6807581091394848
2019-10-16,1.132031498244507,1.6803287402145457
2019-10-17,1.138130305705323,1.6941190550067555
2019-10-18,1.1422042812513713,1.7036693032244503
2019-10-22,1.148275140284342,1.6810167543103436
2019-10-23,1.1439611493230732,1.6811513561477027
2019-10-24,1.1499236441749878,1.6790358148020337
2019-10-25,1.1527646780334477,1.6993877737299485
2019-10-27,1.155033377710971,1.7051825439253676
2019-10-29,1.160482844923205,1.7194707026655338
2019-10-30,1.1688724706147897,1.7425736722678968
2019-10-31,1.1686263889365684,1.758896717787921
2019-11-01,1.1691104940109276,1.7544264610712432
2019-11-04,1.169442946208803,1.7630251009679005
2019-11-05,1.170509317852325,1.7653896845246997
2019-11-06,1.1728172727321295,1.7685328328482897
2019-11-07,1.1713666669933034,1.7713229511410236
2019-11-08,1.1660870405795227,1.7534200446462829
2019-11-11,1.1659442686515733,1.7523615954411378
2019-11-13,1.16720787840777,1.7425540593514255
2019-11-14,1.1701282113619105,1.746576478355721
2019-11-15,1.1785984226599175,1.766635719873985
2019-11-18,1.1807294739683298,1.768341208313795
2019-11-19,1.1921274455795963,1.7859051713069534
2019-11-20,1.1950802991956702,1.7914372799974245
2019-11-21,1.195115061628409,1.790546779618739
2019-11-22,1.191321161017808,1.7738780853842075
2019-11-25,1.1963860029326603,1.7989001842967758
2019-11-26,1.193169571450293,1.789452619305677
2019-11-27,1.1955316199671997,1.7937532016554263
2019-11-28,1.2024634670541154,1.8071376788414073
2019-11-29,1.1971365236389644,1.7906360599805518
2019-12-02,1.199222726321907,1.7938898021750158
2019-12-03,1.1979120559101586,1.7894758036188678
2019-12-04,1.1992657869253582,1.7991647230235503
2019-12-05,1.1975126554903863,1.7987454739569475
2019-12-06,1.1887741618781107,1.7835416881457447
2019-12-09,1.1882001253911485,1.7744825788255232
2019-12-10,1.1865131702143388,1.7664329263567473
2019-12-11,1.1873610079354673,1.7683129412974847
2019-12-12,1.187418555595159,1.7712660371638076
2019-12-13,1.1914137871833472,1.787472883823572
2019-12-16,1.1894705765828406,1.7814538711845531
2019-12-17,1.197309564571612,1.802866219676975
2019-12-18,1.1983758639914472,1.8047398849460725
2019-12-19,1.2034901897311252,1.8181954493408858
2019-12-20,1.2049416490264504,1.823724009679143
2019-12-23,1.2032105796031045,1.8179942690587816
2019-12-24,1.1999620243003377,1.8097542411032346
2019-12-26,1.1955650294084872,1.7911847299279664
2019-12-27,1.2011792885631363,1.8106474465681728
2019-12-30,1.198636471137723,1.8086510017843092
2019-12-31,1.19155272683393,1.7953244118107938
2020-01-01,1.1919383650649797,1.7994779016496405
2020-01-02,1.1951266587048,1.81331325542127
2020-01-03,1.1977576203088403,1.8103312900299755
2020-01-06,1.1897946728558966,1.7797090529388335
2020-01-07,1.1907173409000873,1.7811678766985561
2020-01-08,1.1967487796677265,1.7843244107661944
2020-01-09,1.2008777906913186,1.807867439691404
2020-01-10,1.19976346452928,1.8145164905020201
2020-01-13,1.2015721528135068,1.8308081399548577
2020-01-14,1.2026988434052253,1.8329632308391026
2020-01-15,1.2024670052473772,1.8281195500561325
2020-01-16,1.2053331395592646,1.834154242993031
2020-01-17,1.2094779921195393,1.8401795398634369
2020-01-20,1.2101577087504825,1.8315972170499077
2020-01-21,1.2085671629819328,1.8242168355414343
2020-01-22,1.2067931169345372,1.8263017768868506
2020-01-23,1.2129703909856002,1.8428913401890892
2020-01-24,1.2152392527964595,1.8494631514851705
2020-01-27,1.2091029474923627,1.8286018823300436
2020-01-28,1.207006677151879,1.811805125922272
2020-01-29,1.2092528470786459,1.8232322396760932
2020-01-30,1.2086204694361327,1.8094855422288334
2020-01-31,1.206559227062938,1.802800898317952
2020-02-03,1.207516674824671,1.7653557449990778
2020-02-04,1.2155869350150632,1.799953613929716
2020-02-05,1.2222881602875821,1.8217058643525248
2020-02-06,1.22379729979214,1.827688577892521
2020-02-07,1.2215712109999999,1.8197372552773672
2020-02-10,1.2194310555737689,1.814234155587912
2020-02-11,1.2182662433619367,1.8210695699595516
2020-02-12,1.22773735810327,1.8414009164122198
2020-02-13,1.2284336311385193,1.8468712468249817
2020-02-14,1.2345993743118502,1.8434013309107629
2020-02-17,1.2326617877510893,1.8348560921061876
2020-02-18,1.2315209349399092,1.830838164266464
2020-02-19,1.2300691842969715,1.8443216511855713
2020-02-20,1.2264163658369844,1.8392220774116768
2020-02-24,1.2128758723150626,1.8059038698581587
2020-02-25,1.2163930134240526,1.8072246628943966
2020-02-26,1.2077842674793422,1.7890633623673589
2020-02-27,1.2016767515213744,1.778451381926991
2020-02-28,1.1710656863160738,1.7192641527999335
2020-03-02,1.167860581000157,1.7057255368578002
2020-03-03,1.1742158660997912,1.7213194244004302
2020-03-04,1.175968616803125,1.7110355760949385
2020-03-05,1.180394285866404,1.7189042257772729
2020-03-06,1.1643085511162075,1.6760488148036654
2020-03-09,1.133174694824244,1.5866454971082977
2020-03-11,1.1291470880638594,1.5875402083617032
2020-03-12,1.0796396201889702,1.450798637012884
2020-03-13,1.1029150620254184,1.514197162780143
2020-03-16,1.072587666115663,1.401091158901858
2020-03-17,1.0644678378419634,1.370641142572384
2020-03-18,1.0559848509804193,1.321218938891669
2020-03-19,1.047847568332404,1.3060951770575577
2020-03-20,1.070758840160594,1.382373149872757
2020-03-23,1.0455946160013156,1.2118113524334984
2020-03-24,1.059039365123753,1.2457062220877309
2020-03-25,1.0629124894394348,1.3181864430702561
2020-03-26,1.0644537545282882,1.3816974589090256
2020-03-27,1.0644537545282882,1.3891658293591962
2020-03-30,1.0644537545282882,1.3346660474024143
2020-03-31,1.0644537545282882,1.3906863289970974
2020-04-01,1.0589497158628243,1.3277902396765133
2020-04-03,1.057708408073028,1.3070523328674315
2020-04-07,1.071987299724652,1.4225759207480846
2020-04-08,1.0726866411059195,1.4038666960782016
2020-04-09,1.068824559451126,1.4423288777975116
2020-04-13,1.0649638161648762,1.4372903419350058
2020-04-15,1.0678475709962252,1.4402022020310672
2020-04-16,1.0656364898437425,1.4485783220482853
2020-04-17,1.0695036664832716,1.4894267026868642
2020-04-20,1.0648564285070683,1.4828539791972712
2020-04-21,1.0627825357074474,1.442863452733583
2020-04-22,1.0785373724232206,1.4718798033368288
2020-04-23,1.0738428756006848,1.4911017664049933
2020-04-24,1.0751831944480132,1.4695889370996373
2020-04-27,1.0777498143238413,1.4820899821406104
2020-04-28,1.0735104482151006,1.486548451693452
2020-04-29,1.0771701957870532,1.514849984449562
2020-04-30,1.094609070166396,1.5513312004249222
2020-05-04,1.07481435600749,1.4763009750643674
2020-05-05,1.0736763847243609,1.4604589036235929
2020-05-06,1.0682972258710128,1.4618281366157797
2020-05-07,1.065451961447993,1.4484964945641126
2020-05-08,1.069491482394882,1.4574191588780758
2020-05-11,1.0756407958254623,1.453216404876455
2020-05-12,1.0797000293395043,1.454466912198522
2020-05-13,1.0802073955332585,1.4837989747528406
2020-05-14,1.0677590128581056,1.4476967621736148
2020-05-15,1.069098528966873,1.4489841428698134
2020-05-18,1.0695132037672135,1.4102316732572764
2020-05-19,1.0801491458174295,1.4219267016232076
2020-05-20,1.081567486780643,1.443644115594672
2020-05-21,1.0846476929349986,1.4532216770527795
2020-05-22,1.0887563586633524,1.445879172978326
2020-05-26,1.0821621930309828,1.437690866395296
2020-05-27,1.0914208919533523,1.4852647348848746
2020-05-28,1.0925325937650496,1.5077035764111664
2020-05-29,1.0894909084764905,1.5179207672591215
2020-06-01,1.0980386948391605,1.5558646507096452
2020-06-02,1.100084801609751,1.565958386480381
2020-06-03,1.100194898705728,1.5777888899089165
2020-06-04,1.1074235001826476,1.582373670206586
2020-06-05,1.1132962408924496,1.6049774533828296
2020-06-08,1.113637864327215,1.6083476967852295
2020-06-09,1.099083594001199,1.5869319518099256
2020-06-10,1.1071851479986976,1.598629528744124
2020-06-11,1.0800646435707788,1.559471092333308
2020-06-12,1.0850557640128704,1.566677612881988
2020-06-15,1.0646215723244759,1.5372529344955772
2020-06-16,1.0720825738628348,1.548327411744654
2020-06-17,1.0713900732039083,1.5471012282347758
2020-06-18,1.0903649001679894,1.5745011256539159
2020-06-19,1.1066789047469747,1.5980587608727113
2020-06-22,1.111016617221047,1.6043224742150406
2020-06-23,1.129668698890682,1.6313369085911777
2020-06-24,1.1084573782104683,1.6059748182777418
2020-06-25,1.106199922754235,1.6114435834777163
2020-06-26,1.1166320051488654,1.632509292831633
2020-06-29,1.1098647385456808,1.622862979662572
2020-06-30,1.1115291278296475,1.6189607169220235
2020-07-01,1.1188281835716987,1.6393594971648073
2020-07-02,1.123904530794388,1.6563931029700236
2020-07-03,1.1268878626108056,1.6701113235178988
2020-07-06,1.1300956710590646,1.681804210309512
2020-07-07,1.1297937721022444,1.684438109686835
2020-07-08,1.127013732361401,1.676846825644461
2020-07-09,1.1348001676040609,1.690185970853937
2020-07-10,1.1329700782204302,1.6883495713544727
2020-07-13,1.1361139237589208,1.6958656435888597
2020-07-14,1.1194006857533259,1.668867631805331
2020-07-15,1.1268407642497407,1.6726190848146119
2020-07-16,1.1377507895064727,1.6901484125420934
2020-07-17,1.1455312883486002,1.7099783747566144
2020-07-20,1.157512917118692,1.7294786857588822
2020-07-21,1.1687336796013703,1.7473115581157945
2020-07-22,1.163636835151614,1.7369265419273248
2020-07-23,1.1725979304287821,1.7488882072300846
2020-07-24,1.170037953153292,1.7403612375498114
2020-07-27,1.1610755977432778,1.7269306583676558
2020-07-28,1.1700413748004832,1.7436947633589313
2020-07-29,1.1613587185558554,1.7330352319422813
2020-07-30,1.1563399184660834,1.7136985885971754
2020-07-31,1.1585585049099014,1.7172408527365675
2020-08-03,1.1528743896530638,1.6989343918316475
2020-08-04,1.1629664734924379,1.721778256387523
2020-08-05,1.161937706710672,1.7201747253617643
2020-08-06,1.1648548945253243,1.7367226601172097
2020-08-07,1.1616129214076785,1.7334041293176456
2020-08-10,1.1658605596648457,1.7470798542766983
2020-08-11,1.1663491827813395,1.75499678581494
2020-08-12,1.1641829179163357,1.7571159055816719
2020-08-13,1.1682922267447713,1.7558679497440302
2020-08-14,1.1665052797592566,1.732731315671517
2020-08-17,1.1697041042418264,1.7332629427028614
2020-08-18,1.1722188263496272,1.7524228872784473
2020-08-19,1.1717291740949123,1.7589776673035658
2020-08-20,1.1660175096477552,1.7399351270086356
2020-08-21,1.164582913902574,1.7465919251831112
2020-08-24,1.167666804334004,1.7605802861567041
2020-08-25,1.1652524010534495,1.7623946748218633
2020-08-26,1.169759989760971,1.7662058848748055
2020-08-27,1.168814388990035,1.7665733442310905
2020-08-28,1.1738983462636585,1.7848546185566678
2020-08-31,1.1606649997936815,1.7483490820456429
2020-09-01,1.1594996235219657,1.7665782463650217
2020-09-02,1.1658677261426476,1.7745379319614114
2020-09-03,1.165726291224352,1.7677084529364615
2020-09-04,1.155982397055284,1.7348932509847166
2020-09-07,1.1589959755110983,1.7403490086870814
2020-09-08,1.1624735625287614,1.7335497093420833
2020-09-09,1.151934599920304,1.7162870770723366
2020-09-10,1.1645861369874857,1.7353374099417636
2020-09-11,1.1663203976033394,1.7405243816260652
2020-09-14,1.1680723412170713,1.7311401166119307
2020-09-15,1.173158774436606,1.7446166074223217
2020-09-16,1.1783993728811037,1.7542034857602715
2020-09-17,1.1729962333229527,1.737022605474887
2020-09-18,1.167001429786772,1.7314029887497204
2020-09-21,1.1636342300192355,1.6925573881619835
2020-09-22,1.164787860605736,1.6865569144580477
2020-09-23,1.1634724166324004,1.6729350570780308
2020-09-24,1.1428636095815001,1.6230134935952498
2020-09-25,1.157873887910525,1.6713529490827794
2020-09-28,1.1629927194522014,1.6910039044651277
2020-09-29,1.165952963995522,1.6831566706268
2020-09-30,1.1657136424811392,1.6849449638183618
2020-10-01,1.170863508854576,1.7098100862232504
2020-10-05,1.1812568661875642,1.723415603480517
2020-10-06,1.1840478703494197,1.7368025614234863
2020-10-07,1.1869029645886358,1.745385334384398
2020-10-08,1.1928574689605356,1.76034104712503
2020-10-09,1.1977494832605007,1.7847829856957818
2020-10-12,1.2021067269997132,1.7885680711440137
2020-10-13,1.2048601014824047,1.7836348595171216
2020-10-14,1.206262891059727,1.7926009039194675
2020-10-15,1.1939434684752572,1.7429809813163537
2020-10-16,1.2007951056378068,1.757229335935763
2020-10-19,1.2116420252107207,1.7758009125452956
2020-10-20,1.2134862488507834,1.7837536361565995
2020-10-21,1.2138512113252882,1.792055777734043
2020-10-22,1.2077495012747828,1.7913797312084094
2020-10-23,1.207560053861453,1.7955158908831954
2020-10-26,1.1994932546490171,1.773930185287224
2020-10-27,1.2015110898648187,1.775677869411149
2020-10-28,1.190045034602828,1.7624924762737324
2020-10-29,1.1800135801931195,1.746821518687649
2020-10-30,1.1742643687563608,1.7355800447757352
2020-11-02,1.1877142881941651,1.7515452397104767
2020-11-03,1.2046307930559212,1.7774819233547592
2020-11-04,1.2082547116569133,1.7886380153254955
2020-11-05,1.223971410432346,1.8227630861159683
2020-11-06,1.226860959872082,1.8363776916466192
2020-11-09,1.242481381384484,1.8687456622576788
2020-11-10,1.2590448493746824,1.902750780607046
2020-11-11,1.2771659563796467,1.9222586803644741
2020-11-12,1.2712606881028594,1.9174002709451399
2020-11-13,1.2693461994046058,1.9160432525701663
2020-11-14,1.2742304808767575,1.9268652413876202
2020-11-17,1.2755712099537495,1.9411229649545738
2020-11-18,1.2873864425463988,1.9515896957770915
2020-11-19,1.2699237290866972,1.9244728565053593
2020-11-20,1.2820456513169016,1.9360842340898492
2020-11-23,1.2778484481890198,1.9393551568760297
2020-11-24,1.2896861550294403,1.962699145108316
2020-11-25,1.2779359174871554,1.9363704010052871
2020-11-26,1.2836339407323718,1.9490218975946476
2020-11-27,1.2800611974929146,1.9375589833183526
2020-12-01,1.293133359959326,1.9629099241919226
2020-12-02,1.2900631430864093,1.963020155982498
2020-12-03,1.292447182755641,1.9612950057903549
2020-12-04,1.3073426625412647,1.9943419889418146
2020-12-07,1.3178146660908188,2.02504308346732
2020-12-08,1.321336275807175,2.034194433151688
2020-12-09,1.3271281657706504,2.054371326695363
2020-12-10,1.3245204773735832,2.058562083296241
2020-12-11,1.3274305077135578,2.068792583535459
2020-12-14,1.3365279651902102,2.0807746996776326
2020-12-15,1.3297430655087317,2.064877312940472
2020-12-16,1.3356645035962105,2.0818427515903295
2020-12-17,1.33471829895187,2.0836761474934136
2020-12-18,1.3412587233171145,2.0944507207628513
2020-12-21,1.3121269834220557,2.0264805175405125
2020-12-22,1.3280931650567338,2.05134790176621
2020-12-23,1.3425127055948085,2.0791483078616158
2020-12-24,1.3516349584518286,2.0994970633519094
2020-12-28,1.3637922011204084,2.12025301788986
2020-12-29,1.3687823583747374,2.1287860257533904
2020-12-30,1.3676144709100095,2.128347273000433
2020-12-31,1.3650974400470843,2.120444025337803
2021-01-01,1.3689534907559764,2.13313597855511
2021-01-04,1.380663974958959,2.154638624535498
2021-01-05,1.385727734580106,2.1586098293515645
2021-01-06,1.3851366691414861,2.150374571744307
2021-01-07,1.3831617751849246,2.1497258561486046
2021-01-08,1.3886480998685484,2.1726718962216993
2021-01-11,1.4011945705547277,2.188057981140554
2021-01-12,1.4129078143921237,2.214539367319779
2021-01-13,1.4281006145051662,2.2367304429654706
2021-01-14,1.4337003613009127,2.252224102991458
2021-01-15,1.4281165914087797,2.2414923577065538
2021-01-18,1.4222462901023927,2.2234486754860825
2021-01-19,1.4307805418856714,2.2519927528501156
2021-01-20,1.4330762027170443,2.2682251216030043
2021-01-21,1.4235913214177416,2.252631332825459
2021-01-22,1.414293627285789,2.226059718372065
2021-01-25,1.4092750231506277,2.2108441573158997
2021-01-27,1.3924008892837099,2.179132570792675
2021-01-28,1.3787504018275325,2.1556488342368727
2021-01-29,1.3654444992661772,2.1308702024872983
2021-02-01,1.433897769731358,2.243981015276595
2021-02-02,1.4705981183068944,2.3073692538106196
2021-02-03,1.479081627161621,2.319721388219929
2021-02-04,1.487145197790753,2.345731689800537
2021-02-05,1.4946521061377118,2.361998463377759
2021-02-08,1.5123844255893988,2.392285086568823
2021-02-09,1.5136733916508873,2.388040196711112
2021-02-10,1.504933489286107,2.3798818509052277
2021-02-11,1.5026344732832295,2.3867303447944406
2021-02-12,1.5017947898027835,2.378938533249005
2021-02-15,1.5193037888382537,2.4013285019411796
2021-02-16,1.5160220760480232,2.391319972825567
2021-02-17,1.5160630696790236,2.3846942479064563
2021-02-18,1.510133861943517,2.370054977860691
2021-02-19,1.502780485095112,2.348681160049688
2021-02-22,1.4921570458341196,2.2928084200322503
2021-02-23,1.4916692908912272,2.3059969239469447
2021-02-24,1.5085003573117017,2.3459866584676705
2021-02-25,1.5098994036866002,2.3531630497781006
2021-02-26,1.4857543087389447,2.274484967627625
2021-03-01,1.4944743168231425,2.291064078499752
2021-03-02,1.496324102924827,2.3193773225591787
2021-03-03,1.5136977283910817,2.3639617252742426
2021-03-04,1.5021931688263823,2.334954104480845
2021-03-05,1.4951975228614276,2.3114065037166265
2021-03-08,1.503300231236174,2.3191271368407147
2021-03-09,1.506056284769949,2.3356155725478085
2021-03-10,1.507177684512064,2.3452980290875285
2021-03-12,1.4981320614232527,2.325126237264
2021-03-15,1.4937438555610205,2.3127699388477208
2021-03-16,1.4905833665074462,2.313535526510258
2021-03-17,1.4811367800896718,2.2928289357256055
2021-03-18,1.4710695607261424,2.2751278782421185
2021-03-19,1.4835342902747297,2.3063127286300897
2021-03-22,1.4848503374764617,2.307123623675371
2021-03-23,1.4859997805270388,2.3204900291631563
2021-03-24,1.4668477305350942,2.2759805598830574
2021-03-25,1.452568803432388,2.239439210900934
2021-03-26,1.457836214762343,2.266934064586577
2021-03-30,1.473330238593397,2.318294440131125
2021-03-31,1.4743223200176623,2.308274245738002
2021-04-01,1.4766296123288352,2.3245280600980456
2021-04-05,1.4705005877109316,2.2914785948558225
2021-04-06,1.473418983201023,2.291713912073254
2021-04-07,1.4777104289013405,2.314048989401515
2021-04-08,1.480873778876424,2.317484038880502
2021-04-09,1.483456646527292,2.312329762509388
2021-04-12,1.466853659859263,2.23117902179201
2021-04-13,1.4639736934944296,2.255720451332267
2021-04-15,1.4693054133033217,2.2713538109655937
2021-04-16,1.4680129042050765,2.260984609077812
2021-04-19,1.4634954009364376,2.2265961963423293
2021-04-20,1.4588068913455439,2.2181625788694936
2021-04-22,1.4592944014422786,2.2339303694565795
2021-04-23,1.4583963754786804,2.2148020900196426
2021-04-26,1.4579883340422222,2.240924845127439
2021-04-27,1.4594553501678065,2.2761777744636658
2021-04-28,1.4590872244568767,2.305299012615082
2021-04-29,1.458697374448726,2.299018830187745
2021-04-30,1.4500526666476603,2.256657181776762
2021-05-03,1.4492116243985753,2.262442248539523
2021-05-04,1.4485572118979149,2.2441654682639576
2021-05-05,1.4534210483611423,2.263093596572889
2021-05-06,1.4544110164972124,2.2715720542214717
2021-05-07,1.456685796681036,2.2846386597683304
2021-05-10,1.4592003987428852,2.3008560891212855
2021-05-11,1.4573320359213866,2.2882387330869323
2021-05-12,1.4520205779749424,2.2680652538455317
2021-05-14,1.452292900613815,2.2800218947788746
2021-05-17,1.452952423646627,2.3108140825274854
2021-05-18,1.4545532140704631,2.322769288549755
2021-05-19,1.4499593747018082,2.308598889537153
2021-05-20,1.447003734432184,2.294904658844518
2021-05-21,1.4625651161892015,2.340092792433186
2021-05-24,1.46909009655403,2.3496923835126236
2021-05-25,1.4704542785898658,2.3493111538992566
2021-05-26,1.4735073560985665,2.3648875951089163
2021-05-27,1.4768561422965307,2.3723040623791003
2021-05-28,1.4775889345960764,2.3849887474404063
2021-05-31,1.4843347031533407,2.4117880777274823
2021-06-01,1.4831880111668008,2.4111632881197735
2021-06-02,1.478027932363044,2.4031352762320757
2021-06-03,1.485572030668309,2.4197144012824015
2021-06-04,1.4818697039149895,2.409907244686937
2021-06-07,1.4868640523203154,2.42652394929048
2021-06-08,1.4853485515796307,2.4306754812469276
2021-06-09,1.4781997778140388,2.4113073231942486
2021-06-10,1.4818168190541574,2.4239719197492184
2021-06-11,1.4800499907546358,2.4256810008788503
2021-06-14,1.4827526353464775,2.4313499849227003
2021-06-15,1.4864902519299652,2.441229841540618
2021-06-16,1.4820134311055264,2.4309020983505927
2021-06-17,1.48032723716216,2.4222045646904697
2021-06-18,1.479709079914193,2.428114767802416
2021-06-21,1.479223104236439,2.4348068440068547
2021-06-22,1.4839979734260413,2.438246440374322
2021-06-23,1.4759173359844395,2.423066468901312
2021-06-24,1.4891875855933292,2.4425579651582296
2021-06-25,1.4938184383149649,2.458100577094734
2021-06-28,1.489638300180519,2.446697482320435
2021-06-29,1.4887713242373262,2.4373859941785367
2021-06-30,1.4900198264282327,2.433521274349411
2021-07-01,1.4865225128335404,2.425771948126961
2021-07-02,1.487908729619064,2.434437090658491
2021-07-05,1.4921238759027304,2.454185261482405
2021-07-06,1.4858950134320754,2.4466806362058406
2021-07-07,1.4870714070124367,2.456051387586536
2021-07-08,1.478754454256365,2.4298067571124795
2021-07-09,1.4741676907448962,2.4237758491972206
2021-07-12,1.474126074053594,2.420612319694983
2021-07-13,1.4774098942557676,2.4343209691664036
2021-07-14,1.4802585425238501,2.445818523469526
2021-07-15,1.4806279512348246,2.46057492531593
2021-07-16,1.476600682891331,2.4674887101741865
2021-07-19,1.4733055299379594,2.448088208033927
2021-07-20,1.4735451836960924,2.429417303985914
2021-07-22,1.477637886637106,2.4587050064902316
2021-07-23,1.4781821105505617,2.4679929113560317
2021-07-26,1.4759957981680507,2.4544204555821088
2021-07-27,1.474188786602004,2.452000855449977
2021-07-28,1.4769673899104665,2.4606820878830122
2021-07-29,1.4762686620408845,2.4681042279687704
2021-07-30,1.4715754210735523,2.4539249885512904
2021-08-02,1.479424624710906,2.472558512326538
2021-08-03,1.4942050878802644,2.5134973336541857
2021-08-04,1.498468928479426,2.5269292219232193
2021-08-05,1.503245026782691,2.5400795912151852
2021-08-06,1.5020458594687773,2.533762611350593
2021-08-09,1.4993187454603782,2.533030026507159
2021-08-10,1.499847503586323,2.5365144086911124
2021-08-11,1.495900562685354,2.5351431583215542
2021-08-12,1.502441637606265,2.548005982413854
2021-08-13,1.5164347302462142,2.5891754548328687
2021-08-16,1.5123686396752547,2.586771613969119
2021-08-17,1.5081342836611076,2.5902007778409217
2021-08-18,1.5033268207667525,2.5819653545877914
2021-08-20,1.491184220681289,2.5721119078334294
2021-08-23,1.4979697982429847,2.58441638996668
2021-08-24,1.5051979752905214,2.6001859443435924
2021-08-25,1.5058745776090303,2.6024596445920083
2021-08-26,1.501937416318526,2.593820146801389
2021-08-27,1.5029263377616133,2.6077045944396917
2021-08-30,1.513300744597717,2.642965574443374
2021-08-31,1.5223885935736268,2.6835164222407055
2021-09-01,1.5193059770265587,2.6791661336727333
2021-09-02,1.5329758710354202,2.7035380425911475
2021-09-03,1.5376958366834739,2.710733120966107
2021-09-06,1.54251070824531,2.715744840734813
2021-09-07,1.5379842736563119,2.716477819422468
2021-09-08,1.5345645794107807,2.7125987082188474
2021-09-09,1.5401513625840688,2.7226555976736604
2021-09-13,1.540651375994259,2.7164186330695137
2021-09-14,1.5440977742725335,2.7214292613704747
2021-09-15,1.5604050825094329,2.75732323373517
2021-09-16,1.5831012078904179,2.7938551358714756
2021-09-17,1.5763574451495008,2.7765532858733897
2021-09-20,1.5704914863287482,2.766048425747399
2021-09-21,1.581215360952818,2.788985112795898
2021-09-22,1.5793442534196778,2.7830540741188132
2021-09-23,1.59745004271571,2.821681507630358
2021-09-24,1.5988712825410734,2.8232102977076363
2021-09-27,1.6003067077725865,2.8198375275508694
2021-09-28,1.58676816877518,2.794532486845523
2021-09-29,1.5849590522769037,2.7899845531234817
2021-09-30,1.5766498879520636,2.7717356148106784
2021-10-01,1.5679210965847772,2.754234044701735
2021-10-04,1.5768838916046695,2.7787461862143585
2021-10-05,1.5877725493514143,2.8002595345771675
2021-10-06,1.5739563576324302,2.772846815407632
2021-10-07,1.5825461893034358,2.7914508023743467
2021-10-08,1.5885355560621166,2.80884729487283
2021-10-11,1.5820435797082848,2.8047211566466808
2021-10-12,1.5888648891645365,2.8140253527403747
2021-10-13,1.5978437474866258,2.8356818456043005
2021-10-14,1.6065369533363867,2.8674288364048968
2021-10-18,1.6120608132270877,2.8972121294246165
2021-10-19,1.6001583798763854,2.881448097972275
2021-10-20,1.598700539236348,2.875218125153863
2021-10-21,1.589069478971156,2.8477651403699618
2021-10-22,1.5835293993316861,2.8310594896717185
2021-10-25,1.5945251576531432,2.848223950380372
2021-10-26,1.6006029474393613,2.857594267921325
2021-10-27,1.5995917718959793,2.860751344676611
2021-10-28,1.5714430939121418,2.7998525478005085
2021-10-29,1.56106987849837,2.7738847332257173
2021-11-01,1.5792290629309682,2.8195621461253046
2021-11-02,1.57940341915746,2.821813177762418
2021-11-03,1.570269842114417,2.8155666875939143
2021-11-04,1.5749199978828914,2.8322226047714913
2021-11-08,1.5770464130878936,2.8440676404819767
2021-11-09,1.5775733578477886,2.851047291496564
2021-11-10,1.58006046433033,2.8532566295591772
2021-11-11,1.574476753223341,2.830936357938725
2021-11-12,1.5814478600999762,2.86658476418057
2021-11-15,1.5807048639337782,2.869682709878232
2021-11-16,1.5799393506919246,2.8455319175154297
2021-11-17,1.5787492306911681,2.832197525792237
2021-11-18,1.5725297801616211,2.8219319298673584
2021-11-22,1.5614550047674283,2.7836829960437925
2021-11-23,1.5651842280477113,2.7980488267221433
2021-11-24,1.5568877257762934,2.7788374167330496
2021-11-25,1.5619969476174123,2.798521211510744
2021-11-26,1.5428302749553087,2.7247771393820104
2021-11-29,1.5407217641343633,2.7255254184675244
2021-11-30,1.5394255514928412,2.7143318256127653
2021-12-01,1.5407336422715383,2.7463120348454253
2021-12-02,1.5486693283173751,2.7745540789218457
2021-12-03,1.5429743658435766,2.7444132295503545
2021-12-06,1.5307358774775135,2.6963390366065147
2021-12-07,1.5357464220788803,2.7328645197224857
2021-12-08,1.5482861206194933,2.7854677995911064
2021-12-09,1.5550352625740655,2.80439811469837
2021-12-10,1.5559299342271675,2.808311089350942
2021-12-13,1.55075055418081,2.7807592022390457
2021-12-14,1.5458105571208103,2.770826831298942
2021-12-15,1.5377759890013243,2.752759229416403
2021-12-16,1.5336509864746402,2.7515979734332823
2021-12-17,1.5254614464561236,2.709152958174369
2021-12-20,1.5146443589061345,2.657830278599935
2021-12-21,1.521425729302861,2.6807792270675295
2021-12-22,1.5297192047017438,2.7153776478058678
2021-12-23,1.5341194543187444,2.7335755604547316
2021-12-24,1.5325132910610926,2.7274964764705287
2021-12-27,1.5362195760072472,2.7361441332783283
2021-12-28,1.5411520559793326,2.7577505533383695
2021-12-29,1.5400611312002812,2.745184177363633
2021-12-30,1.5415414171456454,2.7449769610606687
2021-12-31,1.543082256944545,2.7659299586833703
2022-01-03,1.5545460121183223,2.8088925919428824
2022-01-04,1.5601767335498762,2.843355296436361
2022-01-05,1.5595697283056862,2.8571321924235193
2022-01-06,1.553201927204422,2.8322277893219856
2022-01-07,1.5533046348733615,2.8394635667434733
2022-01-10,1.5681560565199697,2.8749399852300623
2022-01-11,1.570831353301248,2.8813835297453987
2022-01-12,1.5835231767124365,2.9088033918548497
2022-01-13,1.585447450392073,2.920745624963106
2022-01-14,1.5854088988143542,2.9228230619265747
2022-01-17,1.5933632357206398,2.940761523819955
2022-01-18,1.580103514090678,2.911091086839086
2022-01-19,1.5721614746306576,2.883004937891822
2022-01-20,1.561750566158547,2.8553257095476186
2022-01-21,1.5594840842002786,2.836443630625957
2022-01-24,1.535554348960557,2.7770097792727078
2022-01-25,1.5518839666710806,2.807911661296385
2022-01-27,1.5432958885567254,2.7831646447756104
2022-01-28,1.5426525471564174,2.781327396883135
2022-01-31,1.5602800048810015,2.823063762800705
2022-02-01,1.5723544329253198,2.862761152843106
2022-02-02,1.5863633690413441,2.88972105763842
2022-02-03,1.5813535193794082,2.8619027565357626
2022-02-04,1.576280906779782,2.8564537744997165
2022-02-07,1.5623704781193721,2.806443140129297
2022-02-08,1.5662487185558358,2.8106128936416956
2022-02-09,1.5731145646440812,2.8374678991651576
2022-02-10,1.5794508990283351,2.8591366329842307
2022-02-11,1.573424105302451,2.8219877158060833
2022-02-14,1.5576643352727841,2.736980969078999
2022-02-15,1.569552902115374,2.8230155767984693
2022-02-16,1.5647033960599415,2.8131779538529043
2022-02-17,1.5607621648201306,2.8062186318022104
2022-02-18,1.5611755969327663,2.8037589957000457
2022-02-21,1.561208699286636,2.7903832502302026
2022-02-22,1.55710627533325,2.7549518502686183
2022-02-23,1.5572000016339322,2.7474380748801845
2022-02-24,1.5490658408072702,2.625193753534352
2022-02-25,1.5524415687582518,2.6778217503823587
2022-02-28,1.5525219311958105,2.6995331709099295
2022-03-02,1.549646295582358,2.6632486328770426
2022-03-03,1.547408008365755,2.6452393243623398
2022-03-04,1.5456036922242076,2.6153889128619263
2022-03-07,1.5383599818796563,2.5584731511693617
2022-03-08,1.5383599818796563,2.5866070468322166
2022-03-09,1.5423430170360104,2.6413322769554775
2022-03-10,1.5499192081462219,2.6894360116340046
2022-03-11,1.5528261738947144,2.6933051740296583
2022-03-14,1.5545660160421864,2.7369771958076488
2022-03-15,1.5495900290708189,2.7133371954562207
2022-03-16,1.5588644135805803,2.7579444707240532
2022-03-17,1.5598611308864732,2.7948355019913476
2022-03-21,1.5554019545443323,2.7629358329277536
2022-03-22,1.5680750265096595,2.7921901491157533
2022-03-23,1.5656176046449506,2.78103972172989
2022-03-24,1.566327120400243,2.7785450120179336
2022-03-25,1.5661487718840594,2.76810311283621
2022-03-28,1.5774057853633756,2.7940428364703287
2022-03-29,1.5829684657381493,2.808166521309199
2022-03-30,1.5855341961856224,2.8292380997121036
2022-03-31,1.584988855328589,2.8316799313720367
2022-04-01,1.5977548858725383,2.8644682045185506
2022-04-04,1.6176263129021784,2.9168545002564206
2022-04-05,1.6109200241383506,2.90786652497756
2022-04-06,1.6028266543895417,2.896215773256365
2022-04-07,1.589049597201487,2.8703981976482744
2022-04-08,1.5933662696827395,2.8937893566976354
2022-04-11,1.5870575194108032,2.8718958475961354
2022-04-12,1.5765356475353582,2.8434592720182437
2022-04-13,1.5753932640612527,2.8473213750666697
2022-04-18,1.5585838497104518,2.791692458181953
2022-04-19,1.5489118932053652,2.7567543616902492
2022-04-20,1.5537837959359924,2.781818319254555
2022-04-21,1.565633941214629,2.8174092816638088
2022-04-22,1.5502386650535045,2.779654832834262
2022-04-25,1.5430334878060268,2.7490276535487275
2022-04-26,1.5490064005244257,2.7920093544691635
2022-04-27,1.5452004567608912,2.7705503773112716
2022-04-28,1.5598341473515804,2.81264589750862
2022-04-29,1.554261935061384,2.7893590229501575
2022-05-02,1.5550909100138806,2.7850872646107
2022-05-04,1.5406039999021153,2.7226646121343583
2022-05-05,1.5394867060629742,2.73115495880185
2022-05-06,1.5397733422099862,2.7037890662053923
2022-05-09,1.5292933811865013,2.68323297888181
2022-05-10,1.52938762278756,2.685929525425818
2022-05-11,1.5241448621081721,2.668581976402954
2022-05-12,1.5192994674583113,2.6161284259222106
2022-05-13,1.5249510064279943,2.607689108872268
2022-05-16,1.5265967519235384,2.6141058925031913
2022-05-17,1.5348422900821415,2.684973300544673
2022-05-18,1.5354011557206653,2.6759907691750753
2022-05-19,1.5318623080357912,2.615867703882699
2022-05-20,1.5407942117288516,2.688653118566817
2022-05-23,1.5433309964959125,2.69372300798523
2022-05-24,1.5393114817673015,2.6720975678549514
2022-05-25,1.5382791524332393,2.6516491838650884
2022-05-26,1.5370411411955827,2.670872135918349
2022-05-27,1.5404385130715696,2.6995695071429475
2022-05-30,1.5415622398469624,2.756726174649333
2022-05-31,1.5427607959376672,2.7452099170500994
2022-06-01,1.5405104624322004,2.733929668332651
2022-06-02,1.5398679255146006,2.7498388613474245
2022-06-03,1.543020330129426,2.752030066373878
2022-06-06,1.5427724541556709,2.7490260472797665
2022-06-07,1.5378939840875483,2.715539193389056
2022-06-08,1.5308113101039185,2.699080252750392
2022-06-09,1.5367452304457019,2.721913194016655
2022-06-10,1.5318594390434244,2.6851808370587733
2022-06-13,1.5256370449788026,2.6176418315289296
2022-06-14,1.5223056464215285,2.6179730440973943
2022-06-15,1.5175694810528193,2.6104840177572974
2022-06-16,1.5139029280740475,2.5639807135065498
2022-06-17,1.5145592628608346,2.5531469849892843
2022-06-20,1.5122746591265492,2.564747853059123
2022-06-21,1.5180333749099169,2.616651041079286
2022-06-22,1.5108339959777002,2.5876539314767344
2022-06-23,1.5084952270676666,2.616681248524123
2022-06-24,1.5107685535394406,2.6385417517149805
2022-06-27,1.5103220416031302,2.66981081960998
2022-06-28,1.512445021141077,2.675123344997938
2022-06-29,1.5155839283240746,2.663629883401414
2022-06-30,1.5161133603519112,2.6693284194029374
2022-07-01,1.522123469511265,2.6723325040284496
2022-07-04,1.5261650464372503,2.7012352179126236
2022-07-05,1.5215132251783292,2.694583563090912
2022-07-06,1.5244482927105143,2.724763856145724
2022-07-07,1.5361170811936713,2.746930922850389
2022-07-08,1.5491376237041805,2.774716488938926
2022-07-11,1.5397124705537177,2.748025464778368
2022-07-12,1.5300998380365258,2.7233811185365613
2022-07-13,1.5217326108429872,2.704963266543502
2022-07-14,1.5147345064736162,2.6911917052323835
2022-07-15,1.527457025367054,2.713946075988034
2022-07-18,1.546528151784048,2.7563867744304065
2022-07-19,1.5531297568327427,2.7708091265069794
2022-07-20,1.5666598343198426,2.81059991262038
2022-07-21,1.5745833748660159,2.82405138521771
2022-07-22,1.5817197007939388,2.8381980198293535
2022-07-25,1.5838141875990612,2.832197811555325
2022-07-26,1.570606930650848,2.804161934829233
2022-07-27,1.5839783170373098,2.834475378951818
2022-07-28,1.5952933789070691,2.8648839839364544
2022-07-29,1.6045097941944098,2.8907943763765163
2022-08-01,1.6102007995754575,2.9128505459624696
2022-08-02,1.6086831502757633,2.9116791957834085
2022-08-03,1.6127183992708198,2.9245923120564963
2022-08-04,1.616965288629237,2.9226812541304525
2022-08-05,1.6214477883960614,2.9348747543190585
2022-08-08,1.6312115640832967,2.950855015810561
2022-08-10,1.63247470926107,2.9555462026823087
2022-08-11,1.6338352338121593,2.9709672550990547
2022-08-12,1.634059243738031,2.9743233540898983
2022-08-16,1.63540126239376,2.9840952648964914
2022-08-17,1.6477104192966128,3.0079131862393553
2022-08-18,1.6528845168175508,3.0179885758210414
2022-08-19,1.6444524065164088,2.9975800894769677
2022-08-22,1.6299240852934052,2.9648465289327834
2022-08-23,1.6290717445826814,2.9673489691606245
2022-08-24,1.6288715215038099,2.9669842634632437
2022-08-25,1.6211490198970164,2.952917751501163
2022-08-26,1.6219301299912061,2.9543405410379053
2022-08-29,1.5976649580227757,2.910141607954407
2022-08-30,1.637270117626613,2.9822822794224977
2022-09-01,1.6181740892297043,2.947646690853834
2022-09-02,1.619288168816022,2.9548326835748693
2022-09-05,1.6325512607987203,2.9791826936508907
2022-09-06,1.6342082379725706,2.981899593757584
2022-09-07,1.6278488599222274,2.9703983696904652
2022-09-08,1.6441423191323428,3.007707984643083
2022-09-09,1.651394169648763,3.0200504827602765
2022-09-12,1.6556088165867016,3.035158485112742
2022-09-13,1.6629198979016406,3.0592057152636314
2022-09-14,1.662202061478412,3.0378163075071223
2022-09-15,1.661422170690997,3.0217491769696805
2022-09-16,1.6480946398248506,2.965146614067072
2022-09-19,1.6524477346844983,2.9841912976064613
2022-09-20,1.6622696414259388,3.0032303502549667
2022-09-21,1.6571535915990587,2.9933157299116604
2022-09-22,1.6550916285334587,2.989380139128515
2022-09-23,1.6409904142153797,2.947056464068788
2022-09-26,1.6261236478106247,2.9078204730772343
2022-09-27,1.6240188724133444,2.910581431910827
2022-09-28,1.6125776375839542,2.8857646818709948
2022-09-29,1.6137320807036204,2.8820496937989026
2022-09-30,1.6305854180866275,2.928720198620034
2022-10-03,1.6200423939088395,2.891260765787687
2022-10-04,1.6371806766817576,2.95897408354495
2022-10-06,1.6330333760022608,2.9683840204817904
2022-10-07,1.631118333809666,2.9587308620688213
2022-10-10,1.6301597226625923,2.952351599098484
2022-10-11,1.6232137846871142,2.9085468813830837
2022-10-12,1.627263517193247,2.930579503228398
2022-10-13,1.6208501348736355,2.902812911841524
2022-10-14,1.627647990336599,2.9388623734210397
2022-10-17,1.6303134037453908,2.961140240519339
2022-10-18,1.6325542553405912,3.0064569038493008
2022-10-19,1.629365195464829,3.0036451714596226
2022-10-20,1.6321890181518912,3.0173882413768003
2022-10-21,1.6344427775790766,3.019021932539686
2022-10-24,1.6417588712100217,3.041859580297232
2022-10-25,1.6438518985741126,3.037772407863086
2022-10-27,1.646101245675263,3.048292630381965
2022-10-28,1.6414772456442366,3.049056209262009
2022-10-31,1.6610329214051927,3.08836490839803
2022-11-01,1.672228612639939,3.106923156211277
2022-11-02,1.6641152521143887,3.0897100914330116
2022-11-03,1.6640861941766345,3.0942495188961034
2022-11-04,1.6636601226489935,3.094850508133966
2022-11-07,1.6753120146830023,3.118054918938696
2022-11-09,1.6751924811934147,3.1148778769826135
2022-11-10,1.667737577283793,3.1017668668676173
2022-11-11,1.6879993970132663,3.152223318682772
2022-11-14,1.6776652089776438,3.130277997692956
2022-11-15,1.684180177132678,3.1441136390670605
2022-11-16,1.6870848511196848,3.153875573757535
2022-11-17,1.6879846626238464,3.1532857052122614
2022-11-18,1.6854476547273178,3.151584300133932
2022-11-21,1.6736364651576694,3.1318995160161345
2022-11-22,1.6788925907765628,3.146997482210677
2022-11-23,1.6771871100952613,3.1477807318791644
2022-11-24,1.693401167015922,3.1887280039719856
2022-11-25,1.6957356404983972,3.1893274840980177
2022-11-28,1.7017976848170286,3.1929852288308607
2022-11-29,1.7033396627847,3.210680767397678
2022-11-30,1.706248768746799,3.2271993953702425
2022-12-01,1.7152134128902776,3.2411464704074984
2022-12-02,1.706614499692015,3.2167956732865592
2022-12-05,1.7065792401552824,3.2170855657157293
2022-12-06,1.6957395015554062,3.2023687036283137
2022-12-07,1.7000024594495622,3.2083559493427223
2022-12-08,1.7071775586116227,3.2201384619856497
2022-12-09,1.7015369524529471,3.207474534260047
2022-12-12,1.698386087422859,3.2037157513913153
2022-12-13,1.7085013022858127,3.2250357909821674
2022-12-14,1.7104587952284094,3.2287086961152154
2022-12-15,1.6934749221201113,3.1825716857598265
2022-12-16,1.6849740328274274,3.159293948605816
2022-12-19,1.6941284005559305,3.1784674976716296
2022-12-20,1.6905305604615737,3.171547897536828
2022-12-21,1.675173334409186,3.1411036038202163
2022-12-22,1.6704698610116386,3.1310951842827097
2022-12-23,1.6554596708256066,3.0782627333712207
2022-12-26,1.6671119172614617,3.120038553107748
2022-12-27,1.6691415984083495,3.133400612108328
2022-12-28,1.6659512869793722,3.1262154124104047
2022-12-29,1.6648734028970142,3.143777196582011
2022-12-30,1.6646749115007968,3.1198981754566235
2023-01-02,1.666379002539113,3.134860208705713
2023-01-03,1.6640117537124657,3.1366808635970003
2023-01-04,1.6615060347049855,3.106871696855279
2023-01-05,1.6612087015879868,3.105645814201815
2023-01-06,1.6627192427566992,3.08322957035755
2023-01-09,1.6665595237550372,3.1366535681129117
2023-01-10,1.6665595237550372,3.094890093925239
2023-01-11,1.6687045903280302,3.0870163981502676
2023-01-12,1.6689878294584823,3.0808505801815445
2023-01-13,1.6710000150641995,3.1014983009515067
2023-01-16,1.6689945476504673,3.0886980487342206
2023-01-17,1.6712146675703332,3.1233786854867924
2023-01-18,1.6758209743516557,3.1478241459557887
2023-01-19,1.6754735310955045,3.136284264867495
2023-01-20,1.6732704573647106,3.1189843605605665
2023-01-23,1.6746243310261828,3.143763452420671
2023-01-24,1.6737243431369389,3.14450094211824
2023-01-25,1.6662945759847199,3.1085090632237145
2023-01-27,1.6609270814538544,3.0624074891795385
2023-01-30,1.6576702064222593,3.0578060372483256
2023-01-31,1.6574891141208665,3.0685802538900795
2023-02-01,1.6702114309738014,3.0809615186960375
2023-02-02,1.6816896215074724,3.115202900343703
2023-02-03,1.69283891024181,3.1554800056413432
2023-02-06,1.6883137400241282,3.138892384368018
2023-02-07,1.684629183532548,3.1262537823938388
2023-02-08,1.6882156644391129,3.136645216205049
2023-02-09,1.6914050089029444,3.1432428183754206
2023-02-10,1.691177506234341,3.139738148435643
2023-02-13,1.6913620724244938,3.1224603614086845
2023-02-14,1.7003572896930732,3.157845222660518
2023-02-15,1.6981746094446304,3.164264889832994
2023-02-16,1.700019820056588,3.1631518357008988
2023-02-17,1.6949172994914807,3.149615139419586
2023-02-20,1.6938043653033859,3.1373427357670702
2023-02-21,1.6908035807829482,3.1346484254993796
2023-02-22,1.6811666698136687,3.0945581467034584
2023-02-23,1.6794922911308099,3.0867545245666865
2023-02-24,1.6757097885608399,3.0761610369002566
2023-02-27,1.6662628244317506,3.0615741376175
2023-02-28,1.662470641918913,3.0371225598271585
2023-03-01,1.6666111906224104,3.0630711431945965
2023-03-02,1.6639448506478411,3.037795850555498
2023-03-03,1.6673700134706078,3.0996186312173815
2023-03-06,1.6680072084482491,3.1171190884224353
2023-03-08,1.6712346572185537,3.128551515139211
2023-03-09,1.6703195191991662,3.1036082490717276
2023-03-10,1.6673344658776252,3.073213309417744
2023-03-13,1.6630248248648598,3.025683204546746
2023-03-14,1.6604364423570785,3.0118273938665756
2023-03-15,1.6620377745703545,2.988592780404712
2023-03-16,1.6618048838799613,2.991338296705384
2023-03-17,1.6634983407339334,3.0069723846946377
2023-03-20,1.6620370247732235,2.9959521939749743
2023-03-21,1.6620370247732235,3.0074369205020726
2023-03-22,1.6624509442025177,3.0152807852770303
2023-03-23,1.6619027885579603,3.0036261033412273
2023-03-24,1.6588525965050023,2.9847291666430382
2023-03-27,1.657922141132681,2.9955927059402123
2023-03-28,1.656351964174505,2.986938253986673
2023-03-29,1.6574271645262026,3.0018742773107556
2023-03-31,1.6587199492246034,3.0570533216749416
2023-04-03,1.6591759784131206,3.056096355936771
2023-04-05,1.665873387150258,3.093384574116071
2023-04-06,1.665421432780716,3.096966262016802
2023-04-10,1.6638322355256898,3.0988620535768403
2023-04-11,1.6648021636689971,3.10867112893928
2023-04-12,1.6667693394662075,3.115107513977363
2023-04-13,1.6662629795186332,3.1067987107109762
2023-04-17,1.6620615061704418,3.073134825961149
2023-04-18,1.6569764645184653,3.065074622630266
2023-04-19,1.655030106269944,3.053726697585929
2023-04-20,1.6555781213454703,3.058155454771142
2023-04-21,1.659766669910572,3.063142195227628
2023-04-24,1.667303706292576,3.081419855298187
2023-04-25,1.6705852508010048,3.0947721318681225
2023-04-26,1.6748110145002295,3.1074927271734705
2023-04-27,1.675139345480427,3.122099487632588
2023-04-28,1.687451746326407,3.159718963253971
2023-05-02,1.6879775259982883,3.1660154725858614
2023-05-03,1.6872155817756622,3.154424404920634
2023-05-04,1.6977749061546643,3.1793068939709923
2023-05-05,1.6890299317283808,3.1613770444285216
2023-05-08,1.699180342252023,3.1850765800397
2023-05-09,1.696068673722078,3.1792870625773806
2023-05-10,1.6973890317036713,3.182959907150485
2023-05-11,1.688912857467358,3.166253792916942
2023-05-12,1.6916398805424373,3.172439762445155
2023-05-15,1.7012510871641633,3.194718285469738
2023-05-16,1.6958965674714104,3.1812475587192792
2023-05-17,1.6959327842068366,3.168044851846078
2023-05-18,1.6858778879817455,3.151839429326599
2023-05-19,1.6905364999253998,3.1689711945611188
2023-05-22,1.694318167932617,3.1883633517855463
2023-05-23,1.69532861542775,3.1913040569918083
2023-05-24,1.6922704056426212,3.1822455775501832
2023-05-25,1.6999612054543825,3.1951427300572792
2023-05-26,1.7111895168799476,3.2267318569949364
2023-05-29,1.7166378644981466,3.2409396854546904
2023-05-30,1.7163685406535338,3.240680897560242
2023-05-31,1.7121901985303942,3.2276597610571343
2023-06-01,1.707644639651098,3.2177203622731416
2023-06-02,1.7115413474656151,3.2257272918669377
2023-06-05,1.711634432158431,3.230514010484455
2023-06-06,1.7046480293147053,3.2157406069686765
2023-06-07,1.7122358225269858,3.242924466175789
2023-06-08,1.7068110131976315,3.2319911315774754
2023-06-09,1.6968016840518216,3.211443950890991
2023-06-12,1.7025249023229974,3.217137851895593
2023-06-13,1.7064603505128404,3.238073797740944
2023-06-14,1.7054372898750527,3.23985350908331
2023-06-15,1.697545723026926,3.221984620792525
2023-06-16,1.7030105445652532,3.2423525779024507
2023-06-19,1.6989797997782916,3.2311265293307208
2023-06-20,1.7020650279610288,3.238506803451508
2023-06-21,1.7036450881853105,3.2468768481316794
2023-06-22,1.6984812052594023,3.238992094859125
2023-06-23,1.6895921308664386,3.221714006755791
2023-06-26,1.687921042524902,3.218460424030343
2023-06-27,1.6910164345661582,3.2401334191037314
2023-06-28,1.70108654117517,3.267444754679134
2023-06-30,1.7120515640893876,3.308730873800664
2023-07-03,1.7227700023153039,3.336090779415248
2023-07-04,1.7207280404801304,3.341653260411202
2023-07-05,1.7226891580554586,3.3525870122790202
2023-07-06,1.728280119617916,3.363868494742832
2023-07-07,1.7159942334558755,3.337460406429266
2023-07-10,1.7152834022993422,3.3409843129540864
2023-07-11,1.7227206328270126,3.360528163643674
2023-07-12,1.716650247513139,3.3474960952881134
2023-07-13,1.7240376741165946,3.359322997569086
2023-07-14,1.7430879472207161,3.400057219499049
2023-07-17,1.7536027157708631,3.420480201837531
2023-07-18,1.7582943244754106,3.4336064888921127
2023-07-19,1.7591102746942555,3.443679755478731
2023-07-20,1.7700546840552742,3.468769617855005
2023-07-21,1.7576352981541534,3.4209579108688306
2023-07-24,1.7546730324821675,3.4051515008529054
2023-07-25,1.7474878923256152,3.3893920141264853
2023-07-26,1.7635614827359256,3.422736369913622
2023-07-27,1.7616131867107439,3.4136221609102213
2023-07-28,1.7610759946017327,3.408489188041356
2023-07-31,1.7696425383964853,3.423527626551239
2023-08-01,1.7659506734812223,3.417377588037762
2023-08-02,1.7495946786215812,3.3839878040847826
2023-08-03,1.743075031725578,3.3550814505907938
2023-08-04,1.74726341123945,3.373510278601903
2023-08-07,1.7501458716740699,3.3862573172963177
2023-08-08,1.7481851536467452,3.381430381387509
2023-08-09,1.751779338534472,3.386673190668561
2023-08-10,1.7460770940395385,3.3672426908007025
2023-08-11,1.7424376117472238,3.3488513231269517
2023-08-14,1.7466079708816775,3.357034452811958
2023-08-16,1.7463291980036908,3.367669559680469
2023-08-17,1.7366159660410263,3.3463646360526407
2023-08-18,1.7376286440363506,3.336004779236023
2023-08-21,1.7391454155794177,3.353587104870279
2023-08-22,1.7394540878230749,3.356261791642056
2023-08-23,1.743430702889094,3.369764905287048
2023-08-24,1.7441190307307441,3.364144715578454
2023-08-25,1.741535794217785,3.341156420538384
2023-08-28,1.744148074017116,3.3449548254652526
2023-08-29,1.7423824461115454,3.337400285170144
2023-08-30,1.7428218238568725,3.3354419805729343
2023-08-31,1.7421513849762782,3.3183011989688382
2023-09-01,1.7468829376300818,3.3368266998197313
2023-09-04,1.7495739747856744,3.3482184036123672
2023-09-05,1.7527533028291777,3.3590360632332064
2023-09-06,1.7553359629060437,3.3693962741962498
2023-09-07,1.760369215855189,3.3900143961347498
2023-09-08,1.7635111494712938,3.407735699353402
2023-09-11,1.7658688107774867,3.433709026218387
2023-09-12,1.7769426080892774,3.4515240757467627
2023-09-13,1.7737201422372466,3.4654284290384467
2023-09-14,1.7752875307402385,3.4643523642518286
2023-09-15,1.7816907209189226,3.4775950500280244
2023-09-18,1.7753406440273574,3.4670972146301855
2023-09-20,1.7636394057960105,3.43290996475959
2023-09-21,1.759060564488625,3.41234537804141
2023-09-22,1.75952082228986,3.406519729444027
2023-09-25,1.7534300648443448,3.3935100552388255
2023-09-26,1.7541595828410435,3.3928115595368444
2023-09-27,1.7571046918664193,3.408585877132024
2023-09-28,1.7546254081040569,3.386571650861398
2023-09-29,1.7575227450949178,3.400618030292033
2023-10-03,1.7584824588351722,3.3913307599009226
2023-10-04,1.7557812293607398,3.3843783857748515
2023-10-05,1.7679772221688246,3.41334974542259
2023-10-06,1.7711623600387552,3.423694667078673
2023-10-09,1.7653538690671107,3.4076488060945063
2023-10-10,1.775307553835463,3.435776258681104
2023-10-11,1.7780369215683145,3.453870167362836
2023-10-12,1.7737507168392075,3.4420446407872514
2023-10-13,1.766843223603036,3.4288529286023293
2023-10-16,1.7664415884653868,3.420264959045846
2023-10-17,1.7665387518963442,3.4279721525433646
2023-10-18,1.7638676109151552,3.4053429794829686
2023-10-19,1.7630353225913882,3.3896663147035495
2023-10-20,1.751246943055813,3.3667924305650914
2023-10-23,1.7494666189332957,3.3266704796635898
2023-10-25,1.744635689979365,3.2957830618129926
2023-10-26,1.742004478879526,3.257244869265128
2023-10-27,1.7439110105313227,3.2883719515349994
2023-10-30,1.7445874371623915,3.3114363884249625
2023-10-31,1.7418810389702477,3.2949098230944913
2023-11-01,1.740753655302155,3.2827721275086974
2023-11-02,1.7450015899919928,3.3093332538506046
2023-11-03,1.7487292632594413,3.3292638894021014
2023-11-06,1.7503419725839595,3.3531526353199097
2023-11-07,1.7488244560503057,3.3482022135270633
2023-11-08,1.7497968970930213,3.3550034598238354
2023-11-09,1.7452029032915595,3.336155237834641
2023-11-10,1.746888913457286,3.341393788877629
2023-11-13,1.7458029116806904,3.341243016038087
2023-11-15,1.7532348116694874,3.384207346098239
2023-11-16,1.750000149641498,3.3978363439832586
2023-11-17,1.7437925173525877,3.3886271802090016
2023-11-20,1.7453961893555894,3.3874237598242387
2023-11-21,1.7465077208094495,3.3957795092615397
2023-11-22,1.7459036149942457,3.4048780839849724
2023-11-23,1.7436970058316241,3.4030891520663196
2023-11-24,1.7445937735959487,3.397268585027832
2023-11-28,1.747289882992293,3.4011986863369916
2023-11-29,1.761025547847961,3.435699382925049
2023-11-30,1.7602351101065268,3.4358448559434462
2023-12-01,1.770973710693705,3.4702857118740806
2023-12-04,1.8059788751175734,3.5473884591230713
2023-12-05,1.8165535456238775,3.561043401052096
2023-12-06,1.82629370039003,3.589810833004073
2023-12-07,1.8175424952922263,3.5658813904398965
2023-12-08,1.8221668046112942,3.579757222378901
2023-12-11,1.82455674208567,3.5840188444769208
2023-12-12,1.816165434811645,3.567406769694064
2023-12-13,1.8167282904738553,3.568692900369194
2023-12-14,1.83971763370563,3.6162200257505677
2023-12-15,1.8599994700493223,3.6761338734611466
2023-12-18,1.8550317051163365,3.666836689206557
2023-12-19,1.8569103156504978,3.6752235139666376
2023-12-20,1.843566850320231,3.629918765275473
2023-12-21,1.8477641524635573,3.6482156058944075
2023-12-22,1.8511211615297551,3.6637190472918806
2023-12-26,1.8494568543378387,3.6693869328222126
2023-12-27,1.861423556074778,3.7082556051278153
2023-12-28,1.8652654032940492,3.724403158402549
2023-12-29,1.8606947848385993,3.7100757652888023
2024-01-01,1.8625455318863458,3.7093746603970947
2024-01-02,1.8489383381952866,3.688515565513457
2024-01-03,1.8380714291777527,3.6717105022064787
2024-01-04,1.844757258105816,3.6852492956865386
2024-01-05,1.856691364253108,3.707193987885217
2024-01-08,1.8388967884637102,3.6650599713527874
2024-01-09,1.8430574113816292,3.672782996447319
2024-01-10,1.8464704489225883,3.6837683414757785
2024-01-11,1.8459984119035864,3.675713043934188
2024-01-12,1.8782182427883016,3.748796851216156
2024-01-15,1.8957568575022476,3.7912035413563894
2024-01-16,1.8889677716800282,3.7805279267431873
2024-01-17,1.8681764754475876,3.723220718021288
2024-01-18,1.8662594425277035,3.7181016763914045
2024-01-19,1.8770120266643937,3.751692859311652
2024-01-23,1.8538390795515298,3.6794865200467397
2024-01-24,1.8679587652460576,3.7221165173131694
2024-01-25,1.8606177196285312,3.6983275789095367
2024-01-29,1.8780186270908004,3.7442327617512823
2024-01-30,1.867912477057638,3.7161068464683416
2024-01-31,1.8682807243999695,3.7363069612216258
2024-02-01,1.8597119235226462,3.728179574532903
2024-02-02,1.8622183764749092,3.7428483321133665
2024-02-05,1.857174039303177,3.710262259383005
2024-02-06,1.8654865087547032,3.748326996224565
2024-02-07,1.861169430187172,3.74583429266641
2024-02-08,1.8607753185079885,3.7263893889502806
2024-02-09,1.866320005669681,3.739544654124101
2024-02-12,1.8576262219962958,3.703600556490438
2024-02-13,1.8667198636502687,3.726713517154851
2024-02-14,1.874091363857614,3.7376732785626015
2024-02-15,1.8776957830568775,3.7404879330563476
2024-02-16,1.8835436575614888,3.7605065276817697
2024-02-19,1.8899816597438222,3.778817035756721
2024-02-20,1.8869825705250085,3.7825179982231547
2024-02-21,1.8807423045126637,3.7639800603906686
2024-02-22,1.8935643845538592,3.7920950854338193
2024-02-23,1.8911494686160384,3.784871914123455
2024-02-26,1.883935341736355,3.77606747124559
2024-02-27,1.8893050759705432,3.7951126313442805
2024-02-28,1.8820186370886398,3.775359816276765
2024-02-29,1.8831970415878712,3.7742193245856006
2024-03-01,1.89951032109959,3.8296252610942227
2024-03-04,1.9019259468795784,3.8364719452688254
2024-03-05,1.9050911265307975,3.8299332413608638
2024-03-06,1.9106079032068433,3.8549061295294162
2024-03-07,1.9129198444644702,3.866448413659748
2024-03-11,1.9100425258733984,3.8320652067082994
2024-03-12,1.9119594702249023,3.838702124634136
2024-03-13,1.9012559039111212,3.8059582238337066
2024-03-14,1.9075278520597974,3.833481049170705
2024-03-15,1.9060179306282223,3.8188702102499215
2024-03-18,1.907287625039855,3.8074917054464876
2024-03-19,1.89956585823384,3.75790058758471
2024-03-20,1.9059469743165365,3.765935272717219
2024-03-21,1.9100025572037493,3.7821357080885125
2024-03-22,1.920866356427942,3.7894377131613726
2024-03-26,1.916701183287239,3.763181440902801
2024-03-27,1.9274307959631949,3.7790334093907725
2024-03-28,1.9318707375256723,3.810893760641316
2024-04-01,1.9330258922807506,3.8312902856051885
2024-04-02,1.9299364574807296,3.8190310635493185
2024-04-03,1.9290743776987032,3.821058017299919
2024-04-04,1.9209194887931327,3.825663464046644
2024-04-05,1.9243453942025848,3.8246686399695684
2024-04-08,1.9311953405634665,3.8452958286967993
2024-04-09,1.9250839192969798,3.841561829116012
2024-04-10,1.9365449560333183,3.871476345330681
2024-04-12,1.9220009401526206,3.831912216569337
2024-04-15,1.9105966686328897,3.7829132280082933
2024-04-16,1.9065906356182125,3.75565562311495
2024-04-18,1.9001568730031542,3.7531510004966453
2024-04-19,1.9045066753188367,3.776857091064626
2024-04-22,1.9112100892760984,3.813730420503782
2024-04-23,1.9122151732847918,3.835549254566329
2024-04-24,1.914068251548146,3.8293388107332973
2024-04-25,1.9246724353103897,3.8666513499676647
2024-04-26,1.9193682803044234,3.8437748270632577
2024-04-29,1.9294581413202987,3.8924311224598336
2024-04-30,1.9244688305024393,3.869579589358664
2024-05-02,1.9253374810217527,3.870784337904568
2024-05-03,1.919180405045885,3.8365557960875982
2024-05-06,1.9127273215146166,3.837411248119056
2024-05-07,1.906193863038305,3.853242416957133
2024-05-08,1.9082648520054666,3.851069040097193
2024-05-09,1.8906036717107104,3.7950631351039537
2024-05-10,1.8939346406989281,3.8058450501668015
2024-05-13,1.8931518936345475,3.8103173284058465
2024-05-14,1.8931593811518042,3.820009865033488
2024-05-15,1.8924451722766398,3.817346854137255
2024-05-16,1.8942612194258006,3.8572394461476716
2024-05-17,1.8925854923789407,3.853961519475367
2024-05-21,1.8918268291961917,3.8472883094740453
2024-05-22,1.8948583855096386,3.8689252542371215
2024-05-23,1.9068479013049096,3.9350991252759893
2024-05-24,1.902168074798159,3.9328852584434357
2024-05-27,1.9014814889431202,3.934976540176826
2024-05-28,1.8980501545670858,3.9254177858510135
2024-05-29,1.8899372333496736,3.892161732240084
2024-05-30,1.8824558028352552,3.8719564138229687
2024-05-31,1.8789659147504727,3.871227043971857
2024-06-03,1.9206852655463813,3.991985900083978
2024-06-04,1.8504926432251234,3.782266644359602
2024-06-05,1.885294130496752,3.882971316427061
2024-06-06,1.9007730548089086,3.934676831012845
2024-06-07,1.9179964865937962,4.010919798909151
2024-06-10,1.9145846209878645,3.9949236967138133
2024-06-11,1.9171445481144507,3.991442997193573
2024-06-12,1.918285714809907,3.9945578465397436
2024-06-13,1.9181458060406638,3.998074482575577
2024-06-14,1.9188198500369484,3.9948816347068434
2024-06-18,1.9207820641833515,4.0074474982222235
2024-06-19,1.9132752453153683,3.996973182290989
2024-06-20,1.9157663604934592,4.004638171253429
2024-06-21,1.9117335563313742,3.9960411122849204
2024-06-24,1.9091934978493639,3.99989423443238
2024-06-25,1.9261587121243786,4.036340050668644
2024-06-26,1.9386340097080192,4.077644596257322
2024-06-27,1.9434796618345622,4.1022593247268055
2024-06-28,1.9435698612169123,4.089815349621708
2024-07-01,1.9498780680948202,4.118073527405713
2024-07-02,1.9475047650111648,4.117530861865628
2024-07-03,1.9511803714224534,4.135952524920799
2024-07-04,1.9607384206101757,4.1434650443102425
2024-07-05,1.973127764836394,4.163303329364653
2024-07-08,1.9780099727854024,4.182076761232302
2024-07-09,1.9811478447191184,4.1976128212326165
2024-07-10,1.9725882503142302,4.178518088626742
2024-07-11,1.9727604146856756,4.182411738168481
2024-07-12,1.9972585633654167,4.233558391242341
2024-07-15,2.000495173475159,4.2457625114103665
2024-07-16,2.0088111599525336,4.268172072697416
2024-07-18,2.021001796677694,4.3209455019888345
2024-07-19,2.014019288532827,4.3063302974860935
2024-07-22,2.0068848041084393,4.293874323911932
2024-07-23,1.9972176455160155,4.2955168301277995
2024-07-24,1.9981458137491466,4.275054709311152
2024-07-25,2.0024603142956887,4.271649274399555
2024-07-26,2.0160888705911013,4.343966507496071
2024-07-29,2.0200337863177213,4.34425393701718
2024-07-30,2.0147939851446246,4.333656294287182
2024-07-31,2.0186908356242794,4.3500251672221
2024-08-01,2.020079027075958,4.350160791926941
2024-08-02,2.006713345656323,4.295792052952319
2024-08-05,1.988911119599276,4.19032161469375
2024-08-06,1.9923457087176044,4.186174716472852
2024-08-07,2.00007587876893,4.226201159410454
2024-08-08,1.9939730103767106,4.202514649770388
2024-08-09,2.0037701744364305,4.246272722611302
2024-08-12,2.0037587189633927,4.237503922933942
2024-08-13,2.0019309794662634,4.207399395880088
2024-08-14,2.0056945919162907,4.22605146000547
2024-08-16,2.019566409865308,4.290627954404375
2024-08-19,2.0174068527705247,4.29118790919287
2024-08-20,2.014953185064843,4.299849525464277
2024-08-21,2.0225020962891245,4.31516089494497
2024-08-22,2.0265982288163658,4.329514589254155
2024-08-23,2.0290779287659233,4.332036247164131
2024-08-26,2.031822955567135,4.3579759754791985
2024-08-27,2.035651708261657,4.361238044233719
2024-08-28,2.0443216665116273,4.370624916901535
2024-08-29,2.0451279168893346,4.391112561932819
2024-08-30,2.046089645107311,4.402147613086769
2024-09-02,2.0496980262205935,4.408184118900077
2024-09-03,2.047351232653276,4.408747561643894
2024-09-04,2.0432268495263073,4.396015166618616
2024-09-05,2.0408160908977515,4.390349179483174
2024-09-06,2.020604348177637,4.325174149873333
2024-09-09,2.0350029810681343,4.357917591456682
2024-09-10,2.0450684808172603,4.378583567502107
2024-09-11,2.038507444070641,4.356675733906611
2024-09-12,2.073463087201758,4.442237395930438
2024-09-13,2.0656632164974478,4.427274899865345
2024-09-16,2.0655987444280157,4.4241697140472205
2024-09-17,2.070507681367347,4.433191378462457
2024-09-18,2.063190871342846,4.423102847580705
2024-09-19,2.065765061753827,4.427059195894715
2024-09-20,2.0993183261671184,4.494342379110304
2024-09-23,2.1072275905838795,4.522860125734094
2024-09-24,2.1023452609314432,4.510350317934548
2024-09-25,2.1062395700614185,4.516020925702076
2024-09-26,2.1126630058825047,4.537334131554202
2024-09-27,2.106271761705219,4.5148897218476485
2024-09-30,2.0857132560724208,4.448076225225014
2024-10-01,2.086356665374498,4.44511631096447
2024-10-03,2.0820557868541285,4.366851706441735
2024-10-04,2.080622156499371,4.334026211907717
2024-10-07,2.0812010368884395,4.31401745454089
2024-10-08,2.079904257436479,4.342100947211755
2024-10-09,2.0774958572613262,4.321021037407227
2024-10-10,2.076318166376655,4.31195177013232
2024-10-11,2.0750433544483813,4.305541103186717
2024-10-14,2.077976209786554,4.345011833975015
2024-10-15,2.0841085726749613,4.346441233329003
2024-10-16,2.080107772612986,4.3360648888053595
2024-10-17,2.077641945274806,4.327220086986234
2024-10-18,2.0754886327824575,4.326335667943204
2024-10-21,2.0663392690974494,4.316165169075295
2024-10-22,2.0606735906850018,4.275322458697155
2024-10-23,2.056860935880003,4.268418760594722
2024-10-24,2.0470027650122304,4.237177641258989
2024-10-25,2.043421922287804,4.222203705497194
2024-10-28,2.0552321261369384,4.255593576104619
2024-10-29,2.065710729406999,4.285909686343225
2024-10-30,2.054020412201674,4.270535829395791
2024-10-31,2.040605725847433,4.251146981178606
2024-11-01,2.042418989658745,4.260928839199474
2024-11-04,2.038983586503699,4.221998344613608
2024-11-05,2.0462019172944403,4.240807256423645
2024-11-06,2.058000119881898,4.297299072496946
2024-11-07,2.052909240524027,4.2664579619238685
2024-11-08,2.052872803909929,4.258093977955835
2024-11-11,2.056870270862085,4.265436283887882
2024-11-12,2.04389582713854,4.231622093307341
2024-11-13,2.034750089209432,4.188958867310658
2024-11-14,2.03466947134816,4.1735332825646365
2024-11-18,2.030866868863481,4.1584379882163045
2024-11-19,2.034225110074256,4.150301262443999
2024-11-21,2.0344808793405926,4.121790878014022
2024-11-22,2.0504807144799875,4.250241072609042
2024-11-25,2.062393347522597,4.320569382191904
2024-11-26,2.0614207909976607,4.329187286052367
2024-11-27,2.060301641842644,4.329717712367604
2024-11-28,2.052062085559186,4.276596512841362
2024-11-29,2.0653832792140174,4.324712008682365
2024-12-02,2.0666012306924655,4.33778379981898
2024-12-03,2.0701890680771435,4.363562752611245
2024-12-04,2.074609287678892,4.359231044699307
2024-12-05,2.091448601158678,4.4151911360186515
2024-12-06,2.0873671020212545,4.401990898397788
2024-12-09,2.0875192754647207,4.385758065911286
2024-12-10,2.0868606017144904,4.383729167774188
2024-12-11,2.087789021666639,4.383459939358436
2024-12-12,2.090308103461534,4.365183412695701
2024-12-13,2.107564955355883,4.425036704670885
2024-12-16,2.0991290937191116,4.401406665371844
2024-12-17,2.07679281312616,4.345535943676491
2024-12-18,2.064957571147796,4.323675655778886
2024-12-19,2.0478480958976792,4.276477944860967
2024-12-20,2.0254516867836756,4.214522397005542
2024-12-23,2.0337949519649485,4.247433841476747
2024-12-24,2.030181407023952,4.2434141379232475
2024-12-26,2.0282159503097223,4.239489490792317
2024-12-27,2.0270539427114613,4.241734068177874
2024-12-30,2.0168151557134246,4.212270082004164
2024-12-31,2.011579995881349,4.206299438770861
2025-01-01,2.016658236057551,4.221250651030551
2025-01-02,2.0324885856554613,4.283048323231013
2025-01-03,2.020785584928893,4.241987012395083
2025-01-06,2.0081294727276293,4.177330475017425
2025-01-07,2.005664885707685,4.190217287841594
2025-01-08,2.0110490716777156,4.200149315543553
2025-01-09,2.00694429758992,4.173780596932161
2025-01-10,2.0168069421094175,4.186991987611345
2025-01-13,2.010697505988065,4.149434096676468
2025-01-14,2.0027624171726055,4.141120793411512
2025-01-15,2.003533574011181,4.1589196309480245
2025-01-16,1.999108038411429,4.165239153848854
2025-01-17,2.0032698677508014,4.146774905025498
2025-01-20,2.001383277441518,4.159426067502661
2025-01-21,1.9990843432462218,4.105930985607548
2025-01-22,1.9997307476542343,4.135057833949645
2025-01-23,1.9999022160937248,4.126212132979312
2025-01-24,2.0056108772167835,4.127765147706633
2025-01-27,2.001880052464474,4.09817257399389
2025-01-28,2.001298633521207,4.111204854152458
2025-01-29,1.9986745618984796,4.132705181411411
2025-01-30,2.005786509700145,4.154965144329424
2025-01-31,2.009020438261648,4.206365294426752
2025-02-01,2.011674932711888,4.196616808042203
2025-02-03,2.010135779563036,4.155905512890205
2025-02-04,2.01082144130347,4.2277916610686255
2025-02-05,2.010700413199025,4.1985228245774415
2025-02-06,2.005771899433648,4.17443827122474
2025-02-07,2.010299454048253,4.146901515621818
2025-02-10,2.0078155962182604,4.134978678983013
2025-02-11,2.0060774154969065,4.083494887703144
2025-02-12,2.0071270068958205,4.08017924632805
2025-02-13,2.004270776755584,4.060736153236585
2025-02-14,2.005549039761323,4.0638098407088945
2025-02-17,2.006688240472191,4.0542718705864615
2025-02-18,2.0071085827075663,4.040017808265761
2025-02-19,2.0061343472922104,4.024653807924178
2025-02-20,2.0012061452274392,4.012258642580885
2025-02-21,1.9980120256873746,4.002229372913377
2025-02-24,1.9882248513981027,3.9481853492239054
2025-02-25,1.990198299450544,3.9527723059947695
2025-02-27,1.9917110986676412,3.945525147889387
2025-02-28,1.9837864571169115,3.864070304313406
2025-03-03,1.9830575872610312,3.868512862272508
2025-03-04,1.9823756319226775,3.870904504985438
2025-03-05,1.9836491982329265,3.913431928923055
2025-03-06,1.9846776671828006,3.9476193001160356
2025-03-07,1.9802280727536887,3.948477313431417
2025-03-10,1.980276985389795,3.9444739542652574
2025-03-11,1.985256815155088,3.95216560509433
2025-03-12,1.9850256747679051,3.9294082529606236
2025-03-13,1.9859990785716015,3.921029279444703
2025-03-17,1.9890097327485492,3.9188633288228605
2025-03-18,1.9890097327485492,3.919968045780367
2025-03-19,1.9997379322377677,3.9718797439824223
2025-03-20,2.0060929628502584,4.033060689311977
2025-03-21,2.007410237606007,4.0551053574349805
2025-03-24,2.0221791992861027,4.108630460685486
2025-03-25,2.0199431159995798,4.115186778833215
2025-03-26,2.014031366601696,4.082875740381872
2025-03-27,2.019127817552792,4.101560549939224
2025-03-28,2.0182090639615495,4.094772790577205
2025-04-01,2.0003539930540106,4.030936290508503
2025-04-02,2.009003473620629,4.056943270367257
2025-04-03,2.007994652753499,4.026299735193846
2025-04-04,1.991585350947286,3.9693503588979713
2025-04-07,1.9479555762561989,3.8616535514365276
2025-04-08,1.969287139259743,3.9280546644798853
2025-04-09,1.9555031237046057,3.9021252685307717
2025-04-11,1.9790095740600715,3.9564176436841416
2025-04-15,2.010912177907118,4.02503051157843
2025-04-16,2.0161062265028575,4.039704825823613
2025-04-17,2.0476841989835033,4.112003691442831
2025-04-21,2.057906677934939,4.1405386228934695
2025-04-22,2.059934023979524,4.1517143557791085
2025-04-23,2.0656914558275417,4.185701480311026
2025-04-24,2.0496730079954877,4.150031725710811
2025-04-25,2.044591823228135,4.138765999498777
2025-04-28,2.051337276482518,4.18582086680738
2025-04-29,2.052540825905707,4.196151251437634
2025-04-30,2.0559604993327905,4.201810079704391
2025-05-02,2.0568122594613643,4.204898913676386
2025-05-05,2.0678459424800733,4.22734412824114
2025-05-06,2.0642388451596494,4.229844791599701
2025-05-07,2.0593851880374303,4.219191862906748
2025-05-08,2.054590319833124,4.205364104852383
2025-05-09,2.0437957606781634,4.176268429186451
2025-05-12,2.1038568820371815,4.337105485073115
2025-05-13,2.081549723764836,4.2639392564860366
2025-05-14,2.0827143772070005,4.275979749836316
2025-05-15,2.1016262671879953,4.32803210342866
2025-05-16,2.097367338892848,4.306930013824226
2025-05-19,2.0887067421159227,4.290381646010626
2025-05-20,2.073144604457306,4.255754230161921
2025-05-21,2.082247334604825,4.275995563493796
2025-05-22,2.069901497082768,4.239911528367968
2025-05-23,2.083802230949691,4.283788862185434
2025-05-26,2.094523622601242,4.3223184281054
2025-05-27,2.0844725788265075,4.2900864928214775
2025-05-28,2.0860659148153613,4.277543238428665
2025-05-29,2.088719287182402,4.28710410844202
2025-05-30,2.085756317208848,4.282926155248942
2025-06-02,2.084444954230812,4.281490272459457
2025-06-03,2.077901763912252,4.2501997313913815
2025-06-04,2.0805666495834756,4.262755431979781
2025-06-05,2.0837448371942036,4.283658778367525
2025-06-06,2.085961054824687,4.30391068865393
2025-06-09,2.091026072518344,4.31334055729385
2025-06-10,2.0918966171279085,4.316300324069665
2025-06-11,2.0977817861347785,4.325223332536064
2025-06-12,2.086779802268645,4.277849701257593
2025-06-13,2.080319925186033,4.245265580035242
2025-06-16,2.084196619036735,4.283135268620773
2025-06-17,2.084886193169959,4.2823915126115
2025-06-18,2.0825335646362295,4.262807191916724
2025-06-19,2.0804953750674464,4.257230445381078
2025-06-20,2.091127558754832,4.310051781153846
2025-06-23,2.0787405988553727,4.2628598715997486
2025-06-24,2.0801613379122994,4.266927577826556
2025-06-25,2.088988481220173,4.308652085779464
2025-06-26,2.094524217387108,4.34814487985963
2025-06-27,2.0968033555390333,4.370160058390885
2025-06-30,2.0993513030121354,4.357649405393965
2025-07-01,2.099816478543538,4.361654143208257
2025-07-02,2.093083854252265,4.342865737799543
2025-07-03,2.09160521797545,4.335438660996596
2025-07-04,2.0968828688252565,4.359616314176709
2025-07-07,2.0970815188166276,4.372813081541686
2025-07-08,2.100641624267382,4.382395200422466
2025-07-09,2.0969828917898345,4.373552695725081
2025-07-10,2.0874214272280285,4.344966912071475
2025-07-11,2.0749948302384276,4.319391397249652
2025-07-14,2.0697193084009555,4.30047110362822
2025-07-15,2.075485977348272,4.325485198106212
2025-07-16,2.0789674794993087,4.338715702373486
2025-07-17,2.0746628279825434,4.3132443229642945
2025-07-18,2.0653357791072464,4.291763007285663
2025-07-21,2.062305889827759,4.294771839093772
2025-07-22,2.0593824240868073,4.278651742341376
2025-07-23,2.065857656571121,4.301508435932418
2025-07-24,2.0585534326705637,4.268482099954141
2025-07-25,2.0519195608060135,4.236321915241895
2025-07-28,2.046508506041955,4.218812583647997
2025-07-29,2.0566531130911496,4.2430411336517295
2025-07-30,2.057886097550849,4.263247804674476
2025-07-31,2.060931420323156,4.259323554077491
2025-08-01,2.057733222611579,4.236814489094805
2025-08-04,2.0571160244340616,4.260388066512913
2025-08-05,2.053745089253301,4.243296680666227
2025-08-06,2.053704262528191,4.230901967331476
2025-08-07,2.052515920537967,4.231769772695511
2025-08-08,2.048329779709457,4.193061449798798
2025-08-11,2.0518817492182353,4.228105857456586
2025-08-12,2.047967420655426,4.20727445762638
2025-08-13,2.0491485650808996,4.21569765660336
2025-08-14,2.047968723793043,4.218349378468881
2025-08-18,2.0539064234655764,4.230083139691327
2025-08-19,2.0558362960008134,4.25332496487253
2025-08-20,2.05897269838336,4.285538567631615
2025-08-21,2.060671409366394,4.292035718119337
2025-08-22,2.054680286054253,4.2527188007425165
2025-08-25,2.0552682294127362,4.279290979475303
2025-08-26,2.050847364002284,4.260332961434711
2025-08-28,2.0385610366751052,4.217004221356005
2025-08-29,2.032168914497021,4.212376181839336
2025-09-01,2.038516391208218,4.225789177764504
2025-09-02,2.0410308662937866,4.220089101329376
2025-09-03,2.038895291379672,4.229747276851907
2025-09-04,2.0342629218087778,4.2277694472805285
2025-09-05,2.026097608796942,4.204338286118713
2025-09-08,2.0222939971794553,4.194377889224224
2025-09-09,2.0354648392361248,4.225010464293077
2025-09-10,2.043471193090284,4.252687481507446
2025-09-11,2.0422858063175746,4.255416207286214
2025-09-12,2.046765495441008,4.263806143174643
2025-09-15,2.043684423280022,4.258547165637306
2025-09-16,2.0471654742926426,4.287864367167597
2025-09-17,2.0570849011253434,4.306284741315261
2025-09-18,2.0606684698567324,4.3215602019835
2025-09-19,2.0586819860748675,4.309812230855668
2025-09-22,2.0457128161677782,4.268591744611861
2025-09-23,2.042342180869494,4.254047762610451
2025-09-24,2.042719962190096,4.24146938908084
2025-09-25,2.039472973915073,4.214192491705847
2025-09-26,2.0391094499760465,4.194715934866213
2025-09-29,2.037485542854067,4.188432679862061
2025-09-30,2.035055866666355,4.174054726234656
2025-10-01,2.0343309823697333,4.196788569139516
2025-10-03,2.0424327903074535,4.206869568886898
2025-10-06,2.0446761252438157,4.235528430207754
2025-10-07,2.0428932548163115,4.234565627538874
2025-10-08,2.0415227110602716,4.241205480573625
2025-10-09,2.0458665320335583,4.263637623507828
2025-10-10,2.0517690268416167,4.280096491589954
2025-10-13,2.0493605001208333,4.259832288138742
2025-10-14,2.046437337660498,4.24550115712949
2025-10-15,2.055614731233773,4.271743358379704
2025-10-16,2.060660112525829,4.307975746847101
2025-10-17,2.066346733406972,4.33583788546285
2025-10-20,2.0764371779314255,4.371672489633189
2025-10-21,2.0783317356683355,4.372412024851843
2025-10-23,2.0810359371704923,4.39096400336478
2025-10-24,2.069301621527121,4.374261960693367
2025-10-27,2.076715765016582,4.409869247335697
2025-10-28,2.077355068813631,4.406972129646734
2025-10-29,2.0841391067797312,4.426677253588826
2025-10-30,2.0716562011676305,4.394351091062793
2025-10-31,2.06962407482178,4.387811461965275
2025-11-03,2.069524645075847,4.382047799226058
2025-11-04,2.0629115556068407,4.3610894406283
2025-11-06,2.0609463181399166,4.354571402378522
2025-11-07,2.0455526985564663,4.326737160704674
2025-11-10,2.0557690393558743,4.354787836640044
2025-11-11,2.0669414087025464,4.385139472931271
2025-11-12,2.0761596117706795,4.416121469270558
2025-11-13,2.0762757742080202,4.4201906646271905
2025-11-14,2.0791066698284855,4.423467338097839
2025-11-17,2.082347392177601,4.435083153439861
2025-11-18,2.0793223058822994,4.422445582669754
2025-11-19,2.0910449623917318,4.464825123217012
2025-11-20,2.0950205276656115,4.479133253914697
2025-11-21,2.0954482331799955,4.471618206630668
2025-11-24,2.0919809441039603,4.45733247152145
2025-11-25,2.084951990853364,4.443878846193355
2025-11-26,2.100567094890371,4.482655246732596
2025-11-27,2.100431463228515,4.48948708769685
2025-11-28,2.101462094317005,4.488299304646535
2025-12-01,2.098782955435655,4.481172690004446
2025-12-02,2.0913109550917977,4.4584219838956205
2025-12-03,2.0930273518564393,4.456572823127652
2025-12-04,2.098060540191165,4.472220649453278
2025-12-05,2.112484516675416,4.482624887078821
2025-12-08,2.103796486234188,4.456540401175383
2025-12-09,2.0961734892920876,4.437563224915876
2025-12-10,2.0882744437250627,4.422241212205551
2025-12-11,2.092981732440294,4.432684691512045
2025-12-12,2.1043420071639956,4.44501226849757
2025-12-15,2.1052618202693956,4.455868459063828
2025-12-16,2.1001588910524607,4.441994249374343
2025-12-17,2.1018440338889355,4.442609398251263
2025-12-18,2.1019091305631616,4.450362770567807
2025-12-19,2.1108831178396974,4.472211371128107
2025-12-22,2.1228667816144062,4.512129661218453
2025-12-23,2.1157779470316167,4.505309736120047
2025-12-24,2.1131764496166094,4.49424362627664
2025-12-26,2.1100997044270686,4.473995253880206
2025-12-29,2.1058135051324376,4.453836687502173
2025-12-30,2.107117243597938,4.451064494231369
2025-12-31,2.109843685395982,4.469261740801843
2026-01-01,2.115105652729604,4.442387050122426
2026-01-02,2.1207512035772735,4.459595355814407
2026-01-05,2.1198950724260337,4.44388451487952
2026-01-06,2.125326341110745,4.440298303819733
2026-01-07,2.1254734761234677,4.4372282341290346
2026-01-08,2.1176283491213224,4.384809642199695
2026-01-09,2.1184165889403226,4.359032830305337
2026-01-12,2.1236185758733233,4.379687882010496
2026-01-13,2.1267886335210022,4.362900425988155
2026-01-14,2.115897435102489,4.333733337632021
2026-01-15,2.115897435102489,4.333733337632021
2026-01-16,2.1191954841861285,4.357701066271991
2026-01-19,2.1158210938433037,4.339231444124976
2026-01-20,2.107527931382771,4.2933369441057
2026-01-21,2.102242360720432,4.2726916143827625
2026-01-22,2.109600956681816,4.293127109235427
2026-01-23,2.1079565971695993,4.274102896908527
2026-01-27,2.115964698089259,4.289949594580427
2026-01-28,2.1157446253368897,4.302325935424835
2026-01-29,2.111337868153979,4.308569383020279
2026-01-30,2.1049693004179066,4.30360674486497
2026-02-02,2.0922787810308114,4.270004423072714
2026-02-03,2.109624814486881,4.359099449267728
2026-02-04,2.0981576427648547,4.320409092489174
2026-02-05,2.0938256764703422,4.290215291288411
2026-02-06,2.0982833854270844,4.3224947223199885
2026-02-09,2.1120397731396254,4.354064257394485
2026-02-10,2.117668387556772,4.360451592709475
2026-02-11,2.121093218824633,4.354916865196254
2026-02-12,2.111206344521588,4.299212153678189
2026-02-13,2.109124582803262,4.239052148672696
2026-02-16,2.1116517380511604,4.274431184630312
2026-02-17,2.1204720216309414,4.29544054748126
2026-02-18,2.1210498886230384,4.309966542121421
2026-02-19,2.1131107374564575,4.253726479913435
2026-02-20,2.1180748457069467,4.271761514972207
2026-02-23,2.11854350615993,4.287346537462045
2026-02-24,2.10793726779328,4.21463567224115
2026-02-25,2.1082744044755586,4.210992865936698
2026-02-26,2.109999551489235,4.218527654673218
2026-02-27,2.1042254619105725,4.1749635205810725
2026-03-02,2.0930704462740364,4.123922661984818
2026-03-04,2.0822850178876173,4.083007620882747
2026-03-05,2.089467319822048,4.109697997100916
2026-03-06,2.0733306261484334,4.054746344205542
2026-03-09,2.0540801182007034,4.000764192229212
2026-03-10,2.063733282302842,4.011187339452196
2026-03-11,2.057096648589049,3.9534072008149166
2026-03-12,2.051519256196345,3.9115434009208605
2026-03-13,2.0424025216174164,3.844792761946775
2026-03-16,2.049191523418309,3.8846972424441564
2026-03-17,2.051350891719672,3.892712337794812
2026-03-18,2.0524290134767136,3.9234653709664946
2026-03-19,2.0420795878116773,3.805212720474852
2026-03-20,2.043851246144129,3.830774539160724
2026-03-23,2.0388092312552484,3.7554569057732192
2026-03-24,2.038591895258119,3.812064988858407
2026-03-25,2.0444853797826332,3.8677660420566324
2026-03-27,2.03656266159396,3.7939213167117383
2026-03-30,2.0285522483786664,3.7146935936342116
2026-04-01,2.036505730749275,3.77673729904778
2026-04-02,2.0366257841427164,3.7951028612924045
2026-04-06,2.040341001393116,3.8266460437821777
2026-04-07,2.044960925220749,3.86750396702864
2026-04-08,2.045999131454249,3.9863207545938146
2026-04-09,2.043780175331887,3.943226576754864
2026-04-10,2.0326715115091822,3.9706670628046896
2026-04-13,2.026039325670964,3.9344878299822525
2026-04-15,2.0373053665431877,3.99367935111468
2026-04-16,2.041229175425993,3.990989205964303
2026-04-17,2.0415161871544063,4.028032085909383
2026-04-20,2.0404215723132078,4.02758811950574
2026-04-21,2.0429589812784186,4.073715047778971
2026-04-22,2.0303858431338613,4.029756102159471
2026-04-23,2.0245687342603857,4.001086745144549
2026-04-24,2.0005068541037083,3.923986912473134
2026-04-27,2.007458636333185,3.959727019669139
2026-04-28,2.004098872840059,3.93997031137297
2026-04-29,2.009237049586195,3.988416248696458
2026-04-30,2.011633089380302,3.9577815127323652
2026-05-01,2.011633089380302,3.9577815127323652
2026-05-04,2.005788743845652,3.963190238143026
2026-05-05,2.0054587493992497,3.94764154604963
2026-05-06,2.006127979237759,3.9719684938235558
2026-05-07,2.003327274988187,3.950551634354144
2026-05-08,2.002643437462638,3.916206169779804
2026-05-11,2.002643437462638,3.8586900479189143
2026-05-12,2.002643437462638,3.787861553090798
2026-05-13,2.002643437462638,3.790983831631381
2026-05-14,2.002643437462638,3.817651824101887
2026-05-15,2.002643437462638,3.822157884800584
2026-05-18,2.002643437462638,3.831695288310069
2026-05-19,2.002643437462638,3.8431242362599303
2026-05-20,2.002643437462638,3.840971707686257
2026-05-21,2.002643437462638,3.828746666787847
2026-05-22,2.002643437462638,3.829555666723033
2026-05-25,2.002643437462638,3.8689369777794425
2026-05-26,2.002643437462638,3.8461374582467194
2026-05-27,2.002643437462638,3.8188186422067103
2026-05-28,2.002643437462638,3.8188186422067103
2026-05-29,2.002643437462638,3.7768506066631247
2026-06-01,2.002643437462638,3.754919204976953
2026-06-02,2.002643437462638,3.80533366055283
2026-06-03,2.002643437462638,3.760176092059054
2026-06-04,2.002643437462638,3.7577458176631815
2026-06-05,2.002643437462638,3.7497279650164006
2026-06-08,2.002643437462638,3.7164545381310776
2026-06-09,2.002643437462638,3.7351170782956546
2026-06-10,2.002643437462638,3.739322986618648
2026-06-11,2.002643437462638,3.7216399635040016
2026-06-12,2.002643437462638,3.7973217862403743
2026-06-15,2.002643437462638,3.824585286250216
2026-06-16,2.002643437462638,3.8607319382414897
2026-06-17,2.002643437462638,3.8820019463436086
2026-06-18,2.002643437462638,3.8830946777113344
2026-06-19,2.002643437462638,3.8335731759277487
2026-06-22,2.002643437462638,3.8482698681129417
2026-06-23,2.002643437462638,3.7910451439388084
2026-06-24,2.002643437462638,3.8297252282608674
2026-06-25,2.002643437462638,3.832429122123905
2026-06-26,2.002643437462638,3.832429122123905
2026-06-29,2.002643437462638,3.8145027291698375
2026-06-30,2.002643437462638,3.7692141754625883
2026-07-01,2.002643437462638,3.781493431693889
2026-07-02,2.002643437462638,3.826948913136939
2026-07-03,2.002643437462638,3.8380550147622983
2026-07-06,2.002643437462638,3.8542334012567667
2026-07-07,2.002643437462638,3.862422236029736
2026-07-08,2.002643437462638,3.7779500910977144
2026-07-09,2.002643437462638,3.7878745790608224
2026-07-10,2.002643437462638,3.8245746816157675
2026-07-13,2.002643437462638,3.8421741637269085
2026-07-14,2.002643437462638,3.8201899720073667
2026-07-15,2.002643437462638,3.8121712936627117
2026-07-16,2.002643437462638,3.817131615669439
2026-07-17,2.002643437462638,3.871569920809505
2026-07-20,2.002643437462638,3.8650765687296254
2026-07-21,2.002643437462638,3.837095533004607
2026-07-22,2.002643437462638,3.804705494750503
2026-07-23,2.002643437462638,3.790874014773966
2026-07-24,2.002643437462638,3.7832007431352777
2026-07-27,2.002643437462638,3.8203333390973935
2026-07-28,2.002643437462638,3.8078518315142555
2026-07-29,2.002643437462638,3.8835338959308463
2026-07-30,2.002643437462638,3.8910324151076923
2026-07-31,2.002643437462638,3.8711078304926887
2026-08-03,2.002643437462638,3.9481751352510632
2026-08-04,2.002643437462638,3.9168724269603077
2026-08-05,2.002643437462638,3.9112528928954466
2026-08-06,2.002643437462638,3.9202784088944203
2026-08-07,2.002643437462638,3.9377919587888703
2026-08-10,2.002643437462638,3.9200144543609143
2026-08-11,2.002643437462638,3.9023370206694934
2026-08-12,2.002643437462638,3.890212908558069
2026-08-13,2.002643437462638,3.8944896583196242
2026-08-14,2.002643437462638,3.892719635726634
2026-08-17,2.002643437462638,3.8621654827466094
2026-08-18,2.002643437462638,3.825809512831729
2026-08-19,2.002643437462638,3.8084411049310103
2026-08-20,2.002643437462638,3.83476997177525
2026-08-21,2.002643437462638,3.8330043184316587
2026-08-24,2.002643437462638,3.8284966041595996
2026-08-25,2.002643437462638,3.8482069135228705
2026-08-26,2.002643437462638,3.814804338394807
2026-08-27,2.002643437462638,3.7852155366406426
2026-08-28,2.002643437462638,3.8136612915489914
2026-08-31,2.002643437462638,3.7859805671795264
2026-09-01,2.002643437462638,3.8156741410440276
2026-09-02,2.002643437462638,3.7871310385003825
2026-09-03,2.002643437462638,3.7748732697976686
2026-09-04,2.002643437462638,3.773108517373579
