day,eq_strat,eq_bh,close
2014-12-22,1.0,1.0,8324.0
2014-12-23,1.0,0.9931523306102835,8267.0
2014-12-24,1.0,0.9819918308505526,8174.1
2014-12-26,1.0,0.985187409899087,8200.7
2014-12-29,1.0,0.99066554541086,8246.3
2014-12-30,1.0,0.9908998077847189,8248.25
2014-12-31,1.0,0.995038443056223,8282.7
2015-01-02,1.0,1.008583613647285,8395.45
2015-01-05,1.0,1.0065353195579048,8378.4
2015-01-06,1.0,0.9763755406054782,8127.35
2015-01-07,1.0,0.9733421432003845,8102.1
2015-01-08,1.0,0.9892599711677079,8234.6
2015-01-09,1.0,0.9952546852474772,8284.5
2015-01-12,1.0,0.9998798654493032,8323.0
2015-01-13,1.0,0.9970446900528591,8299.4
2015-01-14,1.0,0.9944197501201345,8277.55
2015-01-15,1.0,1.0204408938010572,8494.15
2015-01-16,1.0,1.0228015377222488,8513.8
2015-01-19,1.0,1.0272345026429601,8550.7
2015-01-20,1.0,1.0446419990389237,8695.6
2015-01-21,1.0,1.0487145603075445,8729.5
2015-01-22,1.0,1.0525468524747716,8761.4
2015-01-23,1.0,1.0614608361364728,8835.6
2015-01-27,1.0,1.0704589139836618,8910.5
2015-01-28,1.0,1.0709154252763093,8914.3
2015-01-29,1.0,1.075486544930322,8952.35
2015-01-30,1.0,1.0582532436328689,8808.9
2015-02-02,1.0,1.056871696299856,8797.4
2015-02-03,1.0,1.0519641999038922,8756.55
2015-02-04,1.0,1.0480177799135033,8723.7
2015-02-05,1.0,1.0465761653051417,8711.7
2015-02-06,1.0,1.0404913503123498,8661.05
2015-02-09,1.0,1.0243092263334936,8526.35
2015-02-10,1.0,1.0290185007208072,8565.55
2015-02-11,1.0,1.036448822681403,8627.4
2015-02-12,1.0,1.0465581451225372,8711.55
2015-02-13,1.0,1.0578447861604998,8805.5
2015-02-16,1.0,1.0583073041806823,8809.35
2015-02-18,1.0,1.065485343584815,8869.1
2015-02-19,1.0,1.0686328688130706,8895.3
2015-02-20,1.0,1.0612205670350794,8833.6
2015-02-23,1.0,1.0517719846227775,8754.95
2015-02-24,1.0,1.0526309466602595,8762.1
2015-02-25,1.0,1.053249639596348,8767.25
2015-02-26,1.0,1.0432304180682366,8683.85
2015-02-27,1.0,1.062542047092744,8844.6
2015-03-02,1.0,1.0760151369533877,8956.75
2015-03-03,1.0,1.0807604517059106,8996.25
2015-03-04,1.0,1.0719185487746274,8922.65
2015-03-05,1.0,1.073732580490149,8937.75
2015-03-09,1.0,1.0519882268140317,8756.75
2015-03-10,1.0,1.0466182123978856,8712.05
2015-03-11,1.0,1.0451645843344546,8699.95
2015-03-12,1.0,1.0543008169149448,8776.0
2015-03-13,1.0,1.0388935607880827,8647.75
2015-03-16,1.0,1.0371395963479095,8633.15
2015-03-17,1.0,1.0479697260932244,8723.3
2015-03-18,1.0,1.0434766938971647,8685.9
2015-03-19,1.0,1.0373197981739548,8634.65
2015-03-20,1.0,1.029661220567035,8570.9
2015-03-23,1.0,1.0272585295530994,8550.9
2015-03-24,1.0,1.0263034598750602,8542.95
2015-03-25,1.0,1.024843825084094,8530.8
2015-03-26,1.0,1.0021804420951466,8342.15
2015-03-27,1.0,1.002090341182124,8341.4
2015-03-30,1.0,1.020218644882268,8492.3
2015-03-31,1.0,1.0200624699663623,8491.0
2015-04-01,1.0,1.0315052859202307,8586.25
2015-04-06,1.0,1.0403531955790486,8659.9
2015-04-07,1.0,1.040401249399327,8660.3
2015-04-08,1.0,1.046900528592023,8714.4
2015-04-09,1.0,1.0545771263815473,8778.3
2015-04-10,1.0,1.0548234022104759,8780.35
2015-04-13,1.0,1.061268620855358,8834.0
2015-04-16,1.0,1.045975492551658,8706.7
2015-04-17,1.0,1.033877943296492,8606.0
2015-04-20,1.0,1.0149086977414705,8448.1
2015-04-21,1.0,1.0064572320999519,8377.75
2015-04-22,1.0,1.0126982220086498,8429.7
2015-04-23,1.0,1.0089259971167708,8398.3
2015-04-24,1.0,0.9977474771744353,8305.25
2015-04-27,1.0,0.9867611725132147,8213.8
2015-04-28,1.0,0.9953868332532437,8285.6
2015-04-29,1.0,0.9898786641037962,8239.75
2015-04-30,1.0,0.9828808265257087,8181.5
2015-05-04,1.0,1.0009550696780396,8331.95
2015-05-05,1.0,1.0000961076405572,8324.8
2015-05-06,1.0,0.9727294569918309,8097.0
2015-05-07,1.0,0.9679601153291687,8057.3
2015-05-08,1.0,0.9840821720326766,8191.5
2015-05-11,1.0,1.0001501681883709,8325.25
2015-05-12,1.0,0.9763274867851994,8126.95
2015-05-13,1.0,0.9893620855358002,8235.45
2015-05-14,1.0,0.9880105718404614,8224.2
2015-05-15,1.0,0.9925937049495436,8262.35
2015-05-18,1.0,1.0059646804420952,8373.65
2015-05-19,1.0,1.005003604036521,8365.65
2015-05-20,1.0,1.0119233541566555,8423.25
2015-05-21,1.0,1.0116530514175877,8421.0
2015-05-22,1.0,1.0162121576165306,8458.95
2015-05-25,1.0,1.0055562229697261,8370.25
2015-05-26,1.0,1.0018440653531957,8339.35
2015-05-27,1.0,1.001273426237386,8334.6
2015-05-28,1.0,0.9993993272465161,8319.0
2015-05-29,1.0,1.013172753483902,8433.65
2015-06-01,1.0,1.0131427198462277,8433.4
2015-06-02,1.0,0.989482220086497,8236.45
2015-06-03,1.0,0.9773065833733783,8135.1
2015-06-04,1.0,0.9767719846227775,8130.65
2015-06-05,1.0,0.9748558385391638,8114.7
2015-06-08,1.0,0.966380345987506,8044.15
2015-06-09,1.0,0.963767419509851,8022.4
2015-06-10,1.0,0.9760271504084574,8124.45
2015-06-11,1.0,0.9569137433925997,7965.35
2015-06-12,1.0,0.9590221047573282,7982.9
2015-06-15,1.0,0.9627462758289284,8013.9
2015-06-16,1.0,0.9667587698222009,8047.3
2015-06-17,1.0,0.9720747236905334,8091.55
2015-06-18,1.0,0.9820518981259011,8174.6
2015-06-19,1.0,0.988100672753484,8224.95
2015-06-22,1.0,1.0034959154252763,8353.1
2015-06-23,1.0,1.0069137433925996,8381.55
2015-06-24,1.0,1.0044269581931764,8360.85
2015-06-25,1.0,1.0088899567515617,8398.0
2015-06-26,1.0,1.0068596828447862,8381.1
2015-06-29,1.0,0.999327246516098,8318.4
2015-06-30,1.0,1.0053459875060067,8368.5
2015-07-01,1.0,1.0155033637674193,8453.05
2015-07-02,1.0,1.0145242671792407,8444.9
2015-07-03,1.0,1.019329649207112,8484.9
2015-07-06,1.0,1.023804661220567,8522.15
2015-07-07,1.0,1.0224411340701585,8510.8
2015-07-08,1.0,1.0046912542047093,8363.05
2015-07-09,1.0,1.0005466122056703,8328.55
2015-07-10,1.0,1.0043909178279673,8360.55
2015-07-13,1.0,1.0162962518020182,8459.65
2015-07-14,1.0,1.0156295050456512,8454.1
2015-07-15,1.0,1.0240028832292167,8523.8
2015-07-16,1.0,1.0341242191254203,8608.05
2015-07-17,1.0,1.0343404613166747,8609.85
2015-07-20,1.0,1.0335716001922153,8603.45
2015-07-21,1.0,1.0246816434406536,8529.45
2015-07-22,1.0,1.0371816434406536,8633.5
2015-07-23,1.0,1.031931763575204,8589.8
2015-07-24,1.0,1.023732580490149,8521.55
2015-07-27,1.0,1.004444978375781,8361.0
2015-07-28,1.0,1.001561749159058,8337.0
2015-07-29,1.0,1.0061328688130706,8375.05
2015-07-30,1.0,1.011749159058145,8421.8
2015-07-31,1.0,1.0250901009130227,8532.85
2015-08-03,1.0,1.0263154733301296,8543.05
2015-08-04,1.0,1.023173954829409,8516.9
2015-08-05,1.0,1.0293068236424796,8567.95
2015-08-06,1.0,1.0317936088419029,8588.65
2015-08-07,1.0,1.0289043728976455,8564.6
2015-08-10,1.0,1.0242191254204709,8525.6
2015-08-11,1.0,1.0166206150888997,8462.35
2015-08-12,1.0,1.0030574243152333,8349.45
2015-08-13,1.0,1.0038262854396924,8355.85
2015-08-14,1.0,1.0233721768380586,8518.55
2015-08-17,1.0,1.0184166266218164,8477.3
2015-08-18,1.0,1.017125180201826,8466.55
2015-08-19,1.0,1.0205610283517539,8495.15
2015-08-20,1.0,1.0058565593464681,8372.75
2015-08-21,1.0,0.9971107640557425,8299.95
2015-08-24,1.0,0.9381307063911581,7809.0
2015-08-25,1.0,0.9467443536761172,7880.7
2015-08-26,1.0,0.9360703988467084,7791.85
2015-08-27,1.0,0.9549435367611725,7948.95
2015-08-28,1.0,0.9613106679481018,8001.95
2015-08-31,1.0,0.9576285439692456,7971.3
2015-09-01,1.0,0.9353495915425277,7785.85
2015-09-02,1.0,0.9270783277270543,7717.0
2015-09-03,1.0,0.939812590100913,7823.0
2015-09-04,1.0,0.9196359923113888,7655.05
2015-09-07,1.0,0.9080730418068237,7558.8
2015-09-08,1.0,0.9236244593945219,7688.25
2015-09-09,1.0,0.9392839980778472,7818.6
2015-09-10,1.0,0.9356198942815954,7788.1
2015-09-11,1.0,0.9357640557424316,7789.3
2015-09-14,1.0,0.9457292167227295,7872.25
2015-09-15,1.0,0.9405454108601634,7829.1
2015-09-16,1.0,0.9489608361364728,7899.15
2015-09-18,1.0,0.9589019702066314,7981.9
2015-09-21,1.0,0.9583253243632869,7977.1
2015-09-22,1.0,0.9384911100432485,7812.0
2015-09-23,1.0,0.9425696780394041,7845.95
2015-09-24,1.0,0.9452787121576165,7868.5
2015-09-28,1.0,0.9365329168668909,7795.7
2015-09-29,1.0,0.9422513214800576,7843.3
2015-09-30,1.0,0.9549375300336377,7948.9
2015-10-01,1.0,0.9551777991350312,7950.9
2015-10-05,1.0,0.975408457472369,8119.3
2015-10-06,1.0,0.9794449783757808,8152.9
2015-10-07,1.0,0.982388274867852,8177.4
2015-10-08,1.0,0.9766158097068718,8129.35
2015-10-09,1.0,0.9838659298414224,8189.7
2015-10-12,1.0,0.9783277270543008,8143.6
2015-10-13,1.0,0.9768981259010091,8131.7
2015-10-14,1.0,0.9740389235944257,8107.9
2015-10-15,1.0,0.9826405574243152,8179.5
2015-10-16,1.0,0.9896864488226813,8238.15
2015-10-19,1.0,0.9941194137433925,8275.05
2015-10-20,1.0,0.9925096107640557,8261.65
2015-10-21,1.0,0.9913142719846229,8251.7
2015-10-23,1.0,0.996570158577607,8295.45
2015-10-26,1.0,0.9923774627582892,8260.55
2015-10-27,1.0,0.9890557424315233,8232.9
2015-10-28,1.0,0.9816434406535319,8171.2
2015-10-29,1.0,0.9745014416146084,8111.75
2015-10-30,1.0,0.9689812590100914,8065.8
2015-11-02,1.0,0.9671792407496396,8050.8
2015-11-03,1.0,0.9683685728015377,8060.7
2015-11-04,1.0,0.9659058145122537,8040.2
2015-11-05,1.0,0.9557244113407015,7955.45
2015-11-06,1.0,0.9555862566074003,7954.3
2015-11-09,1.0,0.9508889956751562,7915.2
2015-11-10,1.0,0.9350492551657857,7783.35
2015-11-13,1.0,0.9325144161460837,7762.25
2015-11-16,1.0,0.9378423834694859,7806.6
2015-11-17,1.0,0.9415605478135513,7837.55
2015-11-18,1.0,0.9288563190773667,7731.8
2015-11-19,1.0,0.9421852474771745,7842.75
2015-11-20,1.0,0.9438431042767901,7856.55
2015-11-23,1.0,0.9429661220567035,7849.25
2015-11-24,1.0,0.9408457472369054,7831.6
2015-11-26,1.0,0.9471167707832773,7883.8
2015-11-27,1.0,0.9541926958193176,7942.7
2015-11-30,1.0,0.9532976934166266,7935.25
2015-12-01,1.0,0.9556583373378184,7954.9
2015-12-02,1.0,0.9528291686689092,7931.35
2015-12-03,1.0,0.9447561268620855,7864.15
2015-12-04,1.0,0.9348750600672753,7781.9
2015-12-07,1.0,0.9328928399807784,7765.4
2015-12-08,1.0,0.9252402691013936,7701.7
2015-12-09,1.0,0.9145242671792407,7612.5
2015-12-10,1.0,0.9230297933685728,7683.3
2015-12-11,1.0,0.9142779913503123,7610.45
2015-12-14,1.0,0.9190353195579049,7650.05
2015-12-15,1.0,0.9251441614608361,7700.9
2015-12-16,1.0,0.9311508889956751,7750.9
2015-12-17,1.0,0.9423774627582894,7844.35
2015-12-18,1.0,0.9324783757808746,7761.95
2015-12-21,1.0,0.9411881307063912,7834.45
2015-12-22,1.0,0.9353796251802019,7786.1
2015-12-23,1.0,0.9449723690533397,7865.95
2015-12-24,1.0,0.9443837097549256,7861.05
2015-12-28,1.0,0.9520843344545891,7925.15
2015-12-29,1.0,0.9525408457472369,7928.95
2015-12-30,1.0,0.9486124459394522,7896.25
2015-12-31,1.0,0.9546311869293609,7946.35
2016-01-04,1.0,0.9360043248438251,7791.3
2016-01-05,1.0,0.9352054300816914,7784.65
2016-01-06,1.0,0.929961556943777,7741.0
2016-01-07,1.0,0.909214320038443,7568.3
2016-01-08,1.0,0.9131847669389717,7601.35
2016-01-11,1.0,0.9086797212878425,7563.85
2016-01-12,1.0,0.9022465160980299,7510.3
2016-01-13,1.0,0.908505526189332,7562.4
2016-01-14,1.0,0.9054300816914945,7536.8
2016-01-15,1.0,0.8935367611725132,7437.8
2016-01-18,1.0,0.8831090821720327,7351.0
2016-01-19,1.0,0.893212397885632,7435.1
2016-01-20,1.0,0.878099471407977,7309.3
2016-01-21,1.0,0.8741950985103316,7276.8
2016-01-22,1.0,0.8916926958193176,7422.45
2016-01-25,1.0,0.8933385391638635,7436.15
2016-01-27,1.0,0.8935307544449784,7437.75
2016-01-28,1.0,0.8919569918308505,7424.65
2016-01-29,1.0,0.9086436809226334,7563.55
2016-02-01,1.0,0.9077306583373378,7555.95
2016-02-02,1.0,0.8956691494473811,7455.55
2016-02-03,1.0,0.8844065353195579,7361.8
2016-02-04,1.0,0.889476213358962,7404.0
2016-02-05,1.0,0.899699663623258,7489.1
2016-02-08,1.0,0.887463959634791,7387.25
2016-02-09,1.0,0.8767659778952427,7298.2
2016-02-10,1.0,0.8668548774627582,7215.7
2016-02-11,1.0,0.838100672753484,6976.35
2016-02-12,1.0,0.8386532916866891,6980.95
2016-02-15,1.0,0.8605177799135031,7162.95
2016-02-16,1.0,0.8467383469485824,7048.25
2016-02-17,1.0,0.8539704469005286,7108.45
2016-02-18,1.0,0.8639776549735704,7191.75
2016-02-19,1.0,0.8662602114368092,7210.75
2016-02-22,1.0,0.8691194137433926,7234.55
2016-02-23,1.0,0.854102594906295,7109.55
2016-02-24,1.0,0.8431883709754925,7018.7
2016-02-25,1.0,0.8374098990869775,6970.6
2016-02-26,1.0,0.8445158577606919,7029.75
2016-02-29,1.0,0.8393861124459395,6987.05
2016-03-01,1.0,0.8676477654973571,7222.3
2016-03-02,1.0,0.8852534839019702,7368.85
2016-03-03,1.0,0.8980778471888515,7475.6
2016-03-04,1.0,0.8992491590581452,7485.35
2016-03-08,1.0,0.8992431523306103,7485.3
2016-03-09,1.0,0.9048294089380106,7531.8
2016-03-10,1.0,0.8993452666987025,7486.15
2016-03-11,1.0,0.9022345026429601,7510.2
2016-03-14,1.0,0.9056643440653532,7538.75
2016-03-15,1.0,0.8962758289283999,7460.6
2016-03-16,1.0,0.900858962037482,7498.75
2016-03-17,1.0,0.9025168188370976,7512.55
2016-03-18,1.0,0.913545170591062,7604.35
2016-03-21,1.0,0.9255466122056704,7704.25
2016-03-22,1.0,0.926826045170591,7714.9
2016-03-23,1.0,0.9270182604517059,7716.5
2016-03-28,1.0,0.9148366170110525,7615.1
2016-03-29,1.0,0.9126621816434407,7597.0
2016-03-30,1.0,0.9292647765497357,7735.2
2016-03-31,1.0,0.9296492071119653,7738.4
2016-04-01,1.0,0.926603796251802,7713.05
2016-04-04,1.0,0.9320999519461798,7758.8
2016-04-05,1.0,0.9134070158577606,7603.2
2016-04-06,1.0,0.9147465160980298,7614.35
2016-04-07,1.0,0.9065893801057184,7546.45
2016-04-08,1.0,0.9076405574243153,7555.2
2016-04-11,1.0,0.9216001922152811,7671.4
2016-04-12,1.0,0.9261112445939452,7708.95
2016-04-13,1.0,0.9431102835175397,7850.45
2016-04-18,1.0,0.9508289283998078,7914.7
2016-04-20,1.0,0.9508349351273426,7914.75
2016-04-21,1.0,0.9505105718404614,7912.05
2016-04-22,1.0,0.9489788563190774,7899.3
2016-04-25,1.0,0.9436629024507449,7855.05
2016-04-26,1.0,0.9565893801057184,7962.65
2016-04-27,1.0,0.9586617011052379,7979.9
2016-04-28,1.0,0.94272585295531,7847.25
2016-04-29,1.0,0.9430321960595868,7849.8
2016-05-02,1.0,0.9377582892839981,7805.9
2016-05-03,1.0,0.9306823642479577,7747.0
2016-05-04,1.0,0.925822921672273,7706.55
2016-05-05,1.0,0.9293008169149447,7735.5
2016-05-06,1.0,0.9290545410860163,7733.45
2016-05-09,1.0,0.9449843825084094,7866.05
2016-05-10,1.0,0.9475973089860644,7887.8
2016-05-11,1.0,0.9429180682364249,7848.85
2016-05-12,1.0,0.9491110043248437,7900.4
2016-05-13,1.0,0.9388395002402691,7814.9
2016-05-16,1.0,0.9443476693897165,7860.75
2016-05-17,1.0,0.94795170591062,7890.75
2016-05-18,1.0,0.9454769341662662,7870.15
2016-05-19,1.0,0.9350552618933204,7783.4
2016-05-20,1.0,0.931006727534839,7749.7
2016-05-23,1.0,0.9287662181643441,7731.05
2016-05-24,1.0,0.9309046131667468,7748.85
2016-05-25,1.0,0.9532556463238827,7934.9
2016-05-26,1.0,0.9694437770302738,8069.65
2016-05-27,1.0,0.9798954829408938,8156.65
2016-05-30,1.0,0.9825204228736184,8178.5
2016-05-31,1.0,0.9803099471407978,8160.1
2016-06-01,1.0,0.9826946179721288,8179.95
2016-06-02,1.0,0.9873798654493033,8218.95
2016-06-03,1.0,0.9876021143680922,8220.8
2016-06-06,1.0,0.9852294569918307,8201.05
2016-06-07,1.0,0.9930862566074004,8266.45
2016-06-08,1.0,0.993879144641999,8273.05
2016-06-09,1.0,0.9855358000961076,8203.6
2016-06-10,1.0,0.9815052859202307,8170.05
2016-06-13,1.0,0.9743632868813071,8110.6
2016-06-14,1.0,0.9741530514175878,8108.85
2016-06-15,1.0,0.985896203748198,8206.6
2016-06-16,1.0,0.977985343584815,8140.75
2016-06-17,1.0,0.9815233061028351,8170.2
2016-06-20,1.0,0.9897284959154252,8238.5
2016-06-21,1.0,0.9874939932724651,8219.9
2016-06-22,1.0,0.9855478135511774,8203.7
2016-06-23,1.0,0.9935667948101875,8270.45
2016-06-24,1.0,0.971720326765978,8088.6
2016-06-27,1.0,0.9724531475252283,8094.7
2016-06-28,1.0,0.9764356078808266,8127.85
2016-06-29,1.0,0.9855838539163864,8204.0
2016-06-30,1.0,0.9956451225372417,8287.75
2016-07-01,1.0,1.000522585295531,8328.35
2016-07-04,1.0,1.0056102835175398,8370.7
2016-07-05,1.0,1.0014356078808266,8335.95
2016-07-07,1.0,1.0016698702546851,8337.9
2016-07-08,1.0,0.9999038923594427,8323.2
2016-07-11,1.0,1.0172873618452667,8467.9
2016-07-12,1.0,1.0236725132148006,8521.05
2016-07-13,1.0,1.0234863046612206,8519.5
2016-07-14,1.0,1.028952426717924,8565.0
2016-07-15,1.0,1.02611725132148,8541.4
2016-07-18,1.0,1.0221888515136954,8508.7
2016-07-19,1.0,1.0245735223450263,8528.55
2016-07-20,1.0,1.0290545410860163,8565.85
2016-07-21,1.0,1.0223570398846709,8510.1
2016-07-22,1.0,1.0260932244113408,8541.2
2016-07-25,1.0,1.0374399327246515,8635.65
2016-07-26,0.9947890430946136,1.0320338779432965,8590.65
2016-07-27,0.9977013890095129,1.0350552618933204,8615.8
2016-07-28,1.00354924064778,1.0411220567035078,8666.3
2016-07-29,1.0003300272706748,1.0377823161941375,8638.5
2016-08-01,1.000104219138108,1.0375480538202786,8636.55
2016-08-02,0.9985235622101408,1.0359082172032676,8622.9
2016-08-03,0.9894854469553541,1.026531715521384,8544.85
2016-08-04,0.990209190969991,1.0272825564632388,8551.1
2016-08-05,1.0055004545112414,1.0431463238827485,8683.15
2016-08-08,1.0087659875052837,1.046534118212398,8711.35
2016-08-09,1.004933039203766,1.0425576645843344,8678.25
2016-08-10,0.9930115277946653,1.0301898125901008,8575.3
2016-08-11,0.9949627416581266,1.0322140797693415,8592.15
2016-08-16,1.0007990133921592,1.0382688611244593,8642.55
2016-08-17,0.9986567311088336,1.036046371936569,8624.05
2016-08-18,1.0043540439920562,1.0419569918308504,8673.25
2016-08-19,1.003618720073185,1.041194137433926,8666.9
2016-08-22,0.9992473062247774,1.0366590581451225,8629.15
2016-08-23,0.9996468129208571,1.0370735223450265,8632.6
2016-08-24,1.0011956077423239,1.0391999038923594,8650.3
2016-08-25,1.0011956077423239,1.0322200864968767,8592.2
2016-08-26,1.0011956077423239,1.0298594425756846,8572.55
2016-08-29,1.0011956077423239,1.0340521383950025,8607.45
2016-08-30,1.0011956077423239,1.0504985583853916,8744.35
2016-08-31,1.0011956077423239,1.055526189332052,8786.2
2016-09-01,1.0011956077423239,1.054138635271504,8774.65
2016-09-02,1.0011956077423239,1.0583433445458914,8809.65
2016-09-06,1.0011956077423239,1.0743632868813071,8943.0
2016-09-07,0.998391185291922,1.0713539163863528,8917.95
2016-09-08,1.002259161166628,1.0755045651129265,8952.5
2016-09-09,0.9926535944502811,1.0651970206631427,8866.7
2016-09-12,0.9757374973542433,1.0470446900528592,8715.6
2016-09-14,0.9769689802665955,1.0483661701105238,8726.6
2016-09-15,0.9787546304895061,1.0502823161941373,8742.55
2016-09-16,0.9829304770923003,1.0547633349351273,8779.85
2016-09-19,0.9861267350148142,1.0581931763575203,8808.4
2016-09-20,0.9824882627737737,1.054288803459875,8775.9
2016-09-21,0.9826282040138137,1.054438971648246,8777.15
2016-09-22,0.9927375591943048,1.0652871215761655,8867.45
2016-09-23,0.9887184467803553,1.0609742912061508,8831.55
2016-09-26,0.9765715471448815,1.0479396924555502,8723.05
2016-09-27,0.9747075298275485,1.0459394521864487,8706.4
2016-09-28,0.9790457082687891,1.050594666025949,8745.15
2016-09-29,0.9618161427950619,1.0321059586737145,8591.25
2016-09-30,0.964044007336499,1.0344966362325805,8611.15
2016-10-03,0.9782564396749635,1.0497477174435368,8738.1
2016-10-04,0.9817325800775576,1.0534778952426718,8769.15
2016-10-05,0.9784219089960117,1.050450504565113,8743.95
2016-10-06,0.9784219089960117,1.0463178760211436,8709.55
2016-10-07,0.9784219089960117,1.0448822681403171,8697.6
2016-10-10,0.9784219089960117,1.046227775108121,8708.8
2016-10-13,0.9784219089960117,1.0299555502162423,8573.35
2016-10-14,0.9784219089960117,1.0311629024507447,8583.4
2016-10-17,0.9784219089960117,1.0235944257568477,8520.4
2016-10-18,0.9784219089960117,1.0425156174915906,8677.9
2016-10-19,0.9784219089960117,1.0402570879384911,8659.1
2016-10-20,0.9784219089960117,1.0450985103315713,8699.4
2016-10-21,0.9784219089960117,1.0443356559346466,8693.05
2016-10-24,0.9784219089960117,1.0462457952907258,8708.95
2016-10-25,0.9784219089960117,1.0441254204709274,8691.3
2016-10-26,0.9784219089960117,1.0349891878904374,8615.25
2016-10-27,0.9784219089960117,1.0349891878904374,8615.25
2016-10-28,0.9784219089960117,1.037722248918789,8638.0
2016-11-01,0.9784219089960117,1.0363106679481018,8626.25
2016-11-02,0.9784219089960117,1.0228255646323883,8514.0
2016-11-03,0.9784219089960117,1.019335655934647,8484.95
2016-11-04,0.9784219089960117,1.0131847669389717,8433.75
2016-11-07,0.9784219089960117,1.0207892839980777,8497.05
2016-11-08,0.9784219089960117,1.026375540605478,8543.55
2016-11-09,0.9784219089960117,1.0129745314752523,8432.0
2016-11-10,0.9784219089960117,1.0242371456030754,8525.75
2016-11-11,0.9784219089960117,0.996672272945699,8296.3
2016-11-15,0.9784219089960117,0.974104997597309,8108.45
2016-11-16,0.9784219089960117,0.9744834214320038,8111.6
2016-11-17,0.9784219089960117,0.9706811629024508,8079.95
2016-11-18,0.9784219089960117,0.9699783757808746,8074.1
2016-11-21,0.9784219089960117,0.9525588659298415,7929.1
2016-11-22,0.9784219089960117,0.9613527150408457,8002.3
2016-11-23,0.9784219089960117,0.9650768861124459,8033.3
2016-11-24,0.9784219089960117,0.9569317635752043,7965.5
2016-11-25,0.9784219089960117,0.9748077847188852,8114.3
2016-11-28,0.9784219089960117,0.9763214800576645,8126.9
2016-11-29,0.9784219089960117,0.9781535319557905,8142.15
2016-11-30,0.9784219089960117,0.9880466122056704,8224.5
2016-12-01,0.9784219089960117,0.984250360403652,8192.9
2016-12-02,0.9784219089960117,0.9715040845747237,8086.8
2016-12-05,0.9784219089960117,0.9765437289764536,8128.75
2016-12-06,0.9784219089960117,0.9782736665064872,8143.15
2016-12-07,0.9784219089960117,0.9733361364728497,8102.05
2016-12-08,0.9784219089960117,0.9907316194137434,8246.85
2016-12-09,0.9784219089960117,0.9925216242191254,8261.75
2016-12-12,0.9784219089960117,0.9815953868332533,8170.8
2016-12-13,0.9784219089960117,0.9877222489187889,8221.8
2016-12-14,0.9784219089960117,0.9829949543488707,8182.45
2016-12-15,0.9784219089960117,0.9795290725612686,8153.6
2016-12-16,0.9784219089960117,0.9778291686689091,8139.45
2016-12-19,0.9784219089960117,0.9736124459394522,8104.35
2016-12-20,0.9784219089960117,0.9709754925516578,8082.4
2016-12-21,0.9784219089960117,0.9684406535319559,8061.3
2016-12-22,0.9784219089960117,0.9585655934646805,7979.1
2016-12-23,0.9784219089960117,0.9593644882268141,7985.75
2016-12-26,0.9784219089960117,0.9500540605478136,7908.25
2016-12-27,0.9784219089960117,0.9650228255646325,8032.85
2016-12-28,0.9784219089960117,0.965263094666026,8034.85
2016-12-29,0.9784219089960117,0.9735223450264296,8103.6
2016-12-30,0.9784219089960117,0.983397405093705,8185.8
2017-01-02,0.9784219089960117,0.9826405574243152,8179.5
2017-01-03,0.9784219089960117,0.9841722729456992,8192.25
2017-01-04,0.9784219089960117,0.9839620374819799,8190.5
2017-01-05,0.9784219089960117,0.9939692455550215,8273.8
2017-01-06,0.9784219089960117,0.9903652090341182,8243.8
2017-01-09,0.9784219089960117,0.989434166266218,8236.05
2017-01-10,0.9784219089960117,0.9957472369053341,8288.6
2017-01-11,0.9784219089960117,1.0068056222969726,8380.65
2017-01-12,0.981521561371883,1.0099951946179722,8407.2
2017-01-13,0.9807218393841346,1.0091722729456993,8400.35
2017-01-16,0.982175348690334,1.010667948101874,8412.8
2017-01-17,0.9804474822058561,1.0088899567515617,8398.0
2017-01-18,0.9826656891791725,1.0111725132148006,8417.0
2017-01-19,0.9847788231905951,1.0133469485824123,8435.1
2017-01-20,0.9747677048768117,1.0030454108601634,8349.35
2017-01-23,0.9796886219255111,1.0081090821720327,8391.5
2017-01-24,0.9895304560229097,1.0182364247957711,8475.8
2017-01-25,1.0043515810367265,1.0334875060067275,8602.75
2017-01-27,1.008846368851078,1.0381126862085537,8641.25
2017-01-30,1.0078540130998577,1.037091542527631,8632.75
2017-01-31,0.9995123874028334,1.0285079288803458,8561.3
2017-02-01,1.0176199611692216,1.0471407976934166,8716.4
2017-02-02,1.0197039082467847,1.049285199423354,8734.25
2017-02-03,1.0204861180742173,1.0500901009130226,8740.95
2017-02-06,1.0275026569740233,1.057310187409899,8801.05
2017-02-07,1.0236791686384386,1.0533757808745794,8768.3
2017-02-08,1.023766729440017,1.053465881787602,8769.05
2017-02-09,1.0243458916059767,1.054589139836617,8778.4
2017-02-10,1.0243458916059767,1.0564091782796732,8793.55
2017-02-13,1.0243458916059767,1.0577907256126862,8805.05
2017-02-14,1.0243458916059767,1.056259010091302,8792.3
2017-02-15,1.0243458916059767,1.0481379144642,8724.7
2017-02-16,1.0243458916059767,1.0545410860163382,8778.0
2017-02-17,1.029445449075011,1.0597909658817877,8821.7
2017-02-20,1.0361553931132135,1.0666987025468526,8879.2
2017-02-21,1.039498695664422,1.0701405574243152,8907.85
2017-02-22,1.0417217292979482,1.0724291206150889,8926.9
2017-02-23,1.0431920822524066,1.0739428159538684,8939.5
2017-02-27,1.0381975499944052,1.0688010571840463,8896.7
2017-02-28,1.036202070984783,1.0667467563671311,8879.6
2017-03-01,1.0439272587296355,1.074699663623258,8945.8
2017-03-02,1.0385534687651272,1.0691674675636713,8899.75
2017-03-03,1.0382967404714916,1.0689031715521382,8897.55
2017-03-06,1.0459869198126666,1.0768200384430564,8963.45
2017-03-07,1.0440556228764533,1.0748318116290245,8946.9
2017-03-08,1.0414183231327423,1.0721167707832773,8924.3
2017-03-09,1.0417333987658406,1.0724411340701585,8927.0
2017-03-10,1.0426144435917264,1.0733481499279192,8934.55
2017-03-14,1.0604045473938832,1.0916626621816434,9087.0
2017-03-15,1.0601478191002476,1.0913983661701105,9084.8
2017-03-16,1.0681880824781986,1.0996756367131189,9153.7
2017-03-17,1.0689290936893738,1.100438491110043,9160.05
2017-03-20,1.0645223029338808,1.0964500240269102,9126.85
2017-03-21,1.0645223029338808,1.0958073041806824,9121.5
2017-03-22,1.0645223029338808,1.0848690533397407,9030.45
2017-03-23,1.0645223029338808,1.0915785679961556,9086.3
2017-03-24,1.0645223029338808,1.0941854877462758,9108.0
2017-03-27,1.0571823819167259,1.0866410379625182,9045.2
2017-03-28,1.0636807833268185,1.093320518981259,9100.8
2017-03-29,1.0687065254245518,1.0984863046612205,9143.8
2017-03-30,1.072207013234485,1.1020843344545892,9173.75
2017-03-31,1.072207013234485,1.1020843344545892,9173.75
2017-04-03,1.079698875291804,1.1097849591542528,9237.85
2017-04-05,1.0828896371352486,1.113064632388275,9265.15
2017-04-06,1.0825156284209987,1.1126802018260453,9261.95
2017-04-07,1.075076361339121,1.105033637674195,9198.3
2017-04-10,1.073106971703149,1.1030093704949544,9181.45
2017-04-11,1.0795995292270812,1.1096828447861604,9237.0
2017-04-12,1.0756782816136172,1.1056523306102837,9203.45
2017-04-13,1.0695246694869736,1.099327246516098,9150.8
2017-04-17,1.068180575670138,1.097945699183085,9139.3
2017-04-18,1.0641892014227519,1.09384310427679,9105.15
2017-04-19,1.0639963531794667,1.0936448822681404,9103.5
2017-04-20,1.0678416302728488,1.0975973089860644,9136.4
2017-04-21,1.065854708978396,1.0955550216242191,9119.4
2017-04-24,1.0773730086000621,1.107394281595387,9217.95
2017-04-25,1.0871903516526364,1.1180442095146566,9306.6
2017-04-26,1.0871903516526364,1.1234802979336858,9351.85
2017-04-27,1.0871903516526364,1.122314992791927,9342.15
2017-04-28,1.0871903516526364,1.1177378664103796,9304.05
2017-05-02,1.0871903516526364,1.1189091782796732,9313.8
2017-05-03,1.0871903516526364,1.1186869293608843,9311.95
2017-05-04,1.0871903516526364,1.1244473810667948,9359.9
2017-05-05,1.078525259051937,1.1154853435848149,9285.3
2017-05-08,1.0818646881708394,1.1189392119173474,9314.05
2017-05-09,1.0821899195285063,1.1192755886592984,9316.85
2017-05-10,1.0926960539217134,1.1301417587698221,9407.3
2017-05-11,1.0944499801719891,1.1319557904853434,9422.4
2017-05-12,1.0919526679613318,1.1293728976453627,9400.9
2017-05-15,1.097121523467111,1.1347188851513694,9445.4
2017-05-16,1.1048864221314108,1.1427498798654494,9512.25
2017-05-17,1.106454501891591,1.1443716962998558,9525.75
2017-05-18,1.0952688662689722,1.132802739067756,9429.45
2017-05-19,1.0950888274816921,1.1326165305141758,9427.9
2017-05-22,1.096291021964497,1.1338599231138875,9438.25
2017-05-23,1.0902393956307646,1.1276009130225852,9386.15
2017-05-24,1.0872658517892377,1.1245254685247477,9360.55
2017-05-25,1.1045960369906367,1.1424495434887074,9509.75
2017-05-26,1.114509785696665,1.1527030273906775,9595.1
2017-05-29,1.1156480954484995,1.153880345987506,9604.9
2017-05-30,1.117930522654984,1.1562409899086976,9624.55
2017-05-31,1.1175472142691623,1.1558445458913984,9621.25
2017-06-01,1.116390546368728,1.1552258529553099,9616.1
2017-06-02,1.116390546368728,1.1597188851513696,9653.5
2017-06-05,1.116390546368728,1.16231379144642,9675.1
2017-06-06,1.112011571346796,1.1577546852474772,9637.15
2017-06-07,1.1150982006442052,1.160968284478616,9663.9
2017-06-08,1.113176990259089,1.1589680442095147,9647.25
2017-06-09,1.1156001384925691,1.161490869774147,9668.25
2017-06-12,1.1096172701160956,1.155261893320519,9616.4
2017-06-13,1.1085210840104738,1.1541206150888996,9606.9
2017-06-14,1.1098191991355524,1.1554721287842382,9618.15
2017-06-15,1.1051921398897164,1.1506547333012973,9578.05
2017-06-16,1.1063460200008974,1.1518560788082652,9588.05
2017-06-19,1.1143654867736053,1.1602054300816913,9657.55
2017-06-20,1.113898165328577,1.1597188851513696,9653.5
2017-06-21,1.1116019439073268,1.1573282075925035,9633.6
2017-06-22,1.1111865470673017,1.1568957232099952,9630.0
2017-06-23,1.1048344370552503,1.1502823161941376,9574.95
2017-06-27,1.097501528948695,1.142647765497357,9511.4
2017-06-28,1.0951764605246652,1.1402270543008168,9491.25
2017-06-29,1.0966591964675327,1.1417707832772706,9504.1
2017-06-30,1.0985977150543167,1.1437890437289764,9520.9
2017-07-03,1.1094557269005298,1.1550937049495436,9615.0
2017-07-04,1.1087049374979883,1.1548894762133588,9613.3
2017-07-05,1.1087049374979883,1.1578087457952908,9637.6
2017-07-06,1.1087049374979883,1.1622477174435366,9674.55
2017-07-07,1.1087049374979883,1.1611965401249398,9665.8
2017-07-10,1.1087049374979883,1.173840701585776,9771.05
2017-07-11,1.1104069627729045,1.1756427198462276,9786.05
2017-07-12,1.11381668674032,1.179252763094666,9816.1
2017-07-13,1.1223948941258977,1.1883349351273427,9891.7
2017-07-14,1.1217878384445108,1.187692215281115,9886.35
2017-07-17,1.1251465016536788,1.1912481979817395,9915.95
2017-07-18,1.1150705120261748,1.1805802498798654,9827.15
2017-07-19,1.12329129410402,1.1892839980778471,9899.6
2017-07-20,1.1203070764553336,1.1861244593945217,9873.3
2017-07-21,1.125067073807516,1.1911641037962517,9915.25
2017-07-24,1.13087097999498,1.1973089860643922,9966.4
2017-07-25,1.130661063544407,1.197086737145603,9964.55
2017-07-26,1.1370266380725935,1.2038262854396924,10020.65
2017-07-27,1.1370152912374274,1.2038142719846228,10020.55
2017-07-28,1.1363288077098779,1.2030874579529072,10014.5
2017-07-31,1.1434319265238615,1.2106078808265257,10077.1
2017-08-01,1.147692663128735,1.2151189332051897,10114.65
2017-08-02,1.1439311872711702,1.2111364728495915,10081.5
2017-08-03,1.1362323596109658,1.202985343584815,10013.65
2017-08-04,1.1422178151610876,1.2093224411340702,10066.4
2017-08-07,1.1406260016961398,1.2082412301777992,10057.4
2017-08-08,1.1406260016961398,1.1987686208553578,9978.55
2017-08-09,1.1406260016961398,1.1902991350312349,9908.05
2017-08-10,1.1406260016961398,1.1797513214800577,9820.25
2017-08-11,1.1406260016961398,1.166602594906295,9710.8
2017-08-14,1.1406260016961398,1.1766158097068717,9794.15
2017-08-16,1.1406260016961398,1.1890076886112446,9897.3
2017-08-17,1.1406260016961398,1.1898306102835174,9904.15
2017-08-18,1.1406260016961398,1.1818116290245073,9837.4
2017-08-21,1.1406260016961398,1.17183445458914,9754.35
2017-08-22,1.1406260016961398,1.1731799615569436,9765.55
2017-08-23,1.1406260016961398,1.1836256607400288,9852.5
2017-08-24,1.1406260016961398,1.1841722729456992,9857.05
2017-08-28,1.1406260016961398,1.1908697741470446,9912.8
2017-08-29,1.1406260016961398,1.1768440653531955,9796.05
2017-08-30,1.1406260016961398,1.187457952907256,9884.4
2017-08-31,1.1406260016961398,1.1914824603555982,9917.9
2017-09-01,1.1406260016961398,1.1982700624699663,9974.4
2017-09-04,1.1406260016961398,1.1908757808745796,9912.85
2017-09-05,1.1406260016961398,1.195603075444498,9952.2
2017-09-06,1.1406260016961398,1.191278231619414,9916.2
2017-09-07,1.1406260016961398,1.1929240749639596,9929.9
2017-09-08,1.1406260016961398,1.1935127342623737,9934.8
2017-09-11,1.1488062974867799,1.2020723209995194,10006.05
2017-09-12,1.158794869189035,1.2125240269101392,10093.05
2017-09-13,1.1572162156154029,1.2108721768380586,10079.3
2017-09-14,1.1580543371490404,1.211749159058145,10086.6
2017-09-15,1.1579165637462505,1.2116049975973089,10085.4
2017-09-18,1.165689279886971,1.219738106679481,10153.1
2017-09-19,1.1650520778990683,1.2190713599231138,10147.55
2017-09-20,1.164317286417523,1.2183024987986544,10141.15
2017-09-21,1.162107171414438,1.2159899086977415,10121.9
2017-09-22,1.1440244122982866,1.1970687169629985,9964.4
2017-09-25,1.1334847469848726,1.186040365209034,9872.6
2017-09-26,1.1333584546989819,1.1859082172032676,9871.5
2017-09-27,1.1177728385083943,1.1695999519461797,9735.75
2017-09-28,1.1215845693189102,1.1735884190293129,9768.95
2017-09-29,1.123840608789592,1.1759490629505045,9788.6
2017-10-03,1.131980720671085,1.1844666025949062,9859.5
2017-10-04,1.1383412594332105,1.191122056703508,9914.9
2017-10-05,1.135333206805635,1.1879745314752523,9888.7
2017-10-06,1.1457810231838559,1.1989067755886593,9979.7
2017-10-09,1.1462466542310967,1.1999939932724653,9988.75
2017-10-10,1.1462466542310967,1.2033817876021144,10016.95
2017-10-11,1.1462466542310967,1.1995194617972127,9984.8
2017-10-12,1.15905824050345,1.2129264776549735,10096.4
2017-10-13,1.1672147208318613,1.22146203748198,10167.45
2017-10-16,1.1744929875851513,1.2290785679961558,10230.85
2017-10-17,1.1749062645616788,1.229511052378664,10234.45
2017-10-18,1.1721970043822205,1.2266758769822201,10210.85
2017-10-19,1.1648154183847983,1.218951225372417,10146.55
2017-10-23,1.1692122262184106,1.2235523786641038,10184.85
2017-10-24,1.1718353870277587,1.2262974531475253,10207.7
2017-10-25,1.1818975334146022,1.236827246516098,10295.35
2017-10-26,1.1874595527237015,1.242647765497357,10343.8
2017-10-27,1.185077470150661,1.2401549735703987,10323.05
2017-10-30,1.1897383160526103,1.245032436328688,10363.65
2017-10-31,1.186483759862456,1.2416266218164342,10335.3
2017-11-01,1.1985606315098714,1.2542647765497357,10440.5
2017-11-02,1.1966434855354242,1.2522585295530995,10423.8
2017-11-03,1.1999382214316299,1.255706391158097,10452.5
2017-11-06,1.1998578620195273,1.2556222969726092,10451.8
2017-11-07,1.1881885273906323,1.2434106198942816,10350.15
2017-11-08,1.1827929668637454,1.237764296011533,10303.15
2017-11-09,1.182867072591599,1.2384610764055743,10308.95
2017-11-10,1.182867072591599,1.2399987986544931,10321.75
2017-11-13,1.182867072591599,1.2283697741470447,10224.95
2017-11-14,1.182867072591599,1.2237626141278233,10186.6
2017-11-15,1.182867072591599,1.2155273906775588,10118.05
2017-11-16,1.182867072591599,1.2271444017299376,10214.75
2017-11-17,1.182867072591599,1.235415665545411,10283.6
2017-11-20,1.182867072591599,1.2372357039884672,10298.75
2017-11-21,1.182867072591599,1.2406174915905814,10326.9
2017-11-22,1.182867072591599,1.2424675636713118,10342.3
2017-11-23,1.182867072591599,1.2432424315233062,10348.75
2017-11-24,1.182867072591599,1.2481619413743394,10389.7
2017-11-27,1.182867072591599,1.2493452666987024,10399.55
2017-11-28,1.182867072591599,1.2458253243632869,10370.25
2017-11-29,1.182867072591599,1.2447501201345506,10361.3
2017-11-30,1.182867072591599,1.2285619894281594,10226.55
2017-12-01,1.182867072591599,1.2159778952426716,10121.8
2017-12-04,1.182867072591599,1.2166926958193176,10127.75
2017-12-05,1.182867072591599,1.2155514175876982,10118.25
2017-12-06,1.182867072591599,1.206643440653532,10044.1
2017-12-07,1.182867072591599,1.2213719365689573,10166.7
2017-12-08,1.182867072591599,1.2332592503604036,10265.65
2017-12-11,1.182867072591599,1.2400588659298415,10322.25
2017-12-12,1.182867072591599,1.2301958193176357,10240.15
2017-12-13,1.182867072591599,1.2245254685247478,10192.95
2017-12-14,1.182867072591599,1.2316314271984623,10252.1
2017-12-15,1.182867072591599,1.241380345987506,10333.25
2017-12-18,1.182867072591599,1.2480478135511772,10388.75
2017-12-19,1.182867072591599,1.2569918308505528,10463.2
2017-12-20,1.182867072591599,1.2547092743873138,10444.2
2017-12-21,1.182867072591599,1.2542407496395962,10440.3
2017-12-22,1.182867072591599,1.2605718404613167,10493.0
2017-12-26,1.182867072591599,1.2651970206631427,10531.5
2017-12-27,1.182867072591599,1.2603015377222488,10490.75
2017-12-28,1.1814181922081373,1.2587578087457953,10477.9
2017-12-29,1.1873715684141126,1.2651009130225854,10530.7
2018-01-02,1.1773928980688697,1.2544690052859204,10442.2
2018-01-03,1.1775056514061042,1.2545891398366171,10443.2
2018-01-04,1.184451256979742,1.2619894281595385,10504.8
2018-01-05,1.1905455748572606,1.2684827006246997,10558.85
2018-01-08,1.197846353443187,1.2762614127823162,10623.6
2018-01-09,1.1993572481621275,1.277871215761653,10637.0
2018-01-10,1.1988160321434027,1.2772945699183087,10632.2
2018-01-11,1.200958345550856,1.2795771263815474,10651.2
2018-01-12,1.2043465833347489,1.2831871696299857,10681.25
2018-01-15,1.2111456095699822,1.2904312830370013,10741.55
2018-01-16,1.2065114474096492,1.2854937530033639,10700.45
2018-01-17,1.216445016419998,1.29607760691975,10788.55
2018-01-18,1.2196528488643161,1.2994954348870735,10817.0
2018-01-19,1.2284137831674278,1.3088298894762134,10894.7
2018-01-22,1.2364756467796862,1.3174195098510333,10966.2
2018-01-23,1.2497241639047263,1.331535319557905,11083.7
2018-01-24,1.2499834965803653,1.3318116290245074,11086.0
2018-01-25,1.247515909526825,1.329847429120615,11069.65
2018-01-29,1.247515909526825,1.3371456030754445,11130.4
2018-01-30,1.247515909526825,1.3274447381066794,11049.65
2018-01-31,1.247515909526825,1.3248077847188853,11027.7
2018-02-01,1.247515909526825,1.3235103315713599,11016.9
2018-02-02,1.247515909526825,1.2927198462277751,10760.6
2018-02-05,1.247515909526825,1.281421191734743,10666.55
2018-02-06,1.247515909526825,1.2612025468524748,10498.25
2018-02-07,1.247515909526825,1.2586136472849592,10476.7
2018-02-08,1.247515909526825,1.2706451225372417,10576.85
2018-02-09,1.247515909526825,1.2560007208073043,10454.95
2018-02-12,1.247515909526825,1.2661881307063911,10539.75
2018-02-14,1.247515909526825,1.261520903411821,10500.9
2018-02-15,1.247515909526825,1.2668789043728976,10545.5
2018-02-16,1.247515909526825,1.2556823642479575,10452.3
2018-02-19,1.247515909526825,1.2468044209514657,10378.4
2018-02-20,1.247515909526825,1.2446419990389235,10360.4
2018-02-21,1.247515909526825,1.2490929841422393,10397.45
2018-02-22,1.247515909526825,1.2473209995194618,10382.7
2018-02-23,1.247515909526825,1.260337578087458,10491.05
2018-02-26,1.247515909526825,1.2713358962037482,10582.6
2018-02-27,1.247515909526825,1.2679360884190292,10554.3
2018-02-28,1.247515909526825,1.260553820278712,10492.85
2018-03-01,1.247515909526825,1.2564091782796734,10458.35
2018-03-05,1.247515909526825,1.2444557904853437,10358.85
2018-03-06,1.247515909526825,1.2312890437289765,10249.25
2018-03-07,1.247515909526825,1.2198702546852476,10154.2
2018-03-08,1.247515909526825,1.2304961556943776,10242.65
2018-03-09,1.247515909526825,1.2285980297933685,10226.85
2018-03-12,1.247515909526825,1.251970206631427,10421.4
2018-03-13,1.247515909526825,1.2526249399327247,10426.85
2018-03-14,1.247515909526825,1.250708793849111,10410.9
2018-03-15,1.247515909526825,1.2446119654012493,10360.15
2018-03-16,1.247515909526825,1.2247897645362806,10195.15
2018-03-19,1.247515909526825,1.2126681883709756,10094.25
2018-03-20,1.247515909526825,1.2162842383469485,10124.35
2018-03-21,1.247515909526825,1.2199963959634792,10155.25
2018-03-22,1.247515909526825,1.2151309466602596,10114.75
2018-03-23,1.247515909526825,1.2011112445939451,9998.05
2018-03-26,1.247515909526825,1.2170410860163383,10130.65
2018-03-27,1.247515909526825,1.223468284478616,10184.15
2018-03-28,1.247515909526825,1.215004805382028,10113.7
2018-04-02,1.247515909526825,1.226790004805382,10211.8
2018-04-03,1.247515909526825,1.230778471888515,10245.0
2018-04-04,1.247515909526825,1.2167707832772705,10128.4
2018-04-05,1.247515909526825,1.240407256126862,10325.15
2018-04-06,1.247515909526825,1.2411821239788563,10331.6
2018-04-09,1.247515909526825,1.2469185487746277,10379.35
2018-04-10,1.247515909526825,1.2496696299855838,10402.25
2018-04-11,1.247515909526825,1.251459634790966,10417.15
2018-04-12,1.247515909526825,1.2564452186448822,10458.65
2018-04-13,1.247515909526825,1.2590821720326766,10480.6
2018-04-16,1.2531996380041932,1.264818596828448,10528.35
2018-04-17,1.2556219180987367,1.2672633349351274,10548.7
2018-04-18,1.2529437214340082,1.2645603075444498,10526.2
2018-04-19,1.2575978320824917,1.2692575684766938,10565.3
2018-04-20,1.2574490433788956,1.269107400288323,10564.05
2018-04-23,1.2599070327623023,1.2715881787602115,10584.7
2018-04-24,1.2634363008116,1.275150168188371,10614.35
2018-04-25,1.258222744637595,1.269888274867852,10570.55
2018-04-26,1.263846957633525,1.2755646323882748,10617.8
2018-04-27,1.2727147643678483,1.284514656415185,10692.3
2018-04-30,1.2783151711712029,1.2901669870254686,10739.35
2018-05-02,1.2757798116619266,1.287608121095627,10718.05
2018-05-03,1.2712090226874566,1.2829949543488708,10679.65
2018-05-04,1.2639005215668198,1.2756186929360884,10618.25
2018-05-07,1.2754762827065909,1.2873017779913503,10715.5
2018-05-08,1.2757500539212074,1.2875780874579528,10717.8
2018-05-09,1.2785948939339635,1.290449303219606,10741.7
2018-05-10,1.2756012652176114,1.2874279192695819,10716.55
2018-05-11,1.2863081003283816,1.2982340221047572,10806.5
2018-05-14,1.2856768434229568,1.298246035559827,10806.6
2018-05-15,1.2856768434229568,1.2976753964440173,10801.85
2018-05-16,1.2856768434229568,1.2903772224891878,10741.1
2018-05-17,1.2856768434229568,1.283361364728496,10682.7
2018-05-18,1.2856768434229568,1.2729937530033637,10596.4
2018-05-21,1.2856768434229568,1.2634190293128305,10516.7
2018-05-22,1.2856768434229568,1.265821720326766,10536.7
2018-05-23,1.2856768434229568,1.2530454108601634,10430.35
2018-05-24,1.2856768434229568,1.2630766458433447,10513.85
2018-05-25,1.2856768434229568,1.2740449303219605,10605.15
2018-05-28,1.2856768434229568,1.2840761653051418,10688.65
2018-05-29,1.2856768434229568,1.2774267179240748,10633.3
2018-05-30,1.2856768434229568,1.275150168188371,10614.35
2018-05-31,1.2856768434229568,1.2897825564632388,10736.15
2018-06-01,1.2856768434229568,1.2849831811629024,10696.2
2018-06-04,1.2856768434229568,1.2768500720807303,10628.5
2018-06-05,1.2856768434229568,1.2726033157135992,10593.15
2018-06-06,1.2856768434229568,1.2835956271023545,10684.65
2018-06-07,1.2856768434229568,1.2936508889956753,10768.35
2018-06-08,1.2856768434229568,1.2935667948101874,10767.65
2018-06-11,1.2856768434229568,1.2958853916386353,10786.95
2018-06-12,1.2923394621935402,1.3026009130225853,10842.85
2018-06-13,1.2939902183647851,1.3042647765497357,10856.7
2018-06-14,1.288191713835467,1.2984202306583372,10808.05
2018-06-15,1.2893418796876341,1.2995795290725614,10817.7
2018-06-18,1.2872143708315533,1.2974351273426237,10799.85
2018-06-19,1.2765589483254685,1.2866950985103316,10710.45
2018-06-20,1.283900939671943,1.2940953868332532,10772.05
2018-06-21,1.2802120657730245,1.2903772224891878,10741.1
2018-06-22,1.2898365105981515,1.300078087457953,10821.85
2018-06-25,1.2827567332283367,1.2929420951465642,10762.45
2018-06-26,1.2835552939754369,1.2937469966362325,10769.15
2018-06-27,1.2719046502397569,1.2820038443056223,10671.4
2018-06-28,1.262095463749256,1.2721167707832772,10589.1
2018-06-29,1.2770178227846234,1.287157616530514,10714.3
2018-07-02,1.2702240970257102,1.2803099471407977,10657.3
2018-07-03,1.2753015131192138,1.2854276790004806,10699.9
2018-07-04,1.2836446851038439,1.293837097549255,10769.9
2018-07-05,1.2812430434539825,1.291416386352715,10749.75
2018-07-06,1.2839724525746687,1.2941674675636712,10772.65
2018-07-09,1.2928905346625343,1.303808265257088,10852.9
2018-07-10,1.2928905346625343,1.3151429601153293,10947.25
2018-07-11,1.2928905346625343,1.3152691013935607,10948.3
2018-07-12,1.2928905346625343,1.3242671792407497,11023.2
2018-07-13,1.2928905346625343,1.3237506006727535,11018.9
2018-07-16,1.2928905346625343,1.3138935607880826,10936.85
2018-07-17,1.2928905346625343,1.3224471407976934,11008.05
2018-07-18,1.2928905346625343,1.3191314271984624,10980.45
2018-07-19,1.2901411943363756,1.3163262854396924,10957.1
2018-07-20,1.296393441502073,1.3227054300816916,11010.2
2018-07-23,1.3051713139352694,1.3316614608361366,11084.75
2018-07-24,1.3110055671755763,1.337614127823162,11134.3
2018-07-25,1.3107347542098304,1.3373378183565594,11132.0
2018-07-26,1.3148911445101903,1.3415785679961556,11167.3
2018-07-27,1.3279667009650056,1.3549195098510332,11278.35
2018-07-30,1.3328177853948873,1.3598690533397404,11319.55
2018-07-31,1.337168454561978,1.3643080249879866,11356.5
2018-08-01,1.3359556834545077,1.3630706391158098,11346.2
2018-08-02,1.3240045895313763,1.3508769822200866,11244.7
2018-08-03,1.3376747570631549,1.3648246035559826,11360.8
2018-08-06,1.3407714444540748,1.367984142239308,11387.1
2018-08-07,1.3410481446582063,1.3682664584334456,11389.45
2018-08-08,1.3481775903433848,1.3755406054781356,11450.0
2018-08-09,1.3506149070350975,1.3780273906775589,11470.7
2018-08-10,1.3457638226052155,1.3730778471888516,11429.5
2018-08-13,1.3370801459861916,1.364217924074964,11355.75
2018-08-14,1.3464231933044228,1.3737506006727536,11435.1
2018-08-16,1.339859802646418,1.3677378664103796,11385.05
2018-08-17,1.339859802646418,1.3780333974050938,11470.75
2018-08-20,1.3493211407467478,1.3877642960115328,11551.75
2018-08-21,1.351557987964295,1.3900648726573763,11570.9
2018-08-23,1.3529421466863805,1.3914884670831331,11582.75
2018-08-24,1.3499460562879426,1.3884070158577608,11557.1
2018-08-27,1.365697432125344,1.4046071600192216,11691.95
2018-08-28,1.3711347813669532,1.4101994233541566,11738.5
2018-08-29,1.3656915917931831,1.4046011532916867,11691.9
2018-08-30,1.3639278114806523,1.4027871215761651,11676.8
2018-08-31,1.364359996060544,1.4032316194137433,11680.5
2018-09-03,1.3528954240290947,1.3914404132628544,11582.35
2018-09-04,1.345647571817669,1.3839860643921191,11520.3
2018-09-05,1.3405840038343444,1.378778231619414,11476.95
2018-09-06,1.3475865620950207,1.3859802979336857,11536.9
2018-09-07,1.353683868870789,1.3922513214800578,11589.1
2018-09-10,1.3360460657454825,1.374111004324844,11438.1
2018-09-11,1.3184549852774616,1.3560187409899087,11287.5
2018-09-12,1.328079852678291,1.3659178279673234,11369.9
2018-09-14,1.345051857937278,1.3833733781835658,11515.2
2018-09-17,1.3289967848275206,1.3668608841902932,11377.75
2018-09-18,1.3167917229217487,1.3549855838539164,11278.9
2018-09-19,1.3167917229217487,1.3496335896203748,11234.35
2018-09-21,1.3167917229217487,1.3386713118692937,11143.1
2018-09-24,1.3167917229217487,1.3175636713118692,10967.4
2018-09-25,1.3167917229217487,1.3295831331090822,11067.45
2018-09-26,1.3167917229217487,1.327943296492071,11053.8
2018-09-27,1.3167917229217487,1.3187830370014415,10977.55
2018-09-28,1.3167917229217487,1.3131246996636234,10930.45
2018-10-01,1.3167917229217487,1.3224771744353676,11008.3
2018-10-03,1.3167917229217487,1.3044509851033157,10858.25
2018-10-04,1.3167917229217487,1.2733361364728495,10599.25
2018-10-05,1.3167917229217487,1.2393620855358,10316.45
2018-10-08,1.3167917229217487,1.2431583373378183,10348.05
2018-10-09,1.3167917229217487,1.2375120134550697,10301.05
2018-10-10,1.3167917229217487,1.2566194137433926,10460.1
2018-10-11,1.3167917229217487,1.2295350792888033,10234.65
2018-10-12,1.3167917229217487,1.2581090821720327,10472.5
2018-10-15,1.3167917229217487,1.262914464199904,10512.5
2018-10-16,1.3167917229217487,1.2715941854877464,10584.75
2018-10-17,1.3167917229217487,1.2557724651609803,10453.05
2018-10-19,1.3167917229217487,1.2378123498318114,10303.55
2018-10-22,1.3167917229217487,1.2308085055261893,10245.25
2018-10-23,1.3167917229217487,1.2189812590100912,10146.8
2018-10-24,1.3167917229217487,1.2283457472369053,10224.75
2018-10-25,1.3167917229217487,1.2163503123498318,10124.9
2018-10-26,1.3167917229217487,1.2049495434887074,10030.0
2018-10-29,1.3167917229217487,1.2314812590100914,10250.85
2018-10-30,1.3167917229217487,1.2251802018260451,10198.4
2018-10-31,1.3167917229217487,1.2477895242671793,10386.6
2018-11-01,1.3167917229217487,1.247050696780394,10380.45
2018-11-02,1.3167917229217487,1.2677799135031236,10553.0
2018-11-05,1.3167917229217487,1.264296011532917,10524.0
2018-11-06,1.3167917229217487,1.2650168188370976,10530.0
2018-11-07,1.3167917229217487,1.2732340221047573,10598.4
2018-11-09,1.3167917229217487,1.2716482460355598,10585.2
2018-11-12,1.3167917229217487,1.2592743873137915,10482.2
2018-11-13,1.3167917229217487,1.2713238827486786,10582.5
2018-11-14,1.3167917229217487,1.2705790485343584,10576.3
2018-11-15,1.3218216847804367,1.2754324843825084,10616.7
2018-11-16,1.329976697199844,1.2833012974531477,10682.2
2018-11-19,1.3400864225197804,1.293056222969726,10763.4
2018-11-20,1.3267395930333616,1.2801777991350314,10656.2
2018-11-21,1.319748693073824,1.273432244113407,10600.05
2018-11-22,1.3106225494044725,1.264626381547333,10526.75
2018-11-26,1.3233032824566344,1.2768620855358002,10628.6
2018-11-27,1.3304000108216145,1.2837097549255165,10685.6
2018-11-28,1.3357848090985514,1.2889055742431523,10728.85
2018-11-29,1.3519516543300016,1.3045050456511293,10858.7
2018-11-30,1.3541989516455786,1.306673474291206,10876.75
2018-12-03,1.3550704796904007,1.3075144161460837,10883.75
2018-12-04,1.3532962975991556,1.3058024987986545,10869.5
2018-12-05,1.3425142506446417,1.2953988467083133,10782.9
2018-12-06,1.3198856474808673,1.2735643921191735,10601.15
2018-12-07,1.33140849327348,1.2846828447861607,10693.7
2018-12-10,1.3058540459592314,1.2600252282556463,10488.45
2018-12-11,1.3134114391479033,1.2673173954829409,10549.15
2018-12-12,1.336874219154579,1.2899567515617492,10737.6
2018-12-13,1.3429194146948797,1.2964380105718403,10791.55
2018-12-14,1.3429194146948797,1.2981078808265258,10805.45
2018-12-17,1.3429194146948797,1.308067035079289,10888.35
2018-12-18,1.3429194146948797,1.3105117731859683,10908.7
2018-12-19,1.3429194146948797,1.3175516578567996,10967.3
2018-12-20,1.3410092323465133,1.31567755886593,10951.7
2018-12-21,1.3168013445085607,1.2919269581931763,10754.0
2018-12-24,1.3057198379363062,1.2810547813551176,10663.5
2018-12-26,1.3138442352961857,1.2890257087938493,10729.85
2018-12-27,1.3199604922385515,1.295026429601153,10779.8
2018-12-28,1.329768543911895,1.3046492071119653,10859.9
2018-12-31,1.3300930300159444,1.3049675636713118,10862.55
2019-01-02,1.3215155765862603,1.2965521383950025,10792.5
2019-01-03,1.3067912543176017,1.2821059586737145,10672.25
2019-01-04,1.3135381163301014,1.2887253724171073,10727.35
2019-01-07,1.3189809115470816,1.294065353195579,10771.8
2019-01-08,1.322697195795346,1.2977114368092262,10802.15
2019-01-09,1.3291869178763347,1.3040785679961557,10855.15
2019-01-10,1.3250788013514825,1.3000480538202788,10821.6
2019-01-11,1.321815573173023,1.2968464680442096,10794.95
2019-01-14,1.3147932040910473,1.2899567515617492,10737.6
2019-01-15,1.3330623839869629,1.3078808265257087,10886.8
2019-01-16,1.333490950539481,1.3083012974531474,10890.3
2019-01-17,1.335315419577344,1.3100913022585297,10905.2
2019-01-18,1.334861938002176,1.310301537722249,10906.95
2019-01-21,1.334861938002176,1.3168969245555022,10961.85
2019-01-22,1.3301005973730045,1.312199663623258,10922.75
2019-01-23,1.3189887730146435,1.3012373858721769,10831.5
2019-01-24,1.3212172265571969,1.3034358481499277,10849.8
2019-01-25,1.3127844173866052,1.2951165305141759,10780.55
2019-01-28,1.2982933806891264,1.280820518981259,10661.55
2019-01-29,1.2971547992343246,1.2796972609322441,10652.2
2019-01-30,1.2971060898672742,1.2796492071119654,10651.8
2019-01-31,1.3189217976349497,1.3011713118692938,10830.95
2019-02-01,1.3265569909200916,1.3087037481979817,10893.65
2019-02-04,1.3288219764879328,1.310938250840942,10912.25
2019-02-05,1.3315131690174646,1.3135932244113409,10934.35
2019-02-06,1.347112343815339,1.3289824603555984,11062.45
2019-02-07,1.3479586690678387,1.3298173954829409,11069.4
2019-02-08,1.332639573130504,1.314704469005286,10943.6
2019-02-11,1.3259663898446061,1.3081210956271023,10888.8
2019-02-12,1.3189765956728812,1.301225372417107,10831.4
2019-02-14,1.3085832344785129,1.290971888515137,10746.05
2019-02-15,1.3059468399869127,1.2883709754925516,10724.4
2019-02-18,1.295784848286034,1.2783457472369055,10640.95
2019-02-19,1.2906822772303266,1.2739488226814033,10604.35
2019-02-20,1.2906822772303266,1.2896984622777512,10735.45
2019-02-21,1.2906822772303266,1.296233781835656,10789.85
2019-02-22,1.2906822772303266,1.2964500240269101,10791.65
2019-02-25,1.2906822772303266,1.3070759250360404,10880.1
2019-02-26,1.2906822772303266,1.3016938971648244,10835.3
2019-02-27,1.2906822772303266,1.2982520422873618,10806.65
2019-02-28,1.2906822772303266,1.2965521383950025,10792.5
2019-03-01,1.2906822772303266,1.3050816914944738,10863.5
2019-03-05,1.2906822772303266,1.3199723690533398,10987.45
2019-03-06,1.2906822772303266,1.3278471888515138,11053.0
2019-03-07,1.2906822772303266,1.328471888515137,11058.2
2019-03-08,1.2906822772303266,1.3257328207592503,11035.4
2019-03-11,1.2906822772303266,1.3416686689091781,11168.05
2019-03-12,1.3060703123137316,1.3576645843344546,11301.2
2019-03-13,1.3107508637285112,1.3625300336376742,11341.7
2019-03-14,1.3109299959431508,1.3627162421912542,11343.25
2019-03-15,1.3205915786166216,1.372759490629505,11426.85
2019-03-18,1.3246769488021142,1.3770062469966364,11462.2
2019-03-19,1.3327899045877318,1.38543969245555,11532.4
2019-03-20,1.3314781944998861,1.3840761653051417,11521.05
2019-03-22,1.3240644321972168,1.3763695338779434,11456.9
2019-03-25,1.3122012568212387,1.3640377222489188,11354.25
2019-03-26,1.327109679846092,1.3795350792888035,11483.25
2019-03-27,1.3226949375240036,1.3749459394521863,11445.05
2019-03-28,1.3371353054073791,1.3899567515617492,11570.0
2019-04-01,1.3485939886857838,1.4018680922633349,11669.15
2019-04-02,1.3536848106566737,1.4071600192215281,11713.2
2019-04-03,1.3456816455832543,1.3988407015857762,11643.95
2019-04-04,1.3403712421879674,1.393320518981259,11598.0
2019-04-05,1.348224167339431,1.4014836617011053,11665.95
2019-04-08,1.341122441797747,1.394101393560788,11604.5
2019-04-09,1.3489175823638428,1.402204469005286,11671.95
2019-04-10,1.3381185505766195,1.391674675636713,11584.3
2019-04-11,1.3381185505766195,1.3931643440653534,11596.7
2019-04-12,1.3381185505766195,1.3987806343104279,11643.45
2019-04-15,1.3435085131755091,1.4044149447381067,11690.35
2019-04-16,1.3546332121002964,1.4160439692455549,11787.15
2019-04-18,1.3506855529260562,1.4119173474291205,11752.8
2019-04-22,1.332487246368824,1.3928940413262856,11594.45
2019-04-23,1.330361141718942,1.390671552138395,11575.95
2019-04-24,1.3476228129844696,1.4087157616530515,11726.15
2019-04-25,1.3379289250267647,1.3985824123017778,11641.8
2019-04-26,1.3508981633910444,1.4121395963479095,11754.65
2019-04-30,1.350151153649194,1.4113587217683805,11748.15
2019-05-02,1.3474619185785324,1.408547573282076,11724.75
2019-05-03,1.3460253613826663,1.407045891398366,11712.25
2019-05-06,1.332923959756367,1.3933505526189331,11598.25
2019-05-07,1.3213912785879534,1.3812950504565114,11497.9
2019-05-08,1.30547997108654,1.364662421912542,11359.45
2019-05-09,1.298854569299205,1.3577366650648726,11301.8
2019-05-10,1.2962227965163784,1.3549855838539164,11278.9
2019-05-13,1.281202154476402,1.3392839980778473,11148.2
2019-05-14,1.2896893343895792,1.3481559346468044,11222.05
2019-05-15,1.2822134907422917,1.3403411821239788,11157.0
2019-05-16,1.2930705820464046,1.3523666506487266,11257.1
2019-05-17,1.2930705820464046,1.3703928399807783,11407.15
2019-05-20,1.2930705820464046,1.4209814992791927,11828.25
2019-05-21,1.2930705820464046,1.4066674675636714,11709.1
2019-05-22,1.2930705820464046,1.4101273426237386,11737.9
2019-05-23,1.2930705820464046,1.400414464199904,11657.05
2019-05-24,1.2930705820464046,1.4228856319077368,11844.1
2019-05-27,1.2930705820464046,1.432574483421432,11924.75
2019-05-28,1.2935043255067025,1.433055021624219,11928.75
2019-05-29,1.2861686392344167,1.424927919269582,11861.1
2019-05-30,1.295364000592729,1.435115329168669,11945.9
2019-05-31,1.2928591321095093,1.4323402210475733,11922.8
2019-06-03,1.3108323767455974,1.4522525228255645,12088.55
2019-06-04,1.3035780173721174,1.44421552138395,12021.65
2019-06-06,1.2842872769753748,1.4228435848149927,11843.75
2019-06-07,1.2872042017458771,1.4260752042287361,11870.65
2019-06-10,1.2928482885230017,1.4323282075925037,11922.7
2019-06-11,1.2975001871346952,1.4374819798173954,11965.6
2019-06-12,1.2910590967492737,1.4303459875060067,11906.2
2019-06-13,1.291910318290108,1.4312890437289765,11914.05
2019-06-14,1.2820697635346026,1.4203868332532434,11823.3
2019-06-17,1.2656796825286014,1.4022284959154252,11672.15
2019-06-18,1.267777916517792,1.404553099471408,11691.5
2019-06-19,1.2677724947245386,1.4045470927438732,11691.45
2019-06-20,1.282986046594482,1.4214019702066314,11831.75
2019-06-21,1.2713129257192188,1.4084694858241231,11724.1
2019-06-24,1.2686616688181487,1.4055321960595868,11699.65
2019-06-25,1.278518681427076,1.4171612205670352,11796.45
2019-06-26,1.278518681427076,1.4233000961076405,11847.55
2019-06-27,1.278518681427076,1.4225792888034599,11841.55
2019-06-28,1.278518681427076,1.4162481979817396,11788.85
2019-07-01,1.278518681427076,1.4254685247477175,11865.6
2019-07-02,1.278518681427076,1.4308385391638634,11910.3
2019-07-03,1.278518681427076,1.4316134070158577,11916.75
2019-07-04,1.278518681427076,1.435217443536761,11946.75
2019-07-05,1.278518681427076,1.4189271984622778,11811.15
2019-07-08,1.278518681427076,1.3885872176838059,11558.6
2019-07-09,1.278518681427076,1.3882628543969244,11555.9
2019-07-10,1.278518681427076,1.381415185007208,11498.9
2019-07-11,1.278518681427076,1.3915064872657377,11582.9
2019-07-12,1.278518681427076,1.3878543969245556,11552.5
2019-07-15,1.278518681427076,1.392161220567035,11588.35
2019-07-16,1.278518681427076,1.4010812109562711,11662.6
2019-07-17,1.278518681427076,1.404072561268621,11687.5
2019-07-18,1.278518681427076,1.3931883709754924,11596.9
2019-07-19,1.278518681427076,1.3718464680442095,11419.25
2019-07-22,1.278518681427076,1.3630706391158098,11346.2
2019-07-23,1.278518681427076,1.3612506006727534,11331.05
2019-07-24,1.278518681427076,1.3540725612686209,11271.3
2019-07-25,1.278518681427076,1.3517719846227774,11252.15
2019-07-26,1.278518681427076,1.355634310427679,11284.3
2019-07-29,1.278518681427076,1.3442095146564152,11189.2
2019-07-30,1.278518681427076,1.3317395482940892,11085.4
2019-07-31,1.278518681427076,1.3356559346468044,11118.0
2019-08-01,1.278518681427076,1.3190773666506488,10980.0
2019-08-02,1.278518681427076,1.321161701105238,10997.35
2019-08-05,1.278518681427076,1.3049735703988468,10862.6
2019-08-06,1.278518681427076,1.315263094666026,10948.25
2019-08-07,1.278518681427076,1.3041206150888995,10855.5
2019-08-08,1.278518681427076,1.3253784238346948,11032.45
2019-08-09,1.278518681427076,1.3346528111484863,11109.65
2019-08-13,1.278518681427076,1.3125720807304182,10925.85
2019-08-14,1.278518681427076,1.3250120134550696,11029.4
2019-08-16,1.278518681427076,1.3272224891878903,11047.8
2019-08-19,1.278518681427076,1.3279553099471408,11053.9
2019-08-20,1.278518681427076,1.3235223450264295,11017.0
2019-08-21,1.278518681427076,1.3117131186929363,10918.7
2019-08-22,1.278518681427076,1.290407256126862,10741.35
2019-08-23,1.278518681427076,1.300979096588179,10829.35
2019-08-26,1.278518681427076,1.3284298414223932,11057.85
2019-08-27,1.278518681427076,1.3341362325804902,11105.35
2019-08-28,1.278518681427076,1.327018260451706,11046.1
2019-08-29,1.278518681427076,1.3152691013935607,10948.3
2019-08-30,1.278518681427076,1.3242731859682846,11023.25
2019-09-03,1.278518681427076,1.297200864968765,10797.9
2019-09-04,1.278518681427076,1.3028171552138395,10844.65
2019-09-05,1.278518681427076,1.303207592503604,10847.9
2019-09-06,1.278518681427076,1.3150168188370976,10946.2
2019-09-09,1.278518681427076,1.3218464680442095,11003.05
2019-09-11,1.278518681427076,1.3257688611244596,11035.7
2019-09-12,1.278518681427076,1.3194137433925996,10982.8
2019-09-13,1.278518681427076,1.33059827006247,11075.9
2019-09-16,1.278518681427076,1.3219005285920231,11003.5
2019-09-17,1.278518681427076,1.2995675156174917,10817.6
2019-09-18,1.278518681427076,1.3023366170110524,10840.65
2019-09-19,1.278518681427076,1.2860163382988947,10704.8
2019-09-20,1.278518681427076,1.3544209514656416,11274.2
2019-09-23,1.278518681427076,1.393584814992792,11600.2
2019-09-24,1.278518681427076,1.3921432003844307,11588.2
2019-09-25,1.278518681427076,1.3743632868813072,11440.2
2019-09-26,1.278518681427076,1.3901009130225854,11571.2
2019-09-27,1.278518681427076,1.3830370014416145,11512.4
2019-09-30,1.278518681427076,1.378477895242672,11474.45
2019-10-01,1.278518681427076,1.3647164824603555,11359.9
2019-10-03,1.278518681427076,1.3592023065833734,11314.0
2019-10-04,1.278518681427076,1.3424735703988466,11174.75
2019-10-07,1.278518681427076,1.3366650648726572,11126.4
2019-10-09,1.278518681427076,1.3591182123978856,11313.3
2019-10-10,1.278518681427076,1.349657616530514,11234.55
2019-10-11,1.278518681427076,1.358127102354637,11305.05
2019-10-14,1.278518681427076,1.362463959634791,11341.15
2019-10-15,1.278518681427076,1.3729336857280152,11428.3
2019-10-16,1.278518681427076,1.3772224891878904,11464.0
2019-10-17,1.278518681427076,1.3919209514656417,11586.35
2019-10-18,1.278518681427076,1.4009911100432484,11661.85
2019-10-22,1.278518681427076,1.392161220567035,11588.35
2019-10-23,1.278518681427076,1.3940533397405095,11604.1
2019-10-24,1.278518681427076,1.3914704469005286,11582.6
2019-10-25,1.278518681427076,1.3916266218164344,11583.9
2019-10-29,1.278518681427076,1.416007928880346,11786.85
2019-10-30,1.2847285843707548,1.4228856319077368,11844.1
2019-10-31,1.2883460562165485,1.4268921191734745,11877.45
2019-11-01,1.2897724356699873,1.428471888515137,11890.6
2019-11-04,1.295271860634957,1.4345627102354637,11941.3
2019-11-05,1.2926577355529894,1.4316674675636714,11917.2
2019-11-06,1.2979564911651935,1.4375360403652089,11966.05
2019-11-07,1.3029461075042192,1.4430622296972608,12012.05
2019-11-08,1.291676082773246,1.4305802498798654,11908.15
2019-11-11,1.2922509733514382,1.4312169629985585,11913.45
2019-11-13,1.284332669161245,1.4224471407976935,11840.45
2019-11-14,1.2877657421423356,1.4262493993272465,11872.1
2019-11-15,1.2902985147839932,1.4290545410860165,11895.45
2019-11-18,1.2891107691554642,1.4277390677558865,11884.5
2019-11-19,1.2951416967304605,1.4344185487746277,11940.1
2019-11-20,1.3015414220348631,1.4415064872657377,11999.1
2019-11-21,1.2982113954781653,1.4378183565593465,11968.4
2019-11-22,1.2923540197758308,1.4313310908217203,11914.4
2019-11-25,1.3096387015937385,1.4504745314752523,12073.75
2019-11-26,1.3057283609628283,1.4461436809226333,12037.7
2019-11-27,1.311905684965911,1.4537121576165306,12100.7
2019-11-28,1.311905684965911,1.459772945699183,12151.15
2019-11-29,1.311905684965911,1.4483481499279192,12056.05
2019-12-02,1.311905684965911,1.4474050937049496,12048.2
2019-12-03,1.311905684965911,1.4409178279673236,11994.2
2019-12-04,1.311905684965911,1.4468044209514657,12043.2
2019-12-05,1.311905684965911,1.4438250840941855,12018.4
2019-12-06,1.3013282652700118,1.4321840461316675,11921.5
2019-12-09,1.3030747948379622,1.4341061989428159,11937.5
2019-12-10,1.2942657363296124,1.4244113407015857,11856.8
2019-12-11,1.3000893208577469,1.430820518981259,11910.15
2019-12-12,1.3068189175992555,1.4382268140317154,11971.8
2019-12-13,1.3193611830590992,1.4520302739067756,12086.7
2019-12-16,1.3157862553497008,1.4480958673714561,12053.95
2019-12-17,1.327908262132256,1.4614368092263335,12165.0
2019-12-18,1.33409206838378,1.468242431523306,12221.65
2019-12-19,1.338245534012562,1.4728135511773186,12259.7
2019-12-20,1.3395663469983243,1.4742671792407496,12271.8
2019-12-23,1.3385784662114524,1.4731799615569439,12262.75
2019-12-24,1.3333170458880017,1.4673894762133588,12214.55
2019-12-26,1.3237111332642748,1.4568176357520422,12126.55
2019-12-27,1.3367282364504047,1.4711436809226333,12245.8
2019-12-30,1.3378252753352737,1.4723510331571361,12255.85
2019-12-31,1.328284857570345,1.4618512734262374,12168.45
2020-01-01,1.3298185288472015,1.4635391638635271,12182.5
2020-01-02,1.3407015912174924,1.4755165785679962,12282.2
2020-01-03,1.3339705399443278,1.46884310427679,12226.65
2020-01-06,1.3339705399443278,1.4407796732340221,11993.05
2020-01-07,1.3339705399443278,1.4479757328207594,12052.95
2020-01-08,1.3339705399443278,1.4446600192215282,12025.35
2020-01-09,1.3339705399443278,1.4675516578567995,12215.9
2020-01-10,1.3339705399443278,1.472465160980298,12256.8
2020-01-13,1.3339705399443278,1.4812049495434887,12329.55
2020-01-14,1.3339705399443278,1.4851393560788082,12362.3
2020-01-15,1.3339705399443278,1.4828567996155693,12343.3
2020-01-16,1.3339705399443278,1.48432244113407,12355.5
2020-01-17,1.3339705399443278,1.4839440172993754,12352.35
2020-01-20,1.3339705399443278,1.4685908217203267,12224.55
2020-01-21,1.3339705399443278,1.4620194617972129,12169.85
2020-01-22,1.3339705399443278,1.4544569918308505,12106.9
2020-01-23,1.3339705399443278,1.4632808745795292,12180.35
2020-01-24,1.3339705399443278,1.4714380105718405,12248.25
2020-01-27,1.3339705399443278,1.4559106198942815,12119.0
2020-01-28,1.3339705399443278,1.448318116290245,12055.8
2020-01-29,1.3339705399443278,1.4571720326765978,12129.5
2020-01-30,1.3339705399443278,1.4459154252763093,12035.8
2020-01-31,1.3339705399443278,1.4370615088899568,11962.1
2020-02-03,1.3339705399443278,1.406523306102835,11707.9
2020-02-04,1.3339705399443278,1.4391698702546851,11979.65
2020-02-05,1.3339705399443278,1.4523246035559827,12089.15
2020-02-06,1.3339705399443278,1.4581871696299857,12137.95
2020-02-07,1.3339705399443278,1.4534298414223932,12098.35
2020-02-10,1.3339705399443278,1.4453988467083132,12031.5
2020-02-11,1.3339705399443278,1.4545771263815472,12107.9
2020-02-12,1.3339705399443278,1.465785679961557,12201.2
2020-02-13,1.3339705399443278,1.4625961076405574,12174.65
2020-02-14,1.3339705399443278,1.4552438731379145,12113.45
2020-02-17,1.3339705399443278,1.4471167707832773,12045.8
2020-02-18,1.3339705399443278,1.4407135992311388,11992.5
2020-02-19,1.3339705399443278,1.4567395482940892,12125.9
2020-02-20,1.3339705399443278,1.4513274867851995,12080.85
2020-02-24,1.3339705399443278,1.421119654012494,11829.4
2020-02-25,1.3339705399443278,1.4173354156655453,11797.9
2020-02-26,1.3339705399443278,1.40299135031235,11678.5
2020-02-27,1.3339705399443278,1.3975612686208552,11633.3
2020-02-28,1.3339705399443278,1.3457172032676599,11201.75
2020-03-02,1.3339705399443278,1.337427919269582,11132.75
2020-03-03,1.3339705399443278,1.3579168668909178,11303.3
2020-03-04,1.3339705399443278,1.3516338298894761,11251.0
2020-03-05,1.3339705399443278,1.3537962518020183,11269.0
2020-03-06,1.3339705399443278,1.3202126381547334,10989.45
2020-03-09,1.3339705399443278,1.2555802498798656,10451.45
2020-03-11,1.3339705399443278,1.256415185007208,10458.4
2020-03-12,1.3339705399443278,1.1521083613647285,9590.15
2020-03-13,1.3339705399443278,1.1959634790965883,9955.2
2020-03-16,1.3339705399443278,1.1049255165785679,9197.4
2020-03-17,1.3339705399443278,1.0772525228255645,8967.05
2020-03-18,1.3339705399443278,1.0173954829408938,8468.8
2020-03-19,1.3339705399443278,0.99272585295531,8263.45
2020-03-20,1.3339705399443278,1.0506307063911582,8745.45
2020-03-23,1.3339705399443278,0.914253964440173,7610.25
2020-03-24,1.3339705399443278,0.9371756367131188,7801.05
2020-03-25,1.3339705399443278,0.9992611725132149,8317.85
2020-03-26,1.3339705399443278,1.038136713118693,8641.45
2020-03-27,1.3339705399443278,1.0403952426717924,8660.25
2020-03-30,1.3339705399443278,0.9948462277751081,8281.1
2020-03-31,1.3339705399443278,1.0328868332532437,8597.75
2020-04-01,1.3339705399443278,0.9915665545410859,8253.8
2020-04-03,1.3339705399443278,0.9711436809226334,8083.8
2020-04-07,1.3339705399443278,1.0562469966362327,8792.2
2020-04-08,1.3339705399443278,1.0510271504084574,8748.75
2020-04-09,1.3339705399443278,1.0946540124939932,9111.9
2020-04-13,1.3339705399443278,1.0804721287842385,8993.85
2020-04-15,1.3339705399443278,1.072236905333974,8925.3
2020-04-16,1.3339705399443278,1.0803459875060066,8992.8
2020-04-17,1.3339705399443278,1.1132568476693898,9266.75
2020-04-20,1.3339705399443278,1.1126681883709755,9261.85
2020-04-21,1.3339705399443278,1.0789824603555984,8981.45
2020-04-22,1.3339705399443278,1.1037121576165305,9187.3
2020-04-23,1.3339705399443278,1.1189211917347428,9313.9
2020-04-24,1.3339705399443278,1.0997597308986065,9154.4
2020-04-27,1.3339705399443278,1.1151249399327245,9282.3
2020-04-28,1.3339705399443278,1.126970206631427,9380.9
2020-04-29,1.3584930505364246,1.147687409899087,9553.35
2020-04-30,1.4020846749029494,1.184514656415185,9859.9
2020-05-04,1.321542198826617,1.1164704469005287,9293.5
2020-05-05,1.3090427573592625,1.1059106198942816,9205.6
2020-05-06,1.3183284630227237,1.1137554060547814,9270.9
2020-05-07,1.3081113427789304,1.1051237385872177,9199.05
2020-05-08,1.3155697694565498,1.1114247957712637,9251.5
2020-05-11,1.313820700855316,1.1099471407976935,9239.2
2020-05-12,1.307755841030712,1.1048234022104757,9196.55
2020-05-13,1.334347371797439,1.1272885631907736,9383.55
2020-05-14,1.3001054434090549,1.098360163382989,9142.75
2020-05-15,1.29926645928326,1.097651369533878,9136.85
2020-05-18,1.2546723199867593,1.0599771744353677,8823.25
2020-05-19,1.2626142290419555,1.0666866890917828,8879.1
2020-05-20,1.2892697501233616,1.0892059106198941,9066.55
2020-05-21,1.294915117885068,1.0939752522825565,9106.25
2020-05-22,1.2853876710328183,1.0859262373858722,9039.25
2020-05-26,1.2839372239000877,1.0847008649687648,9029.05
2020-05-27,1.32459240382633,1.1190473330129747,9314.95
2020-05-28,1.348824106878349,1.1400888995675156,9490.1
2020-05-29,1.348824106878349,1.1509250360403651,9580.3
2020-06-01,1.348824106878349,1.1804601153291687,9826.15
2020-06-02,1.348824106878349,1.1988346948582413,9979.1
2020-06-03,1.348824106878349,1.2087397885631908,10061.55
2020-06-04,1.348824106878349,1.2048414223930803,10029.1
2020-06-05,1.348824106878349,1.2184226333493513,10142.15
2020-06-08,1.348824106878349,1.22146203748198,10167.45
2020-06-09,1.3327986578118765,1.2069497837578087,10046.65
2020-06-10,1.3420185974651864,1.215299135031235,10116.15
2020-06-11,1.3136092438427935,1.1895723209995195,9902.0
2020-06-12,1.3230149088991916,1.1980898606439212,9972.9
2020-06-15,1.3018952773480128,1.1789644401729937,9813.7
2020-06-16,1.3152011758692643,1.1910139356078808,9914.0
2020-06-17,1.3108432619468007,1.1870675156174915,9881.15
2020-06-18,1.3387684029111422,1.2123558385391637,10091.65
2020-06-19,1.359032370998093,1.230706391158097,10244.4
2020-06-22,1.367894125945447,1.2387313791446422,10311.2
2020-06-23,1.389093354097949,1.2579288803459876,10471.0
2020-06-24,1.367111426032432,1.2380225852955309,10305.3
2020-06-25,1.3649357855962552,1.2360523786641038,10288.9
2020-06-26,1.37741918590383,1.2473570398846707,10383.0
2020-06-29,1.3680533191480937,1.238875540605478,10312.4
2020-06-30,1.3666869108253732,1.2376381547333013,10302.1
2020-07-01,1.3836608860576176,1.2530093704949543,10430.05
2020-07-02,1.399799096975965,1.2676237385872178,10551.7
2020-07-03,1.407181681748723,1.2743092263334936,10607.35
2020-07-06,1.427202638095308,1.2930862566074002,10763.65
2020-07-07,1.427202638095308,1.2974111004324844,10799.65
2020-07-08,1.427202638095308,1.2861304661220567,10705.75
2020-07-09,1.427202638095308,1.2990689572321001,10813.45
2020-07-10,1.427202638095308,1.293614848630466,10768.05
2020-07-13,1.427202638095308,1.2977775108121097,10802.7
2020-07-14,1.427202638095308,1.2743092263334936,10607.35
2020-07-15,1.427202638095308,1.2756126862085537,10618.2
2020-07-16,1.4435671745692964,1.2902390677558866,10739.95
2020-07-17,1.4653081501312482,1.309670831331091,10901.7
2020-07-20,1.4815046728837378,1.324147044690053,11022.2
2020-07-21,1.5003289302404692,1.340971888515137,11162.25
2020-07-22,1.4963436447665164,1.3374098990869774,11132.6
2020-07-23,1.5074795942274604,1.3473630466122057,11215.45
2020-07-24,1.5046166404131198,1.3448041806823643,11194.15
2020-07-27,1.496236115984757,1.33731379144642,11131.8
2020-07-28,1.5189179683871024,1.3575864968765017,11300.55
2020-07-29,1.505786015914752,1.3458493512734262,11202.85
2020-07-30,1.4922508305108042,1.3337518020182604,11102.15
2020-07-31,1.4883932354651908,1.3303039404132628,11073.45
2020-08-03,1.4639505992615374,1.3084574723690534,10891.6
2020-08-04,1.4913233947681306,1.3329228736184526,11095.25
2020-08-05,1.4921836250222047,1.333691734742912,11101.65
2020-08-06,1.5054231062763144,1.345524987986545,11200.15
2020-08-07,1.5072914188593816,1.34719485824123,11214.05
2020-08-10,1.5148318746802503,1.3539344065353196,11270.15
2020-08-11,1.5218682893366224,1.360223450264296,11322.5
2020-08-12,1.5192131080108362,1.3585295530994714,11308.4
2020-08-13,1.5192131080108362,1.357574483421432,11300.45
2020-08-14,1.5192131080108362,1.3429120615088899,11178.4
2020-08-17,1.5192131080108362,1.351165305141759,11247.1
2020-08-18,1.5192131080108362,1.3677739067755887,11385.35
2020-08-19,1.522288802841443,1.3705430081691494,11408.4
2020-08-20,1.5094522803813832,1.3589860643921192,11312.2
2020-08-21,1.517378365975225,1.366122056703508,11371.6
2020-08-24,1.5300347501263338,1.3775168188370976,11466.45
2020-08-25,1.530808677675901,1.3782135992311388,11472.25
2020-08-26,1.541129935599868,1.3875060067275349,11549.6
2020-08-27,1.5424175909194062,1.3886653051417588,11559.25
2020-08-28,1.5542066424718624,1.3992791926958195,11647.6
2020-08-31,1.5194999949473138,1.3680321960595867,11387.5
2020-09-01,1.5305418061070846,1.3779733301297452,11470.25
2020-09-02,1.5391817731475095,1.385752042287362,11535.0
2020-09-03,1.5381743329752284,1.3848450264296013,11527.45
2020-09-04,1.5123411651138188,1.3615869774147045,11333.85
2020-09-07,1.5151700037432705,1.364133829889476,11355.05
2020-09-08,1.510139474671085,1.3596047573282077,11317.35
2020-09-09,1.504888776554626,1.3548774627582894,11278.0
2020-09-10,1.527739654634514,1.3754505045651129,11449.25
2020-09-11,1.5297678785575175,1.377276549735704,11464.45
2020-09-14,1.5265120454179595,1.3743452666987024,11440.05
2020-09-15,1.5366517105829256,1.3841662662181642,11521.8
2020-09-16,1.5366517105829256,1.394107400288323,11604.55
2020-09-17,1.5366517105829256,1.3834814992791928,11516.1
2020-09-18,1.5366517105829256,1.3821419990389237,11504.95
2020-09-21,1.5366517105829256,1.3515797693416627,11250.55
2020-09-22,1.5366517105829256,1.3399387313791447,11153.65
2020-09-23,1.5366517105829256,1.3373197981739549,11131.85
2020-09-24,1.5366517105829256,1.2981198942815952,10805.55
2020-09-25,1.5366517105829256,1.3275168188370976,11050.25
2020-09-28,1.5366517105829256,1.3488166746756367,11227.55
2020-09-29,1.5366517105829256,1.3481979817395482,11222.4
2020-09-30,1.5366517105829256,1.3512193656895721,11247.55
2020-10-01,1.5366517105829256,1.371570158577607,11416.95
2020-10-05,1.5366517105829256,1.3819497837578087,11503.35
2020-10-06,1.5366517105829256,1.4010571840461317,11662.4
2020-10-07,1.5366517105829256,1.4102414704469006,11738.85
2020-10-08,1.5366517105829256,1.4217443536761174,11834.6
2020-10-09,1.5366517105829256,1.431307063911581,11914.2
2020-10-12,1.5366517105829256,1.4333193176357522,11930.95
2020-10-13,1.5366517105829256,1.4337457952907255,11934.5
2020-10-14,1.5366517105829256,1.4381367131186928,11971.05
2020-10-15,1.5366517105829256,1.403213599231139,11680.35
2020-10-16,1.5366517105829256,1.4130766458433446,11762.45
2020-10-19,1.5366517105829256,1.4263635271504083,11873.05
2020-10-20,1.5397255187557493,1.429216722729457,11896.8
2020-10-21,1.545012468813006,1.4341242191254204,11937.65
2020-10-22,1.5396802205300446,1.4291746756367132,11896.45
2020-10-23,1.5440676772483064,1.433247236905334,11930.35
2020-10-26,1.5230234158208902,1.4137133589620374,11767.75
2020-10-27,1.538767784840848,1.4283277270543007,11889.4
2020-10-28,1.5180859092190702,1.4091302258529554,11729.6
2020-10-29,1.5104758073006685,1.4020663142719845,11670.8
2020-10-30,1.5068001798434816,1.398654493032196,11642.4
2020-11-02,1.5102622585223462,1.4018680922633349,11669.15
2020-11-03,1.5289445410380138,1.4192095146564152,11813.5
2020-11-04,1.5412397737293084,1.4306222969726092,11908.5
2020-11-05,1.5686516714557952,1.4560667948101873,12120.3
2020-11-06,1.5871915881192475,1.473276069197501,12263.55
2020-11-09,1.6127527297669393,1.4970026429601153,12461.05
2020-11-10,1.6347611962843573,1.5174315233061029,12631.1
2020-11-11,1.6500396406970663,1.5316134070158578,12749.15
2020-11-12,1.6424877793545711,1.5246035559827005,12690.8
2020-11-13,1.6462604744382685,1.528105478135512,12719.95
2020-11-17,1.6653909375990592,1.5466362325804903,12874.2
2020-11-18,1.6653909375990592,1.554330850552619,12938.25
2020-11-19,1.6653909375990592,1.5343224411340703,12771.7
2020-11-20,1.6653909375990592,1.5448161941374339,12859.05
2020-11-23,1.6653909375990592,1.552913262854397,12926.45
2020-11-24,1.6819721191043446,1.5683745795290724,13055.15
2020-11-25,1.656623653982628,1.544738106679481,12858.4
2020-11-26,1.6731919518970002,1.5601874098990869,12987.0
2020-11-27,1.670866463737168,1.5580189812590102,12968.95
2020-12-01,1.6889163746065579,1.5748498318116289,13109.05
2020-12-02,1.6895219033794782,1.575414464199904,13113.75
2020-12-03,1.6921179469484875,1.577835175396444,13133.9
2020-12-04,1.7081773430217886,1.5928099471407977,13258.55
2020-12-07,1.720700193389417,1.6044870254685248,13355.75
2020-12-08,1.7254928892091266,1.608956030754445,13392.95
2020-12-09,1.7430338982374454,1.6253123498318116,13529.1
2020-12-10,1.7364890340535408,1.6192095146564152,13478.3
2020-12-11,1.741069150623183,1.6234802979336858,13513.85
2020-12-14,1.7467765813977296,1.628802258529553,13558.15
2020-12-15,1.74802628971631,1.629967563671312,13567.85
2020-12-16,1.7628230938801175,1.6437650168188371,13682.7
2020-12-17,1.770295576609772,1.6507328207592504,13740.7
2020-12-18,1.7728529694060418,1.6531174915905813,13760.55
2020-12-21,1.7171765312746574,1.6012013455069678,13328.4
2020-12-22,1.734075531642385,1.6177679000480538,13466.3
2020-12-23,1.734075531642385,1.6339620374819799,13601.1
2020-12-24,1.734075531642385,1.6517599711677078,13749.25
2020-12-28,1.734075531642385,1.6666506487265738,13873.2
2020-12-29,1.734075531642385,1.6737866410379625,13932.6
2020-12-30,1.734075531642385,1.6797152811148488,13981.95
2020-12-31,1.734075531642385,1.6796912542047093,13981.75
2021-01-01,1.734075531642385,1.6841061989428159,14018.5
2021-01-04,1.734075531642385,1.6978495915425276,14132.9
2021-01-05,1.734075531642385,1.7058505526189331,14199.5
2021-01-06,1.734075531642385,1.6994533877943296,14146.25
2021-01-07,1.734075531642385,1.6983841902931283,14137.35
2021-01-08,1.734075531642385,1.7236004324843825,14347.25
2021-01-11,1.734075531642385,1.7401189332051898,14484.75
2021-01-12,1.734075531642385,1.7495735223450266,14563.45
2021-01-13,1.734075531642385,1.749741710716002,14564.85
2021-01-14,1.734075531642385,1.753435848149928,14595.6
2021-01-15,1.734075531642385,1.7339860643921192,14433.7
2021-01-18,1.734075531642385,1.7156775588659297,14281.3
2021-01-19,1.734075531642385,1.7444918308505526,14521.15
2021-01-20,1.7488295305980062,1.7593344545891398,14644.7
2021-01-21,1.7423392040643113,1.7528051417587698,14590.35
2021-01-22,1.7162525098364243,1.7265617491590581,14371.9
2021-01-25,1.7003700180428378,1.7105838539163862,14238.9
2021-01-27,1.667960181405399,1.6779793368572802,13967.5
2021-01-28,1.6500535675373669,1.659965160980298,13817.55
2021-01-29,1.6282061850288208,1.637986544930322,13634.6
2021-02-01,1.7054213669365876,1.7156655454108602,14281.2
2021-02-02,1.749205694877328,1.7597128784238347,14647.85
2021-02-03,1.766174883477844,1.7767839980778473,14789.95
2021-02-04,1.7787972848506413,1.7894822200864968,14895.65
2021-02-05,1.78221261767242,1.7929180682364247,14924.25
2021-02-08,1.80508698837213,1.815929841422393,15115.8
2021-02-09,1.8043107763671804,1.815148966842864,15109.3
2021-02-10,1.8039764081188945,1.8148125901009131,15106.5
2021-02-11,1.8119534791851466,1.822837578087458,15173.3
2021-02-12,1.8107593068698393,1.82163623258049,15163.3
2021-02-15,1.8288390757235913,1.8398246035559829,15314.7
2021-02-16,1.828689804184178,1.8396744353676118,15313.45
2021-02-17,1.8152966302613267,1.8271143680922632,15208.9
2021-02-18,1.8152966302613267,1.816308265257088,15118.95
2021-02-19,1.8152966302613267,1.7998258049014897,14981.75
2021-02-22,1.8152966302613267,1.7630586256607401,14675.7
2021-02-23,1.8152966302613267,1.7669149447381065,14707.8
2021-02-24,1.8152966302613267,1.7998558385391639,14982.0
2021-02-25,1.8152966302613267,1.8137133589620376,15097.35
2021-02-26,1.8152966302613267,1.745452907256127,14529.15
2021-03-01,1.8152966302613267,1.7733721768380586,14761.55
2021-03-02,1.8152966302613267,1.7922993753003365,14919.1
2021-03-03,1.8152966302613267,1.8315233061028353,15245.6
2021-03-04,1.8152966302613267,1.811719125420471,15080.75
2021-03-05,1.8152966302613267,1.7945819317635752,14938.1
2021-03-08,1.8152966302613267,1.796756367131187,14956.2
2021-03-09,1.8152966302613267,1.813839500240269,15098.4
2021-03-10,1.8152966302613267,1.823017779913503,15174.8
2021-03-12,1.8152966302613267,1.8057364247957715,15030.95
2021-03-15,1.8152966302613267,1.7935487746275829,14929.5
2021-03-16,1.8152966302613267,1.7912602114368092,14910.45
2021-03-17,1.8152966302613267,1.7685367611725131,14721.3
2021-03-18,1.8152966302613267,1.7489007688611244,14557.85
2021-03-19,1.8152966302613267,1.7712638154733302,14744.0
2021-03-22,1.8152966302613267,1.7703507928880347,14736.4
2021-03-23,1.8152966302613267,1.7797633349351274,14814.75
2021-03-24,1.8152966302613267,1.7478856319077367,14549.4
2021-03-25,1.8152966302613267,1.7209154252763095,14324.9
2021-03-26,1.8152966302613267,1.7428279673234022,14507.3
2021-03-30,1.8152966302613267,1.7834094185487748,14845.1
2021-03-31,1.8152966302613267,1.7648606439211918,14690.7
2021-04-01,1.8152966302613267,1.786082412301778,14867.35
2021-04-05,1.8152966302613267,1.7585055261893319,14637.8
2021-04-06,1.8152966302613267,1.763995675156175,14683.5
2021-04-07,1.8152966302613267,1.7802799135031233,14819.05
2021-04-08,1.8152966302613267,1.786857280153772,14873.8
2021-04-09,1.8152966302613267,1.7821780394041327,14834.85
2021-04-12,1.8152966302613267,1.7192215281114849,14310.8
2021-04-13,1.8152966302613267,1.7425276309466602,14504.8
2021-04-15,1.8152966302613267,1.7517359442575686,14581.45
2021-04-16,1.8152966302613267,1.7561088419029314,14617.85
2021-04-19,1.8152966302613267,1.7250660740028834,14359.45
2021-04-20,1.8152966302613267,1.7174915905814512,14296.4
2021-04-22,1.8152966302613267,1.730676357520423,14406.15
2021-04-23,1.8152966302613267,1.7228916386352715,14341.35
2021-04-26,1.8152966302613267,1.740148966842864,14485.0
2021-04-27,1.8152966302613267,1.760337578087458,14653.05
2021-04-28,1.8152966302613267,1.785746035559827,14864.55
2021-04-29,1.8152966302613267,1.7893921191734743,14894.9
2021-04-30,1.8152966302613267,1.7577006246996636,14631.1
2021-05-03,1.8152966302613267,1.7580670350792889,14634.15
2021-05-04,1.8152966302613267,1.741530514175877,14496.5
2021-05-05,1.8152966302613267,1.7561088419029314,14617.85
2021-05-06,1.8152966302613267,1.7689572320999518,14724.8
2021-05-07,1.8152966302613267,1.7807724651609802,14823.15
2021-05-10,1.8152966302613267,1.7950925036040366,14942.35
2021-05-11,1.8152966302613267,1.7840881787602114,14850.75
2021-05-12,1.8152966302613267,1.765557424315233,14696.5
2021-05-14,1.8152966302613267,1.7633109082172032,14677.8
2021-05-17,1.8152966302613267,1.7927859202306582,14923.15
2021-05-18,1.8152966302613267,1.815004805382028,15108.1
2021-05-19,1.8152966302613267,1.8056403171552138,15030.15
2021-05-20,1.8152966302613267,1.7907316194137433,14906.05
2021-05-21,1.8152966302613267,1.8230778471888514,15175.3
2021-05-24,1.8179761584761138,1.8257688611244596,15197.7
2021-05-25,1.819262092775621,1.8270603075444498,15208.45
2021-05-26,1.830386919738798,1.8382328207592504,15301.45
2021-05-27,1.8347411530878268,1.8426057184046132,15337.85
2021-05-28,1.8464401646684583,1.8543548774627583,15435.65
2021-05-31,1.864042511847292,1.8720326765977895,15582.8
2021-06-01,1.8630915185746335,1.8710776069197501,15574.85
2021-06-02,1.8632530079982925,1.8712397885631908,15576.2
2021-06-03,1.8769078359321276,1.8849531475252284,15690.35
2021-06-04,1.8745034378465377,1.8825384430562229,15670.25
2021-06-07,1.8842406519842,1.8923173954829409,15751.65
2021-06-08,1.8828590202484508,1.8909298414223932,15740.1
2021-06-09,1.8703286371904635,1.8783457472369054,15635.35
2021-06-10,1.8825779090294887,1.8906475252282557,15737.75
2021-06-11,1.8899466116201522,1.8980478135511774,15799.35
2021-06-14,1.8914418840614393,1.899549495434887,15811.85
2021-06-15,1.8983081751118303,1.9064452186448824,15869.25
2021-06-16,1.886142638529517,1.8942275348390196,15767.55
2021-06-17,1.877033438817195,1.8850792888034598,15691.4
2021-06-18,1.8751324481233238,1.8841122056703508,15683.35
2021-06-21,1.8751324481233238,1.8916987025468526,15746.5
2021-06-22,1.8751324481233238,1.894852234502643,15772.75
2021-06-23,1.8751324481233238,1.8845446900528593,15686.95
2021-06-24,1.8751324481233238,1.896978616049976,15790.45
2021-06-25,1.8751324481233238,1.905376021143681,15860.35
2021-06-28,1.8751324481233238,1.899891878904373,15814.7
2021-06-29,1.8751324481233238,1.8919329649207113,15748.45
2021-06-30,1.8751324481233238,1.888695338779433,15721.5
2021-07-01,1.8751324481233238,1.8837097549255166,15680.0
2021-07-02,1.8751324481233238,1.8887794329649208,15722.2
2021-07-05,1.8751324481233238,1.9022525228255647,15834.35
2021-07-06,1.8751324481233238,1.9003183565593464,15818.25
2021-07-07,1.8751324481233238,1.9076946179721288,15879.65
2021-07-08,1.8751324481233238,1.8894641999038924,15727.9
2021-07-09,1.8751324481233238,1.8848870735223449,15689.8
2021-07-12,1.8751324481233238,1.8852234502642962,15692.6
2021-07-13,1.8751324481233238,1.8996095627102354,15812.35
2021-07-14,1.8751324481233238,1.9046071600192216,15853.95
2021-07-15,1.8751324481233238,1.9130466122056704,15924.2
2021-07-16,1.8751324481233238,1.912950504565113,15923.4
2021-07-19,1.8751324481233238,1.8924074963959634,15752.4
2021-07-20,1.8751324481233238,1.8779553099471409,15632.1
2021-07-22,1.8751324481233238,1.9010151369533876,15824.05
2021-07-23,1.8751324481233238,1.9048594425756846,15856.05
2021-07-26,1.8751324481233238,1.9010631907736666,15824.45
2021-07-27,1.8751324481233238,1.8916926958193176,15746.45
2021-07-28,1.8751324481233238,1.8872417107160018,15709.4
2021-07-29,1.8751324481233238,1.8955370014416146,15778.45
2021-07-30,1.8751324481233238,1.893686929360884,15763.05
2021-08-02,1.8751324481233238,1.9083553580009611,15885.15
2021-08-03,1.8751324481233238,1.9378604036520903,16130.75
2021-08-04,1.8751324481233238,1.953243632868813,16258.8
2021-08-05,1.8751324481233238,1.9575444497837577,16294.6
2021-08-06,1.8751324481233238,1.9507688611244596,16238.2
2021-08-09,1.8751324481233238,1.95317755886593,16258.25
2021-08-10,1.8751324481233238,1.9558024987986546,16280.1
2021-08-11,1.8751324481233238,1.9560607880826526,16282.25
2021-08-12,1.8751324481233238,1.9659298414223931,16364.4
2021-08-13,1.8940047755050737,1.9857160019221527,16529.1
2021-08-16,1.8978949729222592,1.9897945699183084,16563.05
2021-08-17,1.9038018853480587,1.9959875060067274,16614.6
2021-08-18,1.8985595721864614,1.9904913503123496,16568.85
2021-08-20,1.8849983096143297,1.9762734262373858,16450.5
2021-08-23,1.8902635399919339,1.981793608841903,16496.45
2021-08-24,1.904947746148408,1.997188851513695,16624.6
2021-08-25,1.9060993362527592,1.9983962037481982,16634.65
2021-08-26,1.9063571549328375,1.998666506487266,16636.9
2021-08-27,1.914183384199222,2.006871696299856,16705.2
2021-08-30,1.9400626503751068,2.0340040845747236,16931.05
2021-08-31,1.9631116403741298,2.058169149447381,17132.2
2021-09-01,1.9567005491961764,2.051447621335896,17076.25
2021-09-02,1.9747936912336894,2.070416866890918,17234.15
2021-09-03,1.985043416092812,2.0811629024507448,17323.6
2021-09-06,1.9912539816307044,2.08767419509851,17377.8
2021-09-07,1.9894549801741561,2.0857880826525705,17362.1
2021-09-08,1.9884695398858558,2.0847549255165787,17353.5
2021-09-09,1.9902742706464058,2.0866470446900527,17369.25
2021-09-13,1.9876814569325036,2.084971167707833,17355.3
2021-09-14,1.9876814569325036,2.087938491110043,17380.0
2021-09-15,1.9876814569325036,2.104691254204709,17519.45
2021-09-16,1.9876814569325036,2.11791206150889,17629.5
2021-09-17,1.9876814569325036,2.112584094185488,17585.15
2021-09-20,1.9876814569325036,2.089968765016819,17396.9
2021-09-21,1.9876814569325036,2.109802979336857,17562.0
2021-09-22,1.9876814569325036,2.107958913983662,17546.65
2021-09-23,1.9876814569325036,2.141152090341182,17822.95
2021-09-24,1.9876814569325036,2.14478616049976,17853.2
2021-09-27,1.9876814569325036,2.1450144161460836,17855.1
2021-09-28,1.9876814569325036,2.132220086496876,17748.6
2021-09-29,1.9876814569325036,2.1277390677558867,17711.3
2021-09-30,1.9876814569325036,2.116548534358482,17618.15
2021-10-01,1.9876814569325036,2.1062049495434887,17532.05
2021-10-04,1.9876814569325036,2.125330370014416,17691.25
2021-10-05,2.0024054394058166,2.141074002883229,17822.3
2021-10-06,1.982597441618368,2.119894281595387,17646.0
2021-10-07,1.9988157313552835,2.137235703988467,17790.35
2021-10-08,2.01059604087323,2.1498318116290247,17895.2
2021-10-11,2.0162980028001334,2.155928640076886,17945.95
2021-10-12,2.0214662835614643,2.161454829408938,17991.95
2021-10-13,2.0405439808065506,2.1818536761172513,18161.75
2021-10-14,2.0604081555587963,2.203093464680442,18338.55
2021-10-18,2.0759691748075864,2.2197320999519463,18477.05
2021-10-19,2.0694189407122474,2.212728255646324,18418.75
2021-10-20,2.0523242903244974,2.1944497837578085,18266.6
2021-10-21,2.042380967555415,2.1838178760211435,18178.1
2021-10-22,2.035280199205065,2.1762253724171075,18114.9
2021-10-25,2.0364599154658034,2.1774867851994237,18125.4
2021-10-26,2.0525265273977666,2.194666025949063,18268.4
2021-10-27,2.046071794142583,2.187764296011533,18210.95
2021-10-28,2.006332209245132,2.1452727054300817,17857.25
2021-10-29,1.9854793199124579,2.1229757328207595,17671.65
2021-11-01,2.0144666337477486,2.1539704469005287,17929.65
2021-11-02,2.0088888818988604,2.14908097068717,17888.95
2021-11-03,2.0088888818988604,2.141902931283037,17829.2
2021-11-04,2.0088888818988604,2.152426717924075,17916.8
2021-11-08,2.0088888818988604,2.1706571359923115,18068.55
2021-11-09,2.0088888818988604,2.1677378664103797,18044.25
2021-11-10,2.0088888818988604,2.164488226814032,18017.2
2021-11-11,2.0088888818988604,2.147236905333974,17873.6
2021-11-12,2.0088888818988604,2.1747657376261413,18102.75
2021-11-15,2.0088888818988604,2.1755706391158096,18109.45
2021-11-16,2.0088888818988604,2.16232580490149,17999.2
2021-11-17,2.0088888818988604,2.1502462758289287,17898.65
2021-11-18,2.0088888818988604,2.1341662662181644,17764.8
2021-11-22,2.0088888818988604,2.0923294089380104,17416.55
2021-11-23,2.0088888818988604,2.102757087938491,17503.35
2021-11-24,2.0088888818988604,2.0921492071119654,17415.05
2021-11-25,2.0088888818988604,2.106709514656415,17536.25
2021-11-26,2.0088888818988604,2.0454649207111966,17026.45
2021-11-29,2.0088888818988604,2.048768620855358,17053.95
2021-11-30,2.0088888818988604,2.040269101393561,16983.2
2021-12-01,2.0088888818988604,2.0623378183565597,17166.9
2021-12-02,2.0088888818988604,2.090539404132629,17401.65
2021-12-03,2.0088888818988604,2.0659178279673234,17196.7
2021-12-06,2.0088888818988604,2.031745555021624,16912.25
2021-12-07,2.0088888818988604,2.063515136953388,17176.7
2021-12-08,2.0088888818988604,2.0987205670350795,17469.75
2021-12-09,2.0088888818988604,2.1043789043728975,17516.85
2021-12-10,2.0088888818988604,2.1037121576165303,17511.3
2021-12-13,2.0088888818988604,2.086526910139356,17368.25
2021-12-14,2.0088888818988604,2.081319077366651,17324.9
2021-12-15,2.0088888818988604,2.068885151369534,17221.4
2021-12-16,2.0088888818988604,2.0721287842383473,17248.4
2021-12-17,2.0088888818988604,2.0405093704949544,16985.2
2021-12-20,2.0088888818988604,1.9959394521864489,16614.2
2021-12-21,2.0088888818988604,2.014758529553099,16770.85
2021-12-22,2.0088888818988604,2.0369353676117252,16955.45
2021-12-23,2.0088888818988604,2.051009130225853,17072.6
2021-12-24,2.0088888818988604,2.0427378664103797,17003.75
2021-12-27,2.0088888818988604,2.052648966842864,17086.25
2021-12-28,2.0088888818988604,2.0703087457952907,17233.25
2021-12-29,2.0088888818988604,2.067948101874099,17213.6
2021-12-30,2.0088888818988604,2.0667888034598754,17203.95
2021-12-31,2.0088888818988604,2.0848209995194615,17354.05
2022-01-03,2.0088888818988604,2.1174555502162424,17625.7
2022-01-04,2.0088888818988604,2.139025708793849,17805.25
2022-01-05,2.0088888818988604,2.153441854877463,17925.25
2022-01-06,2.0088888818988604,2.1318957232099955,17745.9
2022-01-07,2.0088888818988604,2.1399207111965404,17812.7
2022-01-10,2.0088888818988604,2.162818356559346,18003.3
2022-01-11,2.014741487913069,2.1691194137433927,18055.75
2022-01-12,2.0322156175951474,2.1879324843825083,18212.35
2022-01-13,2.0372871322442565,2.193392599711677,18257.8
2022-01-14,2.037058384058763,2.1931463238827487,18255.75
2022-01-17,2.0428998316248985,2.199435367611725,18308.1
2022-01-18,2.0211352786588104,2.176003123498318,18113.05
2022-01-19,2.0016470490995832,2.155021624219126,17938.4
2022-01-20,1.9814056242954385,2.1332292167227296,17757.0
2022-01-21,1.9658005346655623,2.116428399807785,17617.15
2022-01-24,1.9135734184606015,2.0601994233541565,17149.1
2022-01-25,1.927951078802465,2.075678760211437,17277.95
2022-01-27,1.9092272029362278,2.0555201826045173,17110.15
2022-01-28,1.9083122101942542,2.0545350792888035,17101.95
2022-01-31,1.9348581581595568,2.0831150888995675,17339.85
2022-02-01,1.9613036800922041,2.1115869774147042,17576.85
2022-02-02,1.983972067352193,2.1359923113887556,17780.0
2022-02-03,1.9594457984880753,2.109586737145603,17560.2
2022-02-04,1.9545472397840953,2.1043128303700143,17516.3
2022-02-07,1.9207706174675874,2.067948101874099,17213.6
2022-02-08,1.9257379819519964,2.074333253243633,17266.75
2022-02-09,1.9257379819519964,2.0980057664584333,17463.8
2022-02-10,1.9257379819519964,2.115070879384911,17605.85
2022-02-11,1.9257379819519964,2.087307784718885,17374.75
2022-02-14,1.9257379819519964,2.0234022104757328,16842.8
2022-02-15,1.9257379819519964,2.084628784238347,17352.45
2022-02-16,1.9257379819519964,2.0809947140797695,17322.2
2022-02-17,1.9257379819519964,2.078880345987506,17304.6
2022-02-18,1.9257379819519964,2.075480538202787,17276.3
2022-02-21,1.9257379819519964,2.0671131667467564,17206.65
2022-02-22,1.9257379819519964,2.0533637674195098,17092.2
2022-02-23,1.9257379819519964,2.049885872176838,17063.25
2022-02-24,1.9257379819519964,1.951940172993753,16247.95
2022-02-25,1.9257379819519964,2.001249399327247,16658.4
2022-02-28,1.9257379819519964,2.0175276309466605,16793.9
2022-03-02,1.9257379819519964,1.9949483421432004,16605.95
2022-03-03,1.9257379819519964,1.9819858241230177,16498.05
2022-03-04,1.9257379819519964,1.9516278231619415,16245.35
2022-03-07,1.9257379819519964,1.9057123978856318,15863.15
2022-03-08,1.9257379819519964,1.9237686208553582,16013.45
2022-03-09,1.9257379819519964,1.9636412782316195,16345.35
2022-03-10,1.9257379819519964,1.993620855358001,16594.9
2022-03-11,1.9257379819519964,1.9978916386352716,16630.45
2022-03-14,1.9257379819519964,2.026826045170591,16871.3
2022-03-15,1.9257379819519964,2.001802018260452,16663.0
2022-03-16,1.9257379819519964,2.039326045170591,16975.35
2022-03-17,1.9257379819519964,2.0767719846227775,17287.05
2022-03-21,1.9257379819519964,2.056415185007208,17117.6
2022-03-22,1.9257379819519964,2.080189812590101,17315.5
2022-03-23,1.9257379819519964,2.071798414223931,17245.65
2022-03-24,1.9257379819519964,2.0690473330129744,17222.75
2022-03-25,1.9257379819519964,2.060667948101874,17153.0
2022-03-28,1.9257379819519964,2.068957232099952,17222.0
2022-03-29,1.9257379819519964,2.081367131186929,17325.3
2022-03-30,1.9449616827813383,2.1021444017299373,17498.25
2022-03-31,1.9412380980586847,2.0981198942815955,17464.75
2022-04-01,1.9641020197736063,2.122831571359923,17670.45
2022-04-04,2.0066675949837625,2.1688370975492552,18053.4
2022-04-05,1.9959970238382474,2.1573041806823645,17957.4
2022-04-06,1.9793520443690718,2.1393140317155215,17807.65
2022-04-07,1.9606674296861435,2.1191194137433924,17639.55
2022-04-08,1.9767622078306286,2.1365148966842864,17784.35
2022-04-11,1.9646022027960524,2.1233721768380587,17674.95
2022-04-12,1.9485240974189817,2.1059947140797695,17530.3
2022-04-13,1.942449652490832,2.0994293608841903,17475.65
2022-04-18,1.908881814095566,2.063148726573763,17173.65
2022-04-19,1.884984180800923,2.037319798173955,16958.65
2022-04-20,1.904758082954955,2.058691734742912,17136.55
2022-04-21,1.9332184969321333,2.0894521864488227,17392.6
2022-04-22,1.908692856064864,2.062944497837578,17171.95
2022-04-25,1.8844617674219235,2.03675516578568,16953.95
2022-04-26,1.9118995849976563,2.06641037962518,17200.8
2022-04-27,1.8938485354764936,2.0469005285920234,17038.4
2022-04-28,1.9158596423593495,2.0717263334935128,17245.05
2022-04-29,1.9158596423593495,2.0546071600192213,17102.55
2022-05-02,1.9158596423593495,2.050588659298414,17069.1
2022-05-04,1.9158596423593495,2.0035559827006244,16677.6
2022-05-05,1.9158596423593495,2.0041626621816437,16682.65
2022-05-06,1.9158596423593495,1.9715581451225372,16411.25
2022-05-09,1.9158596423593495,1.9584154252763095,16301.85
2022-05-10,1.9158596423593495,1.9509911100432484,16240.05
2022-05-11,1.9158596423593495,1.9422272945699184,16167.1
2022-05-12,1.9158596423593495,1.8990869774147046,15808.0
2022-05-13,1.9158596423593495,1.8959814992791926,15782.15
2022-05-16,1.9158596423593495,1.903207592503604,15842.3
2022-05-17,1.9158596423593495,1.9533037001441613,16259.3
2022-05-18,1.9158596423593495,1.9510211436809226,16240.3
2022-05-19,1.9158596423593495,1.89925516578568,15809.4
2022-05-20,1.9158596423593495,1.9541266218164344,16266.15
2022-05-23,1.9158596423593495,1.9479456991830852,16214.7
2022-05-24,1.9158596423593495,1.9371876501681884,16125.15
2022-05-25,1.9158596423593495,1.925252282556463,16025.8
2022-05-26,1.9158596423593495,1.9425937049495434,16170.15
2022-05-27,1.9158596423593495,1.9644942335415667,16352.45
2022-05-30,1.9158596423593495,2.001609802979337,16661.4
2022-05-31,1.9158596423593495,1.992377462758289,16584.55
2022-06-01,1.9158596423593495,1.9849531475252282,16522.75
2022-06-02,1.9158596423593495,1.9975973089860644,16628.0
2022-06-03,1.9158596423593495,1.992347429120615,16584.3
2022-06-06,1.914155685621664,1.9905754444978374,16569.55
2022-06-07,1.8964576400478712,1.9721708313310906,16416.35
2022-06-08,1.889514738357369,1.9649507448342143,16356.25
2022-06-09,1.9035911538480128,1.9795891398366168,16478.1
2022-06-10,1.871672289670213,1.9463959634790966,16201.8
2022-06-13,1.8222979771490704,1.8950504565112927,15774.4
2022-06-14,1.81741137579286,1.8899687650168189,15732.1
2022-06-15,1.8127962522897723,1.8851693897164825,15692.15
2022-06-16,1.7744947705013194,1.845338779432965,15360.6
2022-06-17,1.7667432113759833,1.837277751081211,15293.5
2022-06-20,1.7732875604736031,1.8440833733781836,15350.15
2022-06-21,1.8066331274114313,1.8787602114368092,15638.8
2022-06-22,1.7805828057607114,1.8516698702546852,15413.3
2022-06-23,1.7971429548012026,1.8688911580970686,15556.65
2022-06-24,1.8136164619736757,1.8860223450264295,15699.25
2022-06-27,1.8289578487373812,1.901976213358962,15832.05
2022-06-28,1.831054581943415,1.9041566554541087,15850.2
2022-06-29,1.8251513826691277,1.8980177799135032,15799.1
2022-06-30,1.8229737837196107,1.8957532436328688,15780.25
2022-07-01,1.8188061914573963,1.8923654493032196,15752.05
2022-07-04,1.8188061914573963,1.9023726573762614,15835.35
2022-07-05,1.8188061914573963,1.8994293608841903,15810.85
2022-07-06,1.8188061914573963,1.920927438731379,15989.8
2022-07-07,1.8188061914573963,1.9381186929360883,16132.9
2022-07-08,1.8188061914573963,1.948654493032196,16220.6
2022-07-11,1.8188061914573963,1.9481018740989908,16216.0
2022-07-12,1.8188061914573963,1.9291566554541084,16058.3
2022-07-13,1.8188061914573963,1.9181463238827485,15966.65
2022-07-14,1.8188061914573963,1.9147825564632388,15938.65
2022-07-15,1.8188061914573963,1.928063431042768,16049.2
2022-07-18,1.8188061914573963,1.9556102835175397,16278.5
2022-07-19,1.8188061914573963,1.9630646323882748,16340.55
2022-07-20,1.8188061914573963,1.9847248918789042,16520.85
2022-07-21,1.8188061914573963,1.9948642479577126,16605.25
2022-07-22,1.8188061914573963,2.008583613647285,16719.45
2022-07-25,1.8188061914573963,1.9979577126381547,16631.0
2022-07-26,1.8188061914573963,1.9802799135031233,16483.85
2022-07-27,1.8188061914573963,1.9992551657856799,16641.8
2022-07-28,1.8188061914573963,2.033829889476213,16929.6
2022-07-29,1.8433708613655297,2.061298654493032,17158.25
2022-08-01,1.8629022717713841,2.083139115809707,17340.05
2022-08-02,1.8634824126745284,2.0837878423834697,17345.45
2022-08-03,1.868069823149391,2.088917587698222,17388.15
2022-08-04,1.86740910712081,2.088178760211437,17382.0
2022-08-05,1.869074326379835,2.090040845747237,17397.5
2022-08-08,1.882782841054131,2.105370014416146,17525.1
2022-08-10,1.8838195743347501,2.10652931283037,17534.75
2022-08-11,1.8971681867820958,2.121456030754445,17659.0
2022-08-12,1.9013742083298915,2.126159298414224,17698.15
2022-08-16,1.9150290062538962,2.1414283998077845,17825.25
2022-08-17,1.927813592823185,2.1557244113407017,17944.25
2022-08-18,1.929129653205318,2.157196059586737,17956.5
2022-08-19,1.9078524484150017,2.1334034118212397,17758.45
2022-08-22,1.879087128634102,2.101237385872177,17490.7
2022-08-23,1.8884123564846418,2.1116650648726574,17577.5
2022-08-24,1.8913614060756248,2.114962758289284,17604.95
2022-08-25,1.8824981422775884,2.1050516578567997,17522.45
2022-08-26,1.8864140933738118,2.1094305622296976,17558.9
2022-08-29,1.859055459504461,2.0798774627582897,17312.9
2022-08-30,1.859055459504461,2.133505526189332,17759.3
2022-09-01,1.859055459504461,2.107496395963479,17542.8
2022-09-02,1.859055459504461,2.107093945218645,17539.45
2022-09-05,1.8724476500981446,2.122272945699183,17665.8
2022-09-06,1.8713665235128216,2.121047573282076,17655.6
2022-09-07,1.868059548075363,2.1172993753003366,17624.4
2022-09-08,1.8865393931882142,2.13824483421432,17798.75
2022-09-09,1.890206744154114,2.1424014896684285,17833.35
2022-09-12,1.9011240028098277,2.154775348390197,17936.35
2022-09-13,1.9152952405017591,2.1708373378183565,18070.05
2022-09-14,1.9082679176971589,2.16287241710716,18003.75
2022-09-15,1.8948757271034753,2.147693416626622,17877.4
2022-09-16,1.85814392140311,2.1060607880826523,17530.85
2022-09-19,1.8678316635500252,2.1170410860163384,17622.25
2022-09-20,1.888394267231661,2.1403471888515138,17816.25
2022-09-21,1.8780175718686085,2.1285860163382986,17718.35
2022-09-22,1.868631909208769,2.117948101874099,17629.8
2022-09-23,1.836574386097889,2.0816134070158574,17327.35
2022-09-26,1.8036053248856583,2.0442455550216243,17016.3
2022-09-27,1.8026619889435629,2.043176357520423,17007.4
2022-09-28,1.7868902599341432,2.0253003363767417,16858.6
2022-09-29,1.7825975514335957,2.020434887073522,16818.1
2022-09-30,1.8109721240878704,2.053622056703508,17094.35
2022-10-03,1.8109721240878704,2.028754204709274,16887.35
2022-10-04,1.8109721240878704,2.0752402691013936,17274.3
2022-10-06,1.8109721240878704,2.0821480057664585,17331.8
2022-10-07,1.8109721240878704,2.080087698222009,17314.65
2022-10-10,1.8109721240878704,2.0712397885631906,17241.0
2022-10-11,1.8109721240878704,2.0403111484863046,16983.55
2022-10-12,1.8109721240878704,2.0571359923113888,17123.6
2022-10-13,1.8109721240878704,2.0440112926477654,17014.35
2022-10-14,1.8109721240878704,2.0645963479096587,17185.7
2022-10-17,1.8109721240878704,2.0797453147525227,17311.8
2022-10-18,1.8109721240878704,2.100786881307064,17486.95
2022-10-19,1.8109721240878704,2.1038262854396925,17512.25
2022-10-20,1.8109721240878704,2.110037241710716,17563.95
2022-10-21,1.8109721240878704,2.111520903411821,17576.3
2022-10-24,1.8268858627339664,2.130075684766939,17730.75
2022-10-25,1.8192200669730758,2.1211376741950985,17656.35
2022-10-27,1.827524679047374,2.1308205189812592,17736.95
2022-10-28,1.8326609682769492,2.1368092263334932,17786.8
2022-10-31,1.855885032315991,2.163887554060548,18012.2
2022-11-01,1.869609279565327,2.179889476213359,18145.4
2022-11-02,1.863164447242159,2.1723750600672753,18082.85
2022-11-03,1.8600579453309918,2.1687530033637676,18052.7
2022-11-04,1.8666985439437525,2.176495675156175,18117.15
2022-11-07,1.8755234822088094,2.1867851994233543,18202.8
2022-11-09,1.8708044842807345,2.1812830370014415,18157.0
2022-11-10,1.8575335905441395,2.1658097068716966,18028.2
2022-11-11,1.8906593074409979,2.2044329649207115,18349.7
2022-11-14,1.8885419404667196,2.2019641999038924,18329.15
2022-11-15,1.896192280994221,2.2108841902931284,18403.4
2022-11-16,1.8968362490520916,2.2116350312349833,18409.65
2022-11-17,1.890061705083294,2.20373618452667,18343.9
2022-11-18,1.886326690347645,2.199381307063912,18307.65
2022-11-21,1.8711084372040494,2.181637433925997,18159.95
2022-11-22,1.8788492320608319,2.1917587698222007,18244.2
2022-11-23,1.8788492320608319,2.1945278712157616,18267.25
2022-11-24,1.8788492320608319,2.220579048534358,18484.1
2022-11-25,1.8788492320608319,2.2240209034118212,18512.75
2022-11-28,1.8788492320608319,2.2300276309466605,18562.75
2022-11-29,1.8788492320608319,2.2366710716001923,18618.05
2022-11-30,1.8788492320608319,2.2535259490629502,18758.35
2022-12-01,1.884272933288077,2.260031234983181,18812.5
2022-12-02,1.8726142292649681,2.246047573282076,18696.1
2022-12-05,1.8731100246680126,2.246642239308025,18701.05
2022-12-06,1.86727065658771,2.2396383950024026,18642.75
2022-12-07,1.8590324400421714,2.2297573282075924,18560.5
2022-12-08,1.8639252896257528,2.23562590100913,18609.35
2022-12-09,1.8526321721119596,2.222080730418068,18496.6
2022-12-12,1.852687260490076,2.2221468044209516,18497.15
2022-12-13,1.8637900726976497,2.2354637193656894,18608.0
2022-12-14,1.8690284766530498,2.241746756367131,18660.3
2022-12-15,1.8444490439445373,2.2122657376261414,18414.9
2022-12-16,1.829835599640658,2.194738106679481,18269.0
2022-12-19,1.845004935760072,2.2129324843825087,18420.45
2022-12-20,1.841484287595018,2.2087097549255166,18385.3
2022-12-21,1.8228343675855432,2.186340701585776,18199.1
2022-12-22,1.8156478382585841,2.1777210475732818,18127.35
2022-12-23,1.7835413298856677,2.139211917347429,17806.8
2022-12-26,1.8043547207447914,2.16417587698222,18014.6
2022-12-27,1.816143633661629,2.1783157135992313,18132.3
2022-12-28,1.8142544778948262,2.1771383950024026,18122.5
2022-12-29,1.8142544778948262,2.185367611725132,18191.0
2022-12-30,1.8142544778948262,2.175072080730418,18105.3
2023-01-02,1.8142544778948262,2.1861424795771263,18197.45
2023-01-03,1.8142544778948262,2.1903592023065834,18232.55
2023-01-04,1.8142544778948262,2.167581691494474,18042.95
2023-01-05,1.8142544778948262,2.1614788563190777,17992.15
2023-01-06,1.8142544778948262,2.145537001441615,17859.45
2023-01-09,1.8142544778948262,2.1745795290725614,18101.2
2023-01-10,1.8142544778948262,2.1521083613647285,17914.15
2023-01-11,1.8142544778948262,2.149891878904373,17895.7
2023-01-12,1.8142544778948262,2.1453868332532435,17858.2
2023-01-13,1.8142544778948262,2.1572080730418066,17956.6
2023-01-16,1.8142544778948262,2.1497897645362807,17894.85
2023-01-17,1.8142544778948262,2.1688250840941854,18053.3
2023-01-18,1.8142544778948262,2.1822861604997597,18165.35
2023-01-19,1.8142544778948262,2.1753784238346947,18107.85
2023-01-20,1.8142544778948262,2.1657436328688133,18027.65
2023-01-23,1.8142544778948262,2.1766638635271502,18118.55
2023-01-24,1.8142544778948262,2.176633829889476,18118.3
2023-01-25,1.8142544778948262,2.14944137433926,17891.95
2023-01-27,1.8142544778948262,2.114890677558866,17604.35
2023-01-30,1.8142544778948262,2.1202486785199426,17648.95
2023-01-31,1.8142544778948262,2.12183445458914,17662.15
2023-02-01,1.8142544778948262,2.1163262854396923,17616.3
2023-02-02,1.8142544778948262,2.1156174915905814,17610.4
2023-02-03,1.8142544778948262,2.144888274867852,17854.05
2023-02-06,1.8142544778948262,2.1341422393080247,17764.6
2023-02-07,1.8142544778948262,2.128964440172994,17721.5
2023-02-08,1.8142544778948262,2.1470086496876504,17871.7
2023-02-09,1.8142544778948262,2.149621576165305,17893.45
2023-02-10,1.8142544778948262,2.145182604517059,17856.5
2023-02-13,1.8142544778948262,2.134899086977415,17770.9
2023-02-14,1.8142544778948262,2.1539944738106676,17929.85
2023-02-15,1.8142544778948262,2.164326045170591,18015.85
2023-02-16,1.8142544778948262,2.1667287361845267,18035.85
2023-02-17,1.8142544778948262,2.1557184046131668,17944.2
2023-02-20,1.8142544778948262,2.1437530033637673,17844.6
2023-02-21,1.8142544778948262,2.141602594906295,17826.7
2023-02-22,1.8142544778948262,2.108877943296492,17554.3
2023-02-23,1.8142544778948262,2.103706150888996,17511.25
2023-02-24,1.8142544778948262,2.098246035559827,17465.8
2023-02-27,1.8142544778948262,2.0894641999038925,17392.7
2023-02-28,1.8142544778948262,2.0788022585295534,17303.95
2023-03-01,1.8142544778948262,2.096456030754445,17450.9
2023-03-02,1.8142544778948262,2.0809586737145604,17321.9
2023-03-03,1.8142544778948262,2.113689332051898,17594.35
2023-03-06,1.8142544778948262,2.127757087938491,17711.45
2023-03-08,1.8142544778948262,2.132916866890918,17754.4
2023-03-09,1.8142544778948262,2.113118692936088,17589.6
2023-03-10,1.8142544778948262,2.0918909178279677,17412.9
2023-03-13,1.8142544778948262,2.0608241230177797,17154.3
2023-03-14,1.8142544778948262,2.047489187890437,17043.3
2023-03-15,1.8142544778948262,2.0389416146083614,16972.15
2023-03-16,1.8142544778948262,2.040557424315233,16985.6
2023-03-17,1.8142544778948262,2.0543068236424795,17100.05
2023-03-20,1.8142544778948262,2.040893801057184,16988.4
2023-03-21,1.8142544778948262,2.0552018260451708,17107.5
2023-03-22,1.8142544778948262,2.060535800096108,17151.9
2023-03-23,1.8142544778948262,2.051525708793849,17076.9
2023-03-24,1.8142544778948262,2.0356859682844783,16945.05
2023-03-27,1.8142544778948262,2.0405694377703028,16985.7
2023-03-28,1.8142544778948262,2.036484863046612,16951.7
2023-03-29,1.8142544778948262,2.0519822200864968,17080.7
2023-03-31,1.8142544778948262,2.0855057664584336,17359.75
2023-04-03,1.8142544778948262,2.09010691975012,17398.05
2023-04-05,1.8142544778948262,2.109208313310908,17557.05
2023-04-06,1.8142544778948262,2.114265977895243,17599.15
2023-04-10,1.8142544778948262,2.1172573282075926,17624.05
2023-04-11,1.8142544778948262,2.129060547813551,17722.3
2023-04-12,1.8142544778948262,2.1398846708313313,17812.4
2023-04-13,1.8142544778948262,2.141758769822201,17828.0
2023-04-17,1.8142544778948262,2.1272044690052856,17706.85
2023-04-18,1.8142544778948262,2.1215941854877465,17660.15
2023-04-19,1.8142544778948262,2.1166206150888995,17618.75
2023-04-20,1.8142544778948262,2.117305382027871,17624.45
2023-04-21,1.8142544778948262,2.1172573282075926,17624.05
2023-04-24,1.8265406023631947,2.1315953868332533,17743.4
2023-04-25,1.8292016523632562,2.134700864968765,17769.25
2023-04-26,1.8337671288623942,2.1400288322921672,17813.6
2023-04-27,1.84421059201544,2.1522164824603554,17915.05
2023-04-28,1.8596467408552544,2.1702306583373376,18065.0
2023-05-02,1.868154894917346,2.1801597789524267,18147.65
2023-05-03,1.8622048488823923,2.1732160019221527,18089.85
2023-05-04,1.8792880692889757,2.1931523306102836,18255.8
2023-05-05,1.8600585087469463,2.170711196540125,18069.0
2023-05-08,1.8801733702561145,2.194185487746276,18264.4
2023-05-09,1.8803329303141454,2.194371696299856,18265.95
2023-05-10,1.885392528283314,2.2002763094666022,18315.1
2023-05-11,1.8835292785734064,2.198101874098991,18297.0
2023-05-12,1.885361645691437,2.2002402691013936,18314.8
2023-05-15,1.894013918515621,2.210337578087458,18398.85
2023-05-16,1.8824483878577143,2.1968404613166745,18286.5
2023-05-17,1.8716652161940228,2.1842563671311868,18181.75
2023-05-18,1.8663328219966078,2.178033397405094,18129.95
2023-05-19,1.8738939099078074,2.1868572801537725,18203.4
2023-05-22,1.8843778086678171,2.200192215281115,18314.4
2023-05-23,1.8843778086678171,2.2042287361845267,18348.0
2023-05-24,1.8843778086678171,2.1967083133109084,18285.4
2023-05-25,1.8843778086678171,2.2010031234983183,18321.15
2023-05-26,1.8843778086678171,2.2224111004324842,18499.35
2023-05-29,1.8944926892663634,2.2343404613166746,18598.65
2023-05-30,1.898078225994146,2.238569197501201,18633.85
2023-05-31,1.8879480661197714,2.226621816434407,18534.4
2023-06-01,1.8831962113370706,2.221017539644402,18487.75
2023-06-02,1.887917507568114,2.2265857760691974,18534.1
2023-06-05,1.8940037524398472,2.23376381547333,18593.85
2023-06-06,1.8945283409099636,2.2343825084094187,18599.0
2023-06-07,1.9075055391804046,2.2496876501681884,18726.4
2023-06-08,1.8981495292813464,2.238653291686689,18634.55
2023-06-09,1.8909020594466381,2.230105718404613,18563.4
2023-06-12,1.8947829955071076,2.2346828447861604,18601.5
2023-06-13,1.906461455332116,2.2484562710235467,18716.15
2023-06-14,1.9105104634267,2.2532316194137434,18755.9
2023-06-15,1.9036042307521637,2.2450864968765014,18688.1
2023-06-16,1.9176509783306082,2.261653051417588,18826.0
2023-06-19,1.9104646255992144,2.25317755886593,18755.45
2023-06-20,1.9167036632292338,2.2605358000961076,18816.7
2023-06-21,1.9207934160593607,2.265359202306583,18856.85
2023-06-22,1.912074042653162,2.255075684766939,18771.25
2023-06-23,1.9003515021173885,2.2423714560307544,18665.5
2023-06-26,1.9003515021173885,2.245458913983662,18691.2
2023-06-27,1.9003515021173885,2.2606198942815956,18817.4
2023-06-28,1.9159745094073197,2.2792047092743872,18972.1
2023-06-30,1.9378840855647257,2.3052679000480536,19189.05
2023-07-03,1.9513661248226823,2.321305862566074,19322.55
2023-07-04,1.9580768477342272,2.329288803459875,19389.0
2023-07-05,1.9590362437862914,2.3304300816914947,19398.5
2023-07-06,1.9690139627277603,2.3422993753003363,19497.3
2023-07-07,1.9523002736102186,2.3224171071600193,19331.8
2023-07-10,1.954734109910719,2.325312349831812,19355.9
2023-07-11,1.963166696263074,2.335343584814993,19439.4
2023-07-12,1.9576021991611008,2.3287241710716002,19384.3
2023-07-13,1.9605763269225003,2.3322621335896203,19413.75
2023-07-14,1.9758004274328895,2.35037241710716,19564.5
2023-07-17,1.9906407695224528,2.368026189332052,19711.45
2023-07-18,1.9944581559190875,2.3725672753483904,19749.25
2023-07-19,2.0029311378946875,2.3826465641518504,19833.15
2023-07-20,2.0176755403790443,2.4001862085535803,19979.15
2023-07-21,1.9940289524221115,2.372056703507929,19745.0
2023-07-24,1.9866920973502722,2.363328928399808,19672.35
2023-07-25,1.9875252570796964,2.364320038443056,19680.6
2023-07-26,1.9963931921132136,2.3760571840461315,19778.3
2023-07-27,1.9963931921132136,2.361833253243633,19659.9
2023-07-28,1.9963931921132136,2.360169389716482,19646.05
2023-07-31,1.9963931921132136,2.3731138875540605,19753.8
2023-08-01,1.9943466510861558,2.3706811629024505,19733.55
2023-08-02,1.9734264539206772,2.345813310908217,19526.55
2023-08-03,1.958782315904842,2.3284058145122537,19381.65
2023-08-04,1.9724612950659413,2.344666025949063,19517.0
2023-08-07,1.980576714546076,2.3543128303700143,19597.3
2023-08-08,1.977903578241598,2.3511352715040843,19570.85
2023-08-09,1.9841392118894727,2.3585475732820758,19632.55
2023-08-10,1.9750990590563708,2.3478015377222485,19543.1
2023-08-11,1.963496940048656,2.3340100913022583,19428.3
2023-08-14,1.9641285885137971,2.334760932244113,19434.55
2023-08-16,1.9672059798359656,2.3384190293128304,19465.0
2023-08-17,1.9571248703323108,2.3264356078808266,19365.25
2023-08-18,1.9515562574636256,2.319816194137434,19310.15
2023-08-21,1.9599900277701914,2.32984142239308,19393.6
2023-08-22,1.9602780594702962,2.3301838058625663,19396.45
2023-08-23,1.965083640993091,2.335896203748198,19444.0
2023-08-24,1.959292687864676,2.3290124939932726,19386.7
2023-08-25,1.947074079954983,2.3144882268140314,19265.8
2023-08-28,1.9511418960704927,2.319323642479577,19306.05
2023-08-29,1.953863409067619,2.3237205670350796,19342.65
2023-08-30,1.953863409067619,2.324297212878424,19347.45
2023-08-31,1.953863409067619,2.31304661220567,19253.8
2023-09-01,1.953863409067619,2.3348510331571357,19435.3
2023-09-04,1.953863409067619,2.3460836136472847,19528.8
2023-09-05,1.953863409067619,2.351621816434407,19574.9
2023-09-06,1.953863409067619,2.355964680442095,19611.05
2023-09-07,1.953863409067619,2.3699002883229214,19727.05
2023-09-08,1.9630646789332291,2.3810607880826526,19819.95
2023-09-11,1.9805361967404798,2.4022525228255645,19996.35
2023-09-12,1.9802242053510648,2.40187409899087,19993.2
2023-09-13,1.9878308525596637,2.4111004324843823,20070.0
2023-09-14,1.9911092382706614,2.4150768861124456,20103.1
2023-09-15,1.999948994304092,2.4257988947621336,20192.35
2023-09-18,1.9941003938136261,2.4187049495434887,20133.3
2023-09-20,1.9711318848595363,2.3908457472369053,19901.4
2023-09-21,1.955378795816207,2.3717383469485824,19742.35
2023-09-22,1.9486338391117073,2.363557184046132,19674.25
2023-09-25,1.948663552577366,2.3635932244113405,19674.55
2023-09-26,1.947687960454909,2.3624098990869773,19664.7
2023-09-27,1.9528135332810157,2.3686268620855357,19716.45
2023-09-28,1.9337077748625422,2.345452907256127,19523.55
2023-09-29,1.9450731754769528,2.3592383469485823,19638.3
2023-10-03,1.9342228082672912,2.34607760691975,19528.75
2023-10-04,1.925046299623063,2.334947140797693,19436.1
2023-10-05,1.9359065713212777,2.3481198942815955,19545.75
2023-10-06,1.946578657736988,2.3610643921191734,19653.5
2023-10-09,1.931632172908549,2.3441074002883227,19512.35
2023-10-10,1.931632172908549,2.3654312830370015,19689.85
2023-10-11,1.931632172908549,2.38002763094666,19811.35
2023-10-12,1.931632172908549,2.377943296492071,19794.0
2023-10-13,1.931632172908549,2.372783517539644,19751.05
2023-10-16,1.931632172908549,2.3704649207111967,19731.75
2023-10-17,1.931632172908549,2.3800456511292647,19811.5
2023-10-18,1.9179430955001568,2.3631787602114365,19671.1
2023-10-19,1.9134190699178963,2.3576045170591065,19624.7
2023-10-20,1.9054191496802997,2.3477474771744355,19542.65
2023-10-23,1.8799812558352176,2.3164043728976456,19281.75
2023-10-25,1.8644201678410626,2.2972308986064394,19122.15
2023-10-26,1.8385922717906131,2.265407256126862,18857.25
2023-10-27,1.8571173765455598,2.28823282075925,19047.25
2023-10-30,1.8662483031787216,2.299483421432004,19140.9
2023-10-31,1.8602715193814676,2.292119173474291,19079.6
2023-11-01,1.8514525945126,2.2812530033637675,18989.15
2023-11-02,1.8655024239609566,2.2985643921191734,19133.25
2023-11-03,1.874994102634083,2.310259490629505,19230.6
2023-11-06,1.8926563275096548,2.332021864488227,19411.75
2023-11-07,1.8921639497253786,2.331415185007208,19406.7
2023-11-08,1.8957519700147578,2.3358361364728495,19443.5
2023-11-09,1.8910524434400817,2.330045651129265,19395.3
2023-11-10,1.8939823350079035,2.3336556943777027,19425.35
2023-11-13,1.8957568450423248,2.3358421432003844,19443.55
2023-11-15,1.9183672228984938,2.3637013455069678,19675.45
2023-11-16,1.926154338432732,2.374483421432004,19765.2
2023-11-17,1.926154338432732,2.3704709274387312,19731.8
2023-11-20,1.926154338432732,2.365929841422393,19694.0
2023-11-21,1.926154338432732,2.3766698702546853,19783.4
2023-11-22,1.926154338432732,2.3800876982220083,19811.85
2023-11-23,1.926154338432732,2.3789043728976456,19802.0
2023-11-24,1.926154338432732,2.378027390677559,19794.7
2023-11-28,1.926154338432732,2.389440172993753,19889.7
2023-11-29,1.946190906738022,2.4142960115329166,20096.6
2023-11-30,1.9497304745077584,2.4186869293608844,20133.15
2023-12-01,1.9627799069830503,2.4348750600672755,20267.9
2023-12-04,2.0033469367708028,2.485199423354157,20686.8
2023-12-05,2.0196454116174936,2.5054180682364247,20855.1
2023-12-06,2.0276445442516984,2.515341182123979,20937.7
2023-12-07,2.0241049764819627,2.5109502642960115,20901.15
2023-12-08,2.0307144292941235,2.519149447381067,20969.4
2023-12-11,2.033396947138766,2.5224771744353673,20997.1
2023-12-12,2.024613395929052,2.5115809706871697,20906.4
2023-12-13,2.0265453898279913,2.51397765497357,20926.35
2023-12-14,2.051370785115866,2.54477414704469,21182.7
2023-12-15,2.0779005960739827,2.577685007208073,21456.65
2023-12-18,2.0742206076950507,2.5731198942815956,21418.65
2023-12-19,2.0775568076859505,2.577258529553099,21453.1
2023-12-20,2.0482185845439127,2.54086376741951,21150.15
2023-12-21,2.058377289305754,2.553465881787602,21255.05
2023-12-22,2.0675143130834446,2.5648005766458435,21349.4
2023-12-26,2.0764189165424654,2.575846948582412,21441.35
2023-12-27,2.09603641406588,2.6014836617011055,21654.75
2023-12-28,2.09603641406588,2.616374339259971,21778.7
2023-12-29,2.09603641406588,2.6106919750120134,21731.4
2024-01-01,2.09603641406588,2.6119533877943297,21741.9
2024-01-02,2.09603641406588,2.6028111484863046,21665.8
2024-01-03,2.09603641406588,2.5849771744353673,21517.35
2024-01-04,2.09603641406588,2.6019461797212875,21658.6
2024-01-05,2.101088130280882,2.60821720326766,21710.8
2024-01-08,2.0819458033205875,2.5844545891398365,21513.0
2024-01-09,2.0850281244211204,2.588280874579529,21544.85
2024-01-10,2.092175044775103,2.5971528111484865,21618.7
2024-01-11,2.0949331656970864,2.600576645843345,21647.2
2024-01-12,2.1188707520147245,2.630291926958193,21894.55
2024-01-15,2.138506637455795,2.65466722729457,22097.45
2024-01-16,2.1322016698043127,2.6468404613166747,22032.3
2024-01-17,2.087650758701322,2.591536520903412,21571.95
2024-01-18,2.077034412556002,2.578357760691975,21462.25
2024-01-19,2.092533116614097,2.5975973089860647,21622.4
2024-01-23,2.0554097767659223,2.5515136953387794,21238.8
2024-01-24,2.076231170322582,2.577360643921192,21453.95
2024-01-25,2.066422905219317,2.565185007208073,21352.6
2024-01-29,2.103681731709273,2.6114368092263334,21737.6
2024-01-30,2.082826466492168,2.585547813551177,21522.1
2024-01-31,2.1025300952541293,2.610007208073042,21725.7
2024-02-01,2.099796168375321,2.6066134070158578,21697.45
2024-02-02,2.114927122977151,2.625396444017299,21853.8
2024-02-05,2.1059283082987847,2.615533397405094,21771.7
2024-02-06,2.1059283082987847,2.634478616049976,21929.4
2024-02-07,2.1059283082987847,2.6346107640557426,21930.5
2024-02-08,2.1059283082987847,2.609076165305142,21717.95
2024-02-09,2.1059283082987847,2.6168308505526188,21782.5
2024-02-12,2.1059283082987847,2.5968344545891395,21616.05
2024-02-13,2.1059283082987847,2.6121155694377705,21743.25
2024-02-14,2.1059283082987847,2.6237445939452186,21840.05
2024-02-15,2.1059283082987847,2.632238106679481,21910.75
2024-02-16,2.1059283082987847,2.6478495915425277,22040.7
2024-02-19,2.1059283082987847,2.65764656415185,22122.25
2024-02-20,2.1059283082987847,2.6666206150889,22196.95
2024-02-21,2.1059283082987847,2.6495735223450265,22055.05
2024-02-22,2.1059283082987847,2.6690833733781836,22217.45
2024-02-23,2.1059283082987847,2.668512734262374,22212.7
2024-02-26,2.0973340175935897,2.6576225372417106,22122.05
2024-02-27,2.1045678221253756,2.666788803459875,22198.35
2024-02-28,2.0811314331311763,2.637091542527631,21951.15
2024-02-29,2.084132087304584,2.640893801057184,21982.8
2024-03-01,2.1178787809230526,2.6836556943777032,22338.75
2024-03-04,2.1242166555357636,2.6916866890917825,22405.6
2024-03-05,2.119542650772762,2.6857640557424314,22356.3
2024-03-06,2.1307062219866255,2.699909899086977,22474.05
2024-03-07,2.1325549662640806,2.7022525228255647,22493.55
2024-03-11,2.1173004557901054,2.6829228736184527,22332.65
2024-03-12,2.117589618356579,2.6832892839980778,22335.7
2024-03-13,2.0855447175473576,2.6426838058625663,21997.7
2024-03-14,2.099666279605149,2.6605778471888515,22146.65
2024-03-15,2.087976527327702,2.6457652570879384,22023.35
2024-03-18,2.0910435466803006,2.6496516098029796,22055.7
2024-03-19,2.068455683905753,2.6210295530994716,21817.45
2024-03-20,2.0705082640907224,2.6236304661220564,21839.1
2024-03-21,2.086895722980882,2.6443957232099953,22011.95
2024-03-22,2.0949353904028407,2.654583133109082,22096.75
2024-03-26,2.085165265154595,2.6435247477174437,22004.7
2024-03-27,2.085165265154595,2.657814752522826,22123.65
2024-03-28,2.085165265154595,2.6822320999519462,22326.9
2024-04-01,2.085165265154595,2.6984622777510814,22462.0
2024-04-02,2.085165265154595,2.6974171071600193,22453.3
2024-04-03,2.085165265154595,2.6951765977895246,22434.65
2024-04-04,2.085165265154595,2.7047873618452667,22514.65
2024-04-05,2.085165265154595,2.704673234022105,22513.7
2024-04-08,2.085165265154595,2.7230057664584333,22666.3
2024-04-09,2.0829988047268064,2.7201765977895245,22642.75
2024-04-10,2.0932147465741933,2.7335175396444016,22753.8
2024-04-12,2.0716513357770086,2.7053580009610765,22519.4
2024-04-15,2.048937999062738,2.6756967803940412,22272.5
2024-04-16,2.037475537521231,2.660728015377223,22147.9
2024-04-18,2.0234878386658037,2.642461556943777,21995.85
2024-04-19,2.0373927428552,2.6606198942815955,22147.0
2024-04-22,2.054816420350878,2.683373378183566,22336.4
2024-04-23,2.05772343306927,2.687169629985584,22368.0
2024-04-24,2.060888029193089,2.691302258529553,22402.4
2024-04-25,2.076338433815048,2.711478856319077,22570.35
2024-04-26,2.062502525180677,2.6934106198942818,22419.95
2024-04-29,2.0830586008744953,2.720254685247477,22643.4
2024-04-30,2.0795122293462036,2.715623498318116,22604.85
2024-05-02,2.083500172426656,2.720831331090822,22648.2
2024-05-03,2.0676449938818826,2.7001261412782314,22475.85
2024-05-06,2.0645953903497722,2.6961436809226336,22442.7
2024-05-07,2.0516978212637422,2.6793008169149446,22302.5
2024-05-08,2.0516978212637422,2.6793008169149446,22302.5
2024-05-09,2.0189498860192097,2.6378543969245554,21957.5
2024-05-10,2.0189498860192097,2.649591542527631,22055.2
2024-05-13,2.0189498860192097,2.6554601153291686,22104.05
2024-05-14,2.0189498860192097,2.669131427198462,22217.85
2024-05-15,2.0189498860192097,2.6670530994714077,22200.55
2024-05-16,2.0189498860192097,2.6914764536280633,22403.85
2024-05-17,2.0189498860192097,2.698954829408938,22466.1
2024-05-21,2.0189498860192097,2.7065172993753004,22529.05
2024-05-22,2.0189498860192097,2.7147765497357037,22597.8
2024-05-23,2.0519933068541674,2.7592083133109084,22967.65
2024-05-24,2.0510507407062453,2.7579408938010572,22957.1
2024-05-27,2.048848441602334,2.7549795771263814,22932.45
2024-05-28,2.0448905572086917,2.749657616530514,22888.15
2024-05-29,2.0285006273663964,2.72761893320519,22704.7
2024-05-30,2.0091981234556417,2.7016638635271506,22488.65
2024-05-31,2.0129549866329026,2.70671552138395,22530.7
2024-06-03,2.078461100344383,2.7947981739548298,23263.9
2024-06-04,1.9552216932881694,2.6290845747236906,21884.5
2024-06-05,2.020964565321165,2.7174855838539163,22620.35
2024-06-06,2.038926927789378,2.7416386352715043,22821.4
2024-06-07,2.080806347868833,2.79795170591062,23290.15
2024-06-10,2.078041189359053,2.7942335415665545,23259.2
2024-06-11,2.0785459759690776,2.794912301777991,23264.85
2024-06-12,2.0837367904898594,2.8018921191734742,23322.95
2024-06-13,2.0905223733272664,2.811016338298895,23398.9
2024-06-14,2.0964815356084388,2.81902931283037,23465.6
2024-06-18,2.1047278726182173,2.830117731859683,23557.9
2024-06-19,2.1009844108553817,2.825084094185488,23516.0
2024-06-20,2.104488121314146,2.8312109562710237,23567.0
2024-06-21,2.104488121314146,2.8232940893801057,23501.1
2024-06-24,2.104488121314146,2.8277090341182123,23537.85
2024-06-25,2.104488121314146,2.849747717443537,23721.3
2024-06-26,2.117573913319384,2.867467563671312,23868.8
2024-06-27,2.133161531321555,2.888575204228736,24044.5
2024-06-28,2.130154017091199,2.8845026429601153,24010.6
2024-07-01,2.141807025768405,2.9002823161941373,24141.95
2024-07-02,2.140201243834203,2.8981078808265255,24123.85
2024-07-03,2.154631101933538,2.917647765497357,24286.5
2024-07-04,2.1560195266446023,2.9195278712157617,24302.15
2024-07-05,2.157944690620966,2.9221347909658815,24323.85
2024-07-08,2.1576519237489844,2.9217383469485823,24320.55
2024-07-09,2.1676459201516285,2.9352715040845747,24433.2
2024-07-10,2.1579979209613263,2.9222068716963,24324.45
2024-07-11,2.157243824472889,2.9211857280153772,24315.95
2024-07-12,2.173762973431365,2.9435547813551177,24502.15
2024-07-15,2.1812640155604686,2.9537121576165304,24586.7
2024-07-16,2.1835972788129276,2.956871696299856,24613.0
2024-07-18,2.2002628112073945,2.979438971648246,24800.85
2024-07-19,2.176313593906962,2.94700864968765,24530.9
2024-07-22,2.1743928657922953,2.944407736665065,24509.25
2024-07-23,2.171713605327494,2.940779673234022,24479.05
2024-07-24,2.1648152415478115,2.932904853435848,24413.5
2024-07-25,2.1648152415478115,2.9320158577606916,24406.1
2024-07-26,2.1648152415478115,2.9835235463719365,24834.85
2024-07-29,2.1648152415478115,2.9836737145603074,24836.1
2024-07-30,2.1648152415478115,2.986220567035079,24857.3
2024-07-31,2.1648152415478115,2.997495194617972,24951.15
2024-08-01,2.1648152415478115,3.0046732340221047,25010.9
2024-08-02,2.1648152415478115,2.969449783757809,24717.7
2024-08-05,2.1648152415478115,2.88990869774147,24055.6
2024-08-06,2.1648152415478115,2.8823342143200383,23992.55
2024-08-07,2.1648152415478115,2.918969245555022,24297.5
2024-08-08,2.1648152415478115,2.897284959154253,24117.0
2024-08-09,2.1648152415478115,2.9273786641037964,24367.5
2024-08-12,2.1648152415478115,2.924915905814512,24347.0
2024-08-13,2.1648152415478115,2.8999279192695817,24139.0
2024-08-14,2.1648152415478115,2.9004985583853915,24143.75
2024-08-16,2.1648152415478115,2.9482400288322923,24541.15
2024-08-19,2.1648152415478115,2.9520242671792407,24572.65
2024-08-20,2.1648152415478115,2.967185247477174,24698.85
2024-08-21,2.1648152415478115,2.97575684766939,24770.2
2024-08-22,2.1648152415478115,2.980718404613167,24811.5
2024-08-23,2.1658317096196344,2.9821179721287843,24823.15
2024-08-26,2.182186811770981,3.0046371936568956,25010.6
2024-08-27,2.182810652690598,3.005496155694378,25017.75
2024-08-28,2.1858295192386725,3.009652811148486,25052.35
2024-08-29,2.1945196668741707,3.0216182123978856,25151.95
2024-08-30,2.201844344524774,3.0317035079288805,25235.9
2024-09-02,2.2055786649946465,3.0368452666987027,25278.7
2024-09-03,2.2056790030446547,3.0369834214320037,25279.85
2024-09-04,2.1985986267332023,3.02723450264296,25198.7
2024-09-05,2.1939220010980343,3.0207952907256126,25145.1
2024-09-06,2.168361973489408,2.985601874098991,24852.15
2024-09-09,2.1757128262834917,2.995723209995195,24936.4
2024-09-10,2.1848479513581567,3.0083012974531473,25041.1
2024-09-11,2.17414668019858,2.9935667948101874,24918.45
2024-09-12,2.215193667699786,3.050084094185488,25388.9
2024-09-13,2.2123667522039008,3.046191734742912,25356.5
2024-09-16,2.214744327736705,3.049465401249399,25383.75
2024-09-17,2.217780644380433,3.053646083613647,25418.55
2024-09-18,2.2142033747714427,3.048720567035079,25377.55
2024-09-19,2.2164319352124133,3.0533157135992313,25415.8
2024-09-20,2.2164319352124133,3.098384190293128,25790.95
2024-09-23,2.229159406267375,3.1161761172513214,25939.05
2024-09-24,2.2292754230528185,3.116338298894762,25940.4
2024-09-25,2.234753993476544,3.123996876501682,26004.15
2024-09-26,2.2529643318732107,3.1494533877943294,26216.05
2024-09-27,2.249776018732501,3.1449963959634792,26178.95
2024-09-30,2.218142108568211,3.100774867851994,25810.85
2024-10-01,2.2169432684519608,3.0990989908697744,25796.9
2024-10-03,2.169952173429321,3.0334094185487745,25250.1
2024-10-04,2.149713689746381,3.0051177318596825,25014.6
2024-10-07,2.130906079750579,2.9788262854396925,24795.75
2024-10-08,2.1495890791249788,3.0049435367611728,25013.15
2024-10-09,2.1469078023058374,3.001195338779433,24981.95
2024-10-10,2.1483257852390367,3.00317755886593,24998.45
2024-10-11,2.145386693341132,2.9990689572321,24964.25
2024-10-14,2.1594548028056635,3.018734983181163,25127.95
2024-10-15,2.1533875546187606,3.01025348390197,25057.35
2024-10-16,2.145992558776226,2.999915905814512,24971.3
2024-10-17,2.126961509045495,2.97331210956271,24749.85
2024-10-18,2.13591628611455,2.9858301297453145,24854.05
2024-10-21,2.128582259241225,2.9770663142719846,24781.1
2024-10-22,2.128582259241225,2.9399447381066794,24472.1
2024-10-23,2.128582259241225,2.935547813551177,24435.5
2024-10-24,2.128582259241225,2.931210956271024,24399.4
2024-10-25,2.128582259241225,2.904949543488707,24180.8
2024-10-28,2.128582259241225,2.923972849591543,24339.15
2024-10-29,2.128582259241225,2.9393140317155213,24466.85
2024-10-30,2.128582259241225,2.9241770783277268,24340.85
2024-10-31,2.128582259241225,2.907898846708313,24205.35
2024-11-01,2.128582259241225,2.9197921672272944,24304.35
2024-11-04,2.128582259241225,2.882670591061989,23995.35
2024-11-05,2.128582259241225,2.9088539163863527,24213.3
2024-11-06,2.128582259241225,2.941380345987506,24484.05
2024-11-07,2.128582259241225,2.9071780394041324,24199.35
2024-11-08,2.128582259241225,2.901033157135992,24148.2
2024-11-11,2.128582259241225,2.900204228736184,24141.3
2024-11-12,2.128582259241225,2.8692275348390197,23883.45
2024-11-13,2.128582259241225,2.830255886592984,23559.05
2024-11-14,2.128582259241225,2.827090341182124,23532.7
2024-11-18,2.128582259241225,2.817611725132148,23453.8
2024-11-19,2.128582259241225,2.8253844305622295,23518.5
2024-11-21,2.128582259241225,2.8051297453147526,23349.9
2024-11-22,2.128582259241225,2.872086737145603,23907.25
2024-11-25,2.128582259241225,2.909887073522345,24221.9
2024-11-26,2.128582259241225,2.9065953868332532,24194.5
2024-11-27,2.128582259241225,2.9162542047092748,24274.9
2024-11-28,2.128582259241225,2.872915665545411,23914.15
2024-11-29,2.128582259241225,2.898978856319077,24131.1
2024-12-02,2.128582259241225,2.916392359442576,24276.05
2024-12-03,2.128582259241225,2.938148726573763,24457.15
2024-12-04,2.128582259241225,2.9393861124459395,24467.45
2024-12-05,2.128582259241225,2.968332532436329,24708.4
2024-12-06,2.125946126706023,2.964656415185007,24677.8
2024-12-09,2.1208806171285763,2.9575925036040367,24619.0
2024-12-10,2.1201095914360906,2.9565172993753004,24610.05
2024-12-11,2.1228447943116677,2.960331571359923,24641.8
2024-12-12,2.114824404147377,2.949147044690053,24548.7
2024-12-13,2.1337425317529433,2.975528592023066,24768.3
2024-12-16,2.125123412140298,2.963509130225853,24668.25
2024-12-17,2.0965006985840624,2.9235944257568476,24336.0
2024-12-18,2.08468548364279,2.907117972128784,24198.85
2024-12-19,2.063393975274322,2.877426717924075,23951.7
2024-12-20,2.032018829218096,2.8336737145603075,23587.5
2024-12-23,2.0463151100748522,2.8536100432484384,23753.45
2024-12-24,2.0440924885255645,2.8505105718404615,23727.65
2024-12-26,2.04603512867814,2.8532196059586736,23750.2
2024-12-27,2.051479689992674,2.8608121095627106,23813.4
2024-12-30,2.0369637314246507,2.840569437770303,23644.9
2024-12-31,2.036955116612444,2.840557424315233,23644.8
2025-01-01,2.045406247387062,2.8523426237385876,23742.9
2025-01-02,2.0838067727977228,2.9058925997116773,24188.65
2025-01-03,2.066930151083317,2.8837998558385394,24004.75
2025-01-06,2.066930151083317,2.8371035559827007,23616.05
2025-01-07,2.066930151083317,2.8481379144642003,23707.9
2025-01-08,2.066930151083317,2.845861364728496,23688.95
2025-01-09,2.066930151083317,2.826345506967804,23526.5
2025-01-10,2.066930151083317,2.8149327246516096,23431.5
2025-01-13,2.066930151083317,2.7734202306583375,23085.95
2025-01-14,2.066930151083317,2.784244353676117,23176.05
2025-01-15,2.066930151083317,2.788707352234503,23213.2
2025-01-16,2.066930151083317,2.8005526189332053,23311.8
2025-01-17,2.066930151083317,2.787506006727535,23203.2
2025-01-20,2.066930151083317,2.8045110523786643,23344.75
2025-01-21,2.066930151083317,2.766055982700625,23024.65
2025-01-22,2.066930151083317,2.7817575684766935,23155.35
2025-01-23,2.066930151083317,2.7877642960115327,23205.35
2025-01-24,2.066930151083317,2.7741710716001924,23092.2
2025-01-27,2.066930151083317,2.742569678039404,22829.15
2025-01-28,2.066930151083317,2.7579589139836616,22957.25
2025-01-29,2.066930151083317,2.782688611244594,23163.1
2025-01-30,2.066930151083317,2.7930682364247956,23249.5
2025-01-31,2.066930151083317,2.824171071600192,23508.4
2025-02-01,2.066930151083317,2.821017539644402,23482.15
2025-02-03,2.066930151083317,2.8064692455550215,23361.05
2025-02-04,2.066930151083317,2.851904132628544,23739.25
2025-02-05,2.066930151083317,2.846744353676117,23696.3
2025-02-06,2.066930151083317,2.8355778471888513,23603.35
2025-02-07,2.066930151083317,2.8303640076886114,23559.95
2025-02-10,2.066930151083317,2.8089380105718402,23381.6
2025-02-11,2.066930151083317,2.771720326765978,23071.8
2025-02-12,2.066930151083317,2.768530754444978,23045.25
2025-02-13,2.066930151083317,2.7668668909178282,23031.4
2025-02-14,2.066930151083317,2.754595146564152,22929.25
2025-02-17,2.066930151083317,2.7582292167227296,22959.5
2025-02-18,2.066930151083317,2.756523306102835,22945.3
2025-02-19,2.066930151083317,2.7550336376741953,22932.9
2025-02-20,2.066930151083317,2.752660980297934,22913.15
2025-02-21,2.066930151083317,2.7385752042287366,22795.9
2025-02-24,2.066930151083317,2.7094365689572317,22553.35
2025-02-25,2.066930151083317,2.7087397885631908,22547.55
2025-02-27,2.066930151083317,2.7084394521864485,22545.05
2025-02-28,2.066930151083317,2.657940893801057,22124.7
2025-03-03,2.066930151083317,2.6572921672272947,22119.3
2025-03-04,2.066930151083317,2.652889235944258,22082.65
2025-03-05,2.066930151083317,2.6834814992791927,22337.3
2025-03-06,2.066930151083317,2.708397405093705,22544.7
2025-03-07,2.066930151083317,2.70933445458914,22552.5
2025-03-10,2.066930151083317,2.6982580490148966,22460.3
2025-03-11,2.066930151083317,2.702775108121096,22497.9
2025-03-12,2.066930151083317,2.699483421432004,22470.5
2025-03-13,2.066930151083317,2.69067755886593,22397.2
2025-03-17,2.066930151083317,2.704078567996156,22508.75
2025-03-18,2.066930151083317,2.7431883709754925,22834.3
2025-03-19,2.066930151083317,2.7519942335415664,22907.6
2025-03-20,2.066930151083317,2.7859983181162904,23190.65
2025-03-21,2.066930151083317,2.805189812590101,23350.4
2025-03-24,2.066930151083317,2.842185247477174,23658.35
2025-03-25,2.066930151083317,2.8434226333493515,23668.65
2025-03-26,2.066930151083317,2.8215821720326764,23486.85
2025-03-27,2.066930151083317,2.834208313310908,23591.95
2025-03-28,2.066930151083317,2.825486544930322,23519.35
2025-04-01,2.066930151083317,2.7830009610764055,23165.7
2025-04-02,2.066930151083317,2.803021383950024,23332.35
2025-04-03,2.066930151083317,2.793140317155214,23250.1
2025-04-04,2.0362019216683063,2.751615809706872,22904.45
2025-04-07,1.9701626761281903,2.662373858721768,22161.6
2025-04-08,2.0034334409439514,2.707334214320038,22535.85
2025-04-09,1.991280832927079,2.690911821239789,22399.15
2025-04-11,2.0294544238740073,2.742497597308986,22828.55
2025-04-15,2.073904343467543,2.802564872657376,23328.55
2025-04-16,2.0835633109952183,2.8156174915905816,23437.2
2025-04-17,2.1204078493463,2.865407256126862,23851.65
2025-04-21,2.1447575152996388,2.8983121095627102,24125.55
2025-04-22,2.1484646385937394,2.903321720326766,24167.25
2025-04-23,2.1628397425902888,2.9227474771744353,24328.95
2025-04-24,2.1555277308171523,2.912866410379625,24246.7
2025-04-25,2.137094349161713,2.8879565112926477,24039.35
2025-04-28,2.1627997376626547,2.922693416626622,24328.5
2025-04-29,2.1634620414645984,2.923588419029313,24335.95
2025-04-30,2.163306466746021,2.9233781835655934,24334.2
2025-05-02,2.164417714735859,2.924879865449303,24346.7
2025-05-05,2.1745923013308195,2.9386292647765497,24461.15
2025-05-06,2.1673425194451137,2.928832292167227,24379.6
2025-05-07,2.1693510157318996,2.9330129745314752,24414.4
2025-05-08,2.1693510157318996,2.9161220567035078,24273.8
2025-05-09,2.1693510157318996,2.8841902931283037,24008.0
2025-05-12,2.1693510157318996,2.9943176357520422,24924.7
2025-05-13,2.1693510157318996,2.9527090341182123,24578.35
2025-05-14,2.1693510157318996,2.9633469485824127,24666.9
2025-05-15,2.1693510157318996,3.01082412301778,25062.1
2025-05-16,2.1656895688473425,3.005742431523306,25019.8
2025-05-19,2.1592539051152664,2.9968104276790006,24945.45
2025-05-20,2.136614391340895,2.965389235944258,24683.9
2025-05-21,2.147828113418776,2.9809526669870254,24813.45
2025-05-22,2.130191711463019,2.9564752522825564,24609.7
2025-05-23,2.151264506830523,2.9857220086496876,24853.15
2025-05-26,2.164075242975073,3.0035019221528114,25001.15
2025-05-27,2.148931741025823,2.9824843825084093,24826.2
2025-05-28,2.142548012710549,2.973624459394522,24752.45
2025-05-29,2.1495722778330504,2.9833733781835656,24833.6
2025-05-30,2.1423965344115423,2.973414223930803,24750.7
2025-06-02,2.1394448715566154,2.9693176357520423,24716.6
2025-06-03,2.124374944781169,2.948402210475733,24542.5
2025-06-04,2.1311005812570576,2.9577366650648726,24620.2
2025-06-05,2.1424138462171434,2.973438250840942,24750.9
2025-06-06,2.16423970512828,3.003730177799135,25003.05
2025-06-09,2.172908591782852,3.0157616530514177,25103.2
2025-06-10,2.172999478762256,3.0158877943296494,25104.25
2025-06-11,2.176215146652594,3.020350792888035,25141.4
2025-06-12,2.1532212515616727,2.98993272465161,24888.2
2025-06-13,2.1532212515616727,2.9695579048534357,24718.6
2025-06-16,2.1532212515616727,2.9969365689572323,24946.5
2025-06-17,2.1532212515616727,2.9857520422873622,24853.4
2025-06-18,2.1532212515616727,2.98078447861605,24812.05
2025-06-19,2.1532212515616727,2.9785259490629503,24793.25
2025-06-20,2.1532212515616727,3.0168668909178282,25112.4
2025-06-23,2.1532212515616727,2.9999879865449306,24971.9
2025-06-24,2.1532212515616727,3.008691734742912,25044.35
2025-06-25,2.1532212515616727,3.032766698702547,25244.75
2025-06-26,2.1532212515616727,3.0693176357520424,25549.0
2025-06-27,2.1532212515616727,3.0799855838539165,25637.8
2025-06-30,2.1532212515616727,3.06547933685728,25517.05
2025-07-01,2.1532212515616727,3.0684526669870253,25541.8
2025-07-02,2.1532212515616727,3.05783277270543,25453.4
2025-07-03,2.1532212515616727,3.052054300816915,25405.3
2025-07-04,2.1532212515616727,3.0587457952907258,25461.0
2025-07-07,2.1532212515616727,3.0587818356559344,25461.3
2025-07-08,2.1583968372778606,3.0661340701585775,25522.5
2025-07-09,2.154472863793692,3.0605598270062466,25476.1
2025-07-10,2.1442527733721017,3.0460415665545413,25355.25
2025-07-11,2.1268824252331315,3.0213659298414224,25149.85
2025-07-14,2.121169830214692,3.0132508409418546,25082.3
2025-07-15,2.1307683429399753,3.0268861124459394,25195.8
2025-07-16,2.1321425793433746,3.028838298894762,25212.05
2025-07-17,2.1236349989014056,3.016752763094666,25111.45
2025-07-18,2.1115374901317865,2.9995675156174917,24968.4
2025-07-21,2.1218802047247567,3.014259971167708,25090.7
2025-07-22,2.119360066581907,3.010679961556944,25060.9
2025-07-23,2.132806441236709,3.029781355117732,25219.9
2025-07-24,2.1194615486547734,3.01082412301778,25062.1
2025-07-25,2.1004252031529127,2.9837818356559347,24837.0
2025-07-28,2.0872240768408714,2.9650288322921674,24680.9
2025-07-29,2.0990805656874323,2.9818716962998555,24821.1
2025-07-30,2.101951662665612,2.9859502642960116,24855.05
2025-07-31,2.094619582901012,2.9755345987506003,24768.35
2025-08-01,2.0774521989077743,2.9511472849591542,24565.35
2025-08-04,2.0897178825000218,2.9700564632388273,24722.75
2025-08-05,2.0897178825000218,2.961262614127823,24649.55
2025-08-06,2.0897178825000218,2.9522104757328207,24574.2
2025-08-07,2.0897178825000218,2.954847429120615,24596.15
2025-08-08,2.0897178825000218,2.9268740989908695,24363.3
2025-08-11,2.0897178825000218,2.9535139356078806,24585.05
2025-08-12,2.0897178825000218,2.9417827967323404,24487.4
2025-08-13,2.0897178825000218,2.9576345506967803,24619.35
2025-08-14,2.0897178825000218,2.9590701585776067,24631.3
2025-08-18,2.0897178825000218,2.988581210956271,24876.95
2025-08-19,2.0897178825000218,3.001039163863527,24980.65
2025-08-20,2.0897178825000218,3.009436568957232,25050.55
2025-08-21,2.0897178825000218,3.013425036040365,25083.75
2025-08-22,2.0719187804679837,2.987758289283998,24870.1
2025-08-25,2.0800539656466803,2.9994894281595386,24967.75
2025-08-26,2.058751693755306,2.968771023546372,24712.05
2025-08-28,2.0411608657933837,2.943404613166747,24500.9
2025-08-29,2.034991787836574,2.93450864968765,24426.85
2025-09-01,2.0515037561153004,2.958319317635752,24625.05
2025-09-02,2.0477173335206076,2.952859202306583,24579.6
2025-09-03,2.0590016226394448,2.9691314271984623,24715.05
2025-09-04,2.060605332979331,2.9714440172993752,24734.3
2025-09-05,2.0611635074872394,2.9722489187890435,24741.0
2025-09-08,2.06384191202892,2.9761112445939455,24773.15
2025-09-09,2.071793816025915,2.987578087457953,24868.6
2025-09-10,2.080499672156727,3.000132148005766,24973.1
2025-09-11,2.083198904105419,3.0040245074483423,25005.5
2025-09-12,2.092237998748415,3.0170591061989427,25114.0
2025-09-15,2.088505727411952,3.011677078327727,25069.2
2025-09-16,2.102660033216975,3.03208793849111,25239.1
2025-09-17,2.1102537058133723,3.0430382027871214,25330.25
2025-09-18,2.118030659591471,3.0542527630946656,25423.6
2025-09-19,2.1089321214461236,3.0426537722248916,25327.05
2025-09-22,2.1089321214461236,3.0276729937530034,25202.35
2025-09-23,2.1089321214461236,3.0237265737626142,25169.5
2025-09-24,2.1089321214461236,3.0101994233541567,25056.9
2025-09-25,2.1089321214461236,2.990251081210956,24890.85
2025-09-26,2.1089321214461236,2.9618813070639116,24654.7
2025-09-29,2.1089321214461236,2.9595026429601154,24634.9
2025-09-30,2.1089321214461236,2.9566434406535316,24611.1
2025-10-01,2.1089321214461236,2.9836977414704466,24836.3
2025-10-03,2.1089321214461236,2.9906595386833255,24894.25
2025-10-06,2.1089321214461236,3.012692215281115,25077.65
2025-10-07,2.1089321214461236,3.016374339259971,25108.3
2025-10-08,2.1089321214461236,3.0089079769341662,25046.15
2025-10-09,2.1089321214461236,3.025204228736184,25181.8
2025-10-10,2.1089321214461236,3.037644161460836,25285.35
2025-10-13,2.104094614231714,3.0306763575204227,25227.35
2025-10-14,2.09726789068862,3.0208433445458915,25145.5
2025-10-15,2.11211820378389,3.042233301297453,25323.55
2025-10-16,2.1339495402213338,3.0736785199423355,25585.3
2025-10-17,2.1443376699377947,3.088641278231619,25709.85
2025-10-20,2.155455596001257,3.1046552138395005,25843.15
2025-10-21,2.1575782608048213,3.1077126381547333,25868.6
2025-10-23,2.1594799015718653,3.11045170591062,25891.4
2025-10-24,2.151452141754849,3.098888755406055,25795.15
2025-10-27,2.1657061069779977,3.1194197501201346,25966.05
2025-10-28,2.1632164588685128,3.1158337337818356,25936.2
2025-10-29,2.173033262301893,3.129973570398847,26053.9
2025-10-30,2.158349759800223,3.1088238827486783,25877.85
2025-10-31,2.145359384823597,3.090112926477655,25722.1
2025-11-03,2.148799853316604,3.095068476693897,25763.35
2025-11-04,2.1349795956368163,3.075162181643441,25597.65
2025-11-06,2.1276440997832413,3.0645963479096587,25509.7
2025-11-07,2.1261928476189182,3.062506006727535,25492.3
2025-11-10,2.133036252221372,3.0723630466122054,25574.35
2025-11-11,2.1420233835499647,3.0868512734262374,25694.95
2025-11-12,2.1420233835499647,3.10857760691975,25875.8
2025-11-13,2.1420233835499647,3.1089800576645845,25879.15
2025-11-14,2.1420233835499647,3.1126922152811147,25910.05
2025-11-17,2.1420233835499647,3.1251141278231622,26013.45
2025-11-18,2.1335091258156362,3.1126922152811147,25910.05
2025-11-19,2.145251225940542,3.129823402210476,26052.65
2025-11-20,2.156738063019254,3.146582172032677,26192.15
2025-11-21,2.14652754117151,3.131685487746276,26068.15
2025-11-24,2.137580983117015,3.1186328688130707,25959.5
2025-11-25,2.131429967132931,3.109658817876021,25884.8
2025-11-26,2.157820872392624,3.1481619413743394,26205.3
2025-11-27,2.1586648873034253,3.149393320518981,26215.55
2025-11-28,2.1576273665350256,3.147879625180202,26202.95
2025-12-01,2.155387639161972,3.1446119654012494,26175.75
2025-12-02,2.1435673132648456,3.1273666506487268,26032.2
2025-12-03,2.13976307044738,3.121816434406535,25986.0
2025-12-04,2.1436949447879425,3.1275528592023067,26033.75
2025-12-05,2.1562687083859307,3.145897405093705,26186.45
2025-12-08,2.1376674431810487,3.1187590100913023,25960.55
2025-12-09,2.1277121843794986,3.1042347429120616,25839.65
2025-12-10,2.1209888851144316,3.094425756847669,25758.0
2025-12-11,2.132562182257177,3.1113106679481017,25898.55
2025-12-12,2.144781871307219,3.129138635271504,26046.95
2025-12-15,2.1420922510495406,3.126777991350312,26027.3
2025-12-16,2.1420922510495406,3.1066914944738104,25860.1
2025-12-17,2.1420922510495406,3.101699903892359,25818.55
2025-12-18,2.1420922510495406,3.101339500240269,25815.55
2025-12-19,2.1420922510495406,3.1194617972128786,25966.4
2025-12-22,2.1420922510495406,3.1442095146564153,26172.4
2025-12-23,2.1420922510495406,3.144780153772225,26177.15
2025-12-24,2.1420922510495406,3.1405694377703024,26142.1
2025-12-26,2.1420922510495406,3.128580009610764,26042.3
2025-12-29,2.1420922510495406,3.1165425276309464,25942.1
2025-12-30,2.1420922510495406,3.116152090341182,25938.85
2025-12-31,2.1420922510495406,3.1390677558865927,26129.6
2026-01-01,2.1420922510495406,3.1411040365209035,26146.55
2026-01-02,2.1420922510495406,3.1629685247477175,26328.55
2026-01-05,2.1420922510495406,3.153567996155694,26250.3
2026-01-06,2.1420922510495406,3.144966362325805,26178.7
2026-01-07,2.1420922510495406,3.140407256126862,26140.75
2026-01-08,2.1420922510495406,3.1087037481979816,25876.85
2026-01-09,2.1420922510495406,3.0854517059106197,25683.3
2026-01-12,2.1420922510495406,3.0983000961076406,25790.25
2026-01-13,2.1420922510495406,3.091338298894762,25732.3
2026-01-14,2.1420922510495406,3.0833253243632868,25665.6
2026-01-16,2.1420922510495406,3.0867791926958192,25694.35
2026-01-19,2.1420922510495406,3.073702546852475,25585.5
2026-01-20,2.1420922510495406,3.0312950504565115,25232.5
2026-01-21,2.1420922510495406,3.022284959154253,25157.5
2026-01-22,2.1420922510495406,3.0381907736665066,25289.9
2026-01-23,2.1420922510495406,3.0092083133109084,25048.65
2026-01-27,2.1420922510495406,3.0244353676117255,25175.4
2026-01-28,2.1420922510495406,3.044539884670831,25342.75
2026-01-29,2.1420922510495406,3.0536881307063912,25418.9
2026-01-30,2.1420922510495406,3.0418849111004325,25320.65
2026-02-02,2.1420922510495406,3.0139836617011055,25088.4
2026-02-03,2.1420922510495406,3.0907676597789524,25727.55
2026-02-04,2.1420922510495406,3.0965881787602116,25776.0
2026-02-05,2.1420922510495406,3.0805862566074,25642.8
2026-02-06,2.1420922510495406,3.0867011052378666,25693.7
2026-02-09,2.1420922510495406,3.1075564632388275,25867.3
2026-02-10,2.1477109649947033,3.1157075925036044,25935.15
2026-02-11,2.1492595272758312,3.1179541086016336,25953.85
2026-02-12,2.1371153209374656,3.100336376741951,25807.2
2026-02-13,2.109282605285745,3.059959154252763,25471.1
2026-02-16,2.126809514740332,3.085385631907737,25682.75
2026-02-17,2.130341396092745,3.0905093704949547,25725.4
2026-02-18,2.1381214723661133,3.1017960115329166,25819.35
2026-02-19,2.1078955240981037,3.057946900528592,25454.35
2026-02-20,2.117576108625584,3.071990629505046,25571.25
2026-02-23,2.129314541959804,3.0890197020663144,25713.0
2026-02-24,2.1054360428280767,3.0543789043728977,25424.65
2026-02-25,2.1102266486015133,3.0613286881307062,25482.5
2026-02-26,2.1113901405827886,3.063016578567996,25496.55
2026-02-27,2.08506458180361,3.02482580490149,25178.65
2026-03-02,2.0591489365694358,2.9872296972609322,24865.7
2026-03-04,2.027250209794539,2.9409538683325325,24480.5
2026-03-05,2.0508844170156078,2.975240269101394,24765.9
2026-03-06,2.0247617447385022,2.937343825084094,24450.45
2026-03-09,1.9897824555647836,2.886598990869774,24028.05
2026-03-10,2.0081183604544934,2.914656415185007,24261.6
2026-03-11,2.0081183604544934,2.867233301297453,23866.85
2026-03-12,2.0081183604544934,2.8398786641037965,23639.15
2026-03-13,2.0081183604544934,2.7812469966362325,23151.1
2026-03-16,2.0081183604544934,2.8122056703507927,23408.8
2026-03-17,2.0081183604544934,2.8329108601633832,23581.15
2026-03-18,2.0081183604544934,2.8565353195579046,23777.8
2026-03-19,2.0081183604544934,2.7633529553099474,23002.15
2026-03-20,2.0081183604544934,2.7768500720807303,23114.5
2026-03-23,2.0081183604544934,2.7045470927438733,22512.65
2026-03-24,2.0081183604544934,2.752570879384911,22912.4
2026-03-25,2.0081183604544934,2.7999098990869773,23306.45
2026-03-27,2.0081183604544934,2.7414223930802497,22819.6
2026-03-30,2.0081183604544934,2.682772705430082,22331.4
2026-04-01,2.0081183604544934,2.7245795290725616,22679.4
2026-04-02,2.0081183604544934,2.7286280634310427,22713.1
2026-04-06,2.0081183604544934,2.759280394041326,22968.25
2026-04-07,2.0081183604544934,2.7779493032196063,23123.65
2026-04-08,2.0081183604544934,2.8829108601633826,23997.35
2026-04-09,2.0081183604544934,2.856210956271023,23775.1
2026-04-10,2.0081183604544934,2.8893080249879866,24050.6
2026-04-13,2.0081183604544934,2.8643260451705914,23842.65
2026-04-15,2.0081183604544934,2.9110163382988947,24231.3
2026-04-16,2.0081183604544934,2.906865689572321,24196.75
2026-04-17,2.0081183604544934,2.925702787121576,24353.55
2026-04-20,2.0081183604544934,2.9270603075444495,24364.85
2026-04-21,2.0081183604544934,2.952498798654493,24576.6
2026-04-22,1.9918992131944893,2.928652090341182,24378.1
2026-04-23,1.9751448749291804,2.9040185007208072,24173.05
2026-04-24,1.9526668527063737,2.8709694858241233,23897.95
2026-04-27,1.9685795929022718,2.894365689572321,24092.7
2026-04-28,1.9606538635107333,2.882712638154733,23995.7
2026-04-29,1.9755207342611503,2.9045711196540127,24177.65
2026-04-30,1.9608050243290254,2.8829348870735223,23997.55
2026-05-04,1.9707530403436626,2.8975612686208554,24119.3
2026-05-05,1.9636852507316205,2.887169629985584,24032.8
2026-05-06,1.9880466550417981,2.922987746275829,24330.95
2026-05-07,1.9876953082749569,2.9224711677078328,24326.65
2026-05-08,1.975398171435508,2.9043909178279677,24176.15
2026-05-11,1.9459585807162156,2.861106439211917,23815.85
2026-05-12,1.9103091401643781,2.808691734742912,23379.55
2026-05-13,1.913009607756031,2.8126621816434403,23412.6
2026-05-14,1.9356428762246511,2.8459394521864487,23689.6
2026-05-15,1.93187611204991,2.8404012493993274,23643.5
2026-05-18,1.9324031322001722,2.8411761172513215,23649.95
2026-05-19,1.92979254401399,2.837337818356559,23618.0
2026-05-20,1.932176023284257,2.842263334935127,23659.0
2026-05-21,1.932176023284257,2.8417467563671313,23654.7
2026-05-22,1.932176023284257,2.849507448342143,23719.3
2026-05-25,1.932176023284257,2.8870374819798177,24031.7
2026-05-26,1.932176023284257,2.8728616049975972,23913.7
2026-05-27,1.932176023284257,2.8720747236905337,23907.15
2026-05-29,1.932176023284257,2.8288983661701104,23547.75
2026-06-01,1.932176023284257,2.809058145122537,23382.6
2026-06-02,1.932176023284257,2.821185728015377,23483.55
2026-06-03,1.932176023284257,2.811821239788563,23405.6
2026-06-04,1.932176023284257,2.813136713118693,23416.55
2026-06-05,1.932176023284257,2.8071480057664586,23366.7
2026-06-08,1.932176023284257,2.777871215761653,23123.0
2026-06-09,1.932176023284257,2.7921792407496393,23242.1
2026-06-10,1.932176023284257,2.788917587698222,23214.95
2026-06-11,1.932176023284257,2.7825084094185484,23161.6
2026-06-12,1.932176023284257,2.8379264776549737,23622.9
2026-06-15,1.932176023284257,2.8656775588659302,23853.9
2026-06-16,1.932176023284257,2.8819257568476697,23989.15
2026-06-17,1.932176023284257,2.8935247477174437,24085.7
2026-06-18,1.932176023284257,2.9034118212397884,24168.0
2026-06-19,1.932176023284257,2.884802979336857,24013.1
2026-06-22,1.932176023284257,2.8955910619894283,24102.9
2026-06-23,1.932176023284257,2.8620975492551657,23824.1
2026-06-24,1.932176023284257,2.885830129745315,24021.65
2026-06-25,1.932176023284257,2.889956751561749,24056.0
2026-06-29,1.923360911937589,2.8767719846227777,23946.25
2026-06-30,1.9168951582846798,2.867101153291687,23865.75
2026-07-01,1.9281479792383762,2.8839320038443055,24005.85
2026-07-02,1.941790317846409,2.904336857280154,24175.7
2026-07-03,1.9494327583442264,2.915767659778952,24270.85
2026-07-06,1.9622437857683133,2.934929120615089,24430.35
2026-07-07,1.9597016602637845,2.9311268620855357,24398.7
2026-07-08,1.9182043729994922,2.869059346468044,23882.05
2026-07-09,1.92469020663269,2.878760211436809,23962.8
2026-07-10,1.9442962993864186,2.9080850552618935,24206.9
2026-07-13,1.9446256110631503,2.90857760691975,24211.0
2026-07-14,1.931858759595698,2.8894822200864967,24052.05
2026-07-15,1.933983221510225,2.8926597789524267,24078.5
2026-07-16,1.9335213819635886,2.89196900528592,24072.75
2026-07-17,1.9545290573414564,2.9233901970206633,24334.3
2026-07-20,1.9468344088948888,2.911881307063912,24238.5
2026-07-21,1.942754156900258,2.905778471888515,24187.7
2026-07-22,1.9273769079952956,2.8827787121576165,23996.25
2026-07-23,1.9172043899811222,2.8675636713118693,23869.6
2026-07-24,1.9080452101802083,2.855291926958193,23767.45
2026-07-27,1.9080452101802083,2.8827426717924074,23995.95
2026-07-28,1.9080452101802083,2.8814692455550213,23985.35
2026-07-29,1.9080452101802083,2.913286881307064,24250.2
2026-07-30,1.9080452101802083,2.9213298894762136,24317.15
2026-07-31,1.9080452101802083,2.9293128303700144,24383.6
2026-08-03,1.9080452101802083,2.9762493993272465,24774.3
2026-08-04,1.9080452101802083,2.95709995194618,24614.9
2026-08-05,1.9080452101802083,2.9582712638154733,24624.65
2026-08-06,1.9080452101802083,2.959634790965882,24636.0
2026-08-07,1.9080452101802083,2.9517839980778473,24570.65
2026-08-10,1.9080452101802083,2.9533637674195097,24583.8
2026-08-11,1.9080452101802083,2.939896684286401,24471.7
2026-08-12,1.9080452101802083,2.935601874098991,24435.95
2026-08-13,1.9080452101802083,2.93078447861605,24395.85
2026-08-14,1.9057105856631746,2.927198462277751,24366.0
2026-08-17,1.89958268513019,2.9177859202306586,24287.65
2026-08-18,1.8892000585092106,2.901838058625661,24154.9
2026-08-19,1.8832090287603063,2.8926357520422874,24078.3
2026-08-20,1.8952184624149304,2.911082412301778,24231.85
2026-08-21,1.8967944317287742,2.913503123498318,24252.0
2026-08-24,1.894217350394226,2.909544690052859,24219.05
2026-08-25,1.9032508221435527,2.9234202306583374,24334.55
2026-08-26,1.8933335561884477,2.9081871696299855,24207.75
2026-08-27,1.884190587811856,2.8941434406535316,24090.85
2026-08-28,1.8908229549490243,2.9043308505526193,24175.65
2026-08-31,1.8833732737012028,2.8928880345987507,24080.4
2026-09-01,1.8814492615364111,2.8899327246516098,24055.8
2026-09-02,1.8703940127765208,2.8729517059106198,23914.45
2026-09-03,1.8671873258352012,2.868026189332052,23873.45
2026-09-04,1.8690839638431767,2.870939452186449,23897.7
