Date,Close,sma50,sma200,atr14,chop14,adx14,macd,signal,macd_hist,rsi14,regime,macd_cross,rsi_zone,div,month_so_far_pct,ytd_pct,ret_1y_pct,off_ath_pct,scenario,action,sig,Event
2014-12-22,8324.00,,,102.75,,0.00,0.00,0.00,0.00,,RANGE,,NEUTRAL,,0.00,,,0.00,WARMUP,NO-DATA,0,
2014-12-23,8267.00,,,103.40,,7.14,-4.55,-0.91,-3.64,0.00,RANGE,CROSS_DOWN,OVERSOLD,,-0.68,,,-0.68,WARMUP,NO-DATA,0,
2014-12-24,8174.10,,,105.39,,10.30,-15.47,-3.82,-11.65,0.00,RANGE,,OVERSOLD,,-1.80,,,-1.80,WARMUP,NO-DATA,0,
2014-12-26,8200.70,,,104.04,,13.43,-21.73,-7.40,-14.32,3.32,RANGE,,OVERSOLD,,-1.48,,,-1.48,WARMUP,NO-DATA,0,
2014-12-29,8246.30,,,102.22,,13.32,-22.75,-10.47,-12.27,8.91,RANGE,,OVERSOLD,,-0.93,,,-0.93,WARMUP,NO-DATA,0,
2014-12-30,8248.25,,,98.32,,13.21,-23.13,-13.00,-10.13,9.15,RANGE,,OVERSOLD,,-0.91,,,-0.91,WARMUP,NO-DATA,0,
2014-12-31,8282.70,,,94.67,,12.54,-20.42,-14.49,-5.93,13.51,RANGE,,OVERSOLD,,-0.50,,,-0.50,WARMUP,NO-DATA,0,
2015-01-02,8395.45,,,97.05,,14.95,-9.06,-13.40,4.34,26.04,RANGE,CROSS_UP,OVERSOLD,,0.00,1.36,,0.00,WARMUP,NO-DATA,0,
2015-01-05,8378.40,,,95.95,,17.65,-1.43,-11.01,9.58,25.44,RANGE,,OVERSOLD,,-0.20,1.16,,-0.20,WARMUP,NO-DATA,0,
2015-01-06,8127.35,,,108.17,,17.93,-15.46,-11.90,-3.56,18.63,RANGE,CROSS_DOWN,OVERSOLD,,-3.19,-1.88,,-3.19,WARMUP,NO-DATA,0,Global growth scare -3%
2015-01-07,8102.10,,,106.57,,18.68,-28.28,-15.17,-13.11,18.11,RANGE,,OVERSOLD,,-3.49,-2.18,,-3.49,WARMUP,NO-DATA,0,
2015-01-08,8234.60,,,109.06,,17.92,-27.44,-17.63,-9.81,29.35,RANGE,,OVERSOLD,,-1.92,-0.58,,-1.92,WARMUP,NO-DATA,0,
2015-01-09,8284.50,,,109.30,,16.84,-22.49,-18.60,-3.89,33.08,RANGE,,NEUTRAL,,-1.32,0.02,,-1.32,WARMUP,NO-DATA,0,
2015-01-12,8323.00,,,107.71,52.24,16.17,-15.28,-17.94,2.65,35.89,RANGE,CROSS_UP,NEUTRAL,,-0.86,0.49,,-0.86,WARMUP,NO-DATA,0,
2015-01-13,8299.40,,,106.36,51.89,15.84,-11.34,-16.62,5.27,34.92,RANGE,,NEUTRAL,,-1.14,0.20,,-1.14,WARMUP,NO-DATA,0,
2015-01-14,8277.55,,,105.17,51.32,15.08,-9.87,-15.27,5.40,34.01,RANGE,,NEUTRAL,,-1.40,-0.06,,-1.40,WARMUP,NO-DATA,0,
2015-01-15,8494.15,,,115.49,46.89,16.26,8.67,-10.48,19.15,48.43,RANGE,,NEUTRAL,,1.18,2.55,,0.00,WARMUP,NO-DATA,0,RBI surprise cut 25bps
2015-01-16,8513.80,,,112.84,46.40,17.39,24.67,-3.45,28.12,49.51,RANGE,,NEUTRAL,,1.41,2.79,,0.00,WARMUP,NO-DATA,0,
2015-01-19,8550.70,,,108.87,42.75,18.73,39.87,5.21,34.65,51.56,RANGE,,NEUTRAL,,1.85,3.24,,0.00,WARMUP,NO-DATA,0,
2015-01-20,8695.60,,,112.32,36.23,20.80,62.88,16.75,46.13,58.65,RANGE,,NEUTRAL,,3.58,4.99,,0.00,WARMUP,NO-DATA,0,
2015-01-21,8729.50,,,108.03,34.39,22.90,82.89,29.98,52.92,60.12,RANGE,,NEUTRAL,,3.98,5.39,,0.00,WARMUP,NO-DATA,0,
2015-01-22,8761.40,,,103.68,30.76,25.00,100.18,44.02,56.16,61.51,TREND UP,,NEUTRAL,,4.36,5.78,,0.00,WARMUP,NO-DATA,1,
2015-01-23,8835.60,,,103.77,26.67,27.38,118.49,58.91,59.58,64.59,TREND UP,,NEUTRAL,,5.24,6.68,,0.00,WARMUP,NO-DATA,0,
2015-01-27,8910.50,,,103.48,19.85,29.81,137.47,74.62,62.85,67.43,TREND UP,,NEUTRAL,,6.13,7.58,,0.00,WARMUP,NO-DATA,0,
2015-01-28,8914.30,,,104.01,22.40,32.28,151.07,89.91,61.16,67.57,TREND UP,,NEUTRAL,,6.18,7.63,,0.00,WARMUP,NO-DATA,0,
2015-01-29,8952.35,,,104.11,22.57,34.37,163.05,104.54,58.51,69.03,TREND UP,,NEUTRAL,,6.63,8.08,,0.00,WARMUP,NO-DATA,0,
2015-01-30,8808.90,,,112.50,27.00,35.00,159.12,115.46,43.67,58.38,TREND UP,,NEUTRAL,,4.92,6.35,,-1.60,WARMUP,NO-DATA,0,
2015-02-02,8797.40,,,110.87,27.07,35.25,153.32,123.03,30.29,57.62,TREND UP,,NEUTRAL,,0.00,6.21,,-1.73,WARMUP,NO-DATA,0,
2015-02-03,8756.55,,,110.85,27.60,35.14,143.77,127.18,16.59,54.86,TREND UP,,NEUTRAL,,-0.46,5.72,,-2.19,WARMUP,NO-DATA,0,
2015-02-04,8723.70,,,109.25,35.52,34.72,132.02,128.15,3.88,52.68,TREND UP,,NEUTRAL,,-0.84,5.32,,-2.55,WARMUP,NO-DATA,0,
2015-02-05,8711.70,,,112.51,37.86,34.67,120.36,126.59,-6.23,51.86,TREND UP,CROSS_DOWN,NEUTRAL,,-0.97,5.18,,-2.69,WARMUP,NO-DATA,0,
2015-02-06,8661.05,,,110.23,43.87,34.07,105.81,122.43,-16.62,48.47,TREND UP,,NEUTRAL,,-1.55,4.57,,-3.25,WARMUP,NO-DATA,0,
2015-02-09,8526.35,,,112.69,44.84,31.95,82.46,114.44,-31.98,40.81,TREND UP,,NEUTRAL,,-3.08,2.94,,-4.76,WARMUP,NO-DATA,0,
2015-02-10,8565.55,,,117.20,41.83,29.82,66.36,104.82,-38.47,43.60,TREND DOWN,,NEUTRAL,,-2.64,3.41,,-4.32,WARMUP,NO-DATA,0,
2015-02-11,8627.40,,,115.00,42.63,27.78,57.91,95.44,-37.53,47.79,TREND DOWN,,NEUTRAL,,-1.93,4.16,,-3.63,WARMUP,NO-DATA,0,
2015-02-12,8711.55,,,116.30,44.60,26.52,57.35,87.82,-30.47,52.91,TREND UP,,NEUTRAL,,-0.98,5.18,,-2.69,WARMUP,NO-DATA,1,
2015-02-13,8805.50,,,115.89,44.72,26.10,63.75,83.01,-19.26,57.87,TREND UP,,NEUTRAL,,0.09,6.31,,-1.64,WARMUP,NO-DATA,0,
2015-02-16,8809.35,,,113.09,44.21,26.07,68.35,80.08,-11.73,58.07,TREND UP,,NEUTRAL,,0.14,6.36,,-1.60,WARMUP,NO-DATA,0,
2015-02-18,8869.10,,,111.12,43.63,26.22,75.94,79.25,-3.31,61.08,TREND UP,,NEUTRAL,,0.82,7.08,,-0.93,WARMUP,NO-DATA,0,
2015-02-19,8895.30,,,111.68,43.94,26.50,83.11,80.02,3.09,62.36,TREND UP,CROSS_UP,NEUTRAL,,1.11,7.40,,-0.64,WARMUP,NO-DATA,0,
2015-02-20,8833.60,,,109.68,47.21,26.77,82.86,80.59,2.27,57.57,TREND UP,,NEUTRAL,,0.41,6.65,,-1.33,WARMUP,NO-DATA,0,
2015-02-23,8754.95,,,111.34,48.26,25.91,75.44,79.56,-4.12,52.07,TREND UP,CROSS_DOWN,NEUTRAL,,-0.48,5.70,,-2.21,WARMUP,NO-DATA,0,
2015-02-24,8762.10,,,108.65,47.36,24.99,69.34,77.52,-8.17,52.52,RANGE,,NEUTRAL,,-0.40,5.79,,-2.13,WARMUP,NO-DATA,0,
2015-02-25,8767.25,,,107.27,47.38,24.53,64.18,74.85,-10.67,52.86,RANGE,,NEUTRAL,,-0.34,5.85,,-2.07,WARMUP,NO-DATA,0,
2015-02-26,8683.85,,,107.93,46.44,23.07,52.76,70.43,-17.67,47.01,RANGE,,NEUTRAL,,-1.29,4.84,,-3.00,WARMUP,NO-DATA,0,
2015-02-27,8844.60,,,112.59,48.69,22.41,56.03,67.55,-11.52,56.90,RANGE,,NEUTRAL,,0.54,6.78,,-1.20,WARMUP,NO-DATA,0,
2015-03-02,8956.75,,,113.67,43.56,22.74,66.90,67.42,-0.52,62.20,RANGE,,NEUTRAL,,0.00,8.14,,0.00,WARMUP,NO-DATA,0,
2015-03-03,8996.25,,,111.47,48.49,23.30,77.80,69.50,8.31,63.89,RANGE,CROSS_UP,NEUTRAL,,0.44,8.61,,0.00,WARMUP,NO-DATA,0,
2015-03-04,8922.65,,,119.60,43.30,24.50,79.59,71.52,8.07,58.64,RANGE,,NEUTRAL,,-0.38,7.73,,-0.82,WARMUP,NO-DATA,0,
2015-03-05,8937.75,8605.05,,118.78,48.20,25.06,81.29,73.47,7.82,59.38,TREND UP,,NEUTRAL,,-0.21,7.91,,-0.65,WARMUP,NO-DATA,1,
2015-03-09,8756.75,8613.70,,124.39,50.20,24.34,67.25,72.23,-4.97,48.28,RANGE,CROSS_DOWN,NEUTRAL,,-2.23,5.72,,-2.66,WARMUP,NO-DATA,0,
2015-03-10,8712.05,8622.60,,122.69,50.73,23.06,51.92,68.17,-16.24,45.99,RANGE,,NEUTRAL,,-2.73,5.18,,-3.16,WARMUP,NO-DATA,0,
2015-03-11,8699.95,8633.12,,119.16,50.46,21.87,38.36,62.20,-23.85,45.36,RANGE,,NEUTRAL,,-2.87,5.04,,-3.29,WARMUP,NO-DATA,0,
2015-03-12,8776.00,8644.63,,116.88,49.75,21.05,33.36,56.43,-23.08,49.98,RANGE,,NEUTRAL,,-2.02,5.96,,-2.45,WARMUP,NO-DATA,0,
2015-03-13,8647.75,8652.66,,124.11,49.63,19.80,18.83,48.91,-30.08,43.33,RANGE,,NEUTRAL,,-3.45,4.41,,-3.87,WARMUP,NO-DATA,0,
2015-03-16,8633.15,8660.35,,118.92,46.38,18.82,6.07,40.34,-34.28,42.64,RANGE,,NEUTRAL,,-3.61,4.23,,-4.04,WARMUP,NO-DATA,0,
2015-03-17,8723.30,8669.17,,118.41,47.20,17.80,3.19,32.91,-29.72,48.17,RANGE,,NEUTRAL,,-2.61,5.32,,-3.03,WARMUP,NO-DATA,0,
2015-03-18,8685.90,8674.98,,115.90,47.07,16.89,-2.08,25.91,-28.00,46.18,RANGE,,NEUTRAL,,-3.02,4.87,,-3.45,WARMUP,NO-DATA,0,
2015-03-19,8634.65,8680.10,,120.02,48.28,15.82,-10.28,18.68,-28.95,43.53,RANGE,,NEUTRAL,,-3.60,4.25,,-4.02,WARMUP,NO-DATA,0,
2015-03-20,8570.90,8688.97,,117.28,42.15,15.41,-21.67,10.61,-32.27,40.42,RANGE,,NEUTRAL,,-4.31,3.48,,-4.73,WARMUP,NO-DATA,0,
2015-03-23,8550.90,8697.95,,113.74,39.99,15.14,-31.94,2.10,-34.04,39.47,RANGE,,NEUTRAL,,-4.53,3.24,,-4.95,WARMUP,NO-DATA,0,
2015-03-24,8542.95,8704.11,,112.18,39.89,14.66,-40.26,-6.37,-33.88,39.07,RANGE,,NEUTRAL,,-4.62,3.14,,-5.04,WARMUP,NO-DATA,0,
2015-03-25,8530.80,8709.04,,108.26,46.47,14.41,-47.29,-14.56,-32.73,38.44,RANGE,,NEUTRAL,,-4.76,3.00,,-5.17,WARMUP,NO-DATA,0,
2015-03-26,8342.15,8709.42,,115.20,39.39,15.71,-67.30,-25.10,-42.20,30.26,RANGE,,NEUTRAL,,-6.86,0.72,,-7.27,WARMUP,NO-DATA,0,
2015-03-27,8341.40,8710.26,,117.26,37.14,17.26,-82.28,-36.54,-45.74,30.23,RANGE,,NEUTRAL,,-6.87,0.71,,-7.28,WARMUP,NO-DATA,0,
2015-03-30,8492.30,8714.56,,119.66,38.35,17.75,-81.03,-45.44,-35.60,41.73,RANGE,,NEUTRAL,,-5.19,2.53,,-5.60,WARMUP,NO-DATA,0,
2015-03-31,8491.00,8714.50,,117.99,38.90,17.57,-79.24,-52.20,-27.04,41.66,RANGE,,NEUTRAL,,-5.20,2.51,,-5.62,WARMUP,NO-DATA,0,
2015-04-01,8586.25,8715.94,,119.47,40.08,16.86,-69.33,-55.63,-13.71,47.93,RANGE,,NEUTRAL,,0.00,3.66,,-4.56,WARMUP,NO-DATA,0,
2015-04-06,8659.90,8718.13,,117.63,41.40,15.71,-54.91,-55.48,0.57,52.21,RANGE,CROSS_UP,NEUTRAL,,0.86,4.55,,-3.74,WARMUP,NO-DATA,0,
2015-04-07,8660.30,8717.42,,116.86,42.73,14.89,-42.95,-52.97,10.03,52.23,RANGE,,NEUTRAL,,0.86,4.56,,-3.73,WARMUP,NO-DATA,0,
2015-04-08,8714.40,8717.12,,113.52,41.73,14.46,-28.77,-48.13,19.36,55.36,RANGE,,NEUTRAL,,1.49,5.21,,-3.13,WARMUP,NO-DATA,0,
2015-04-09,8778.30,8717.46,,112.78,42.21,14.52,-12.24,-40.95,28.72,58.78,RANGE,,NEUTRAL,,2.24,5.98,,-2.42,WARMUP,NO-DATA,0,
2015-04-10,8780.35,8716.35,,108.56,39.29,14.60,1.02,-32.56,33.58,58.89,RANGE,,NEUTRAL,,2.26,6.01,,-2.40,WARMUP,NO-DATA,0,
2015-04-13,8834.00,8714.82,,106.49,35.46,15.13,15.67,-22.91,38.58,61.74,RANGE,,NEUTRAL,,2.89,6.66,,-1.80,WARMUP,NO-DATA,0,
2015-04-16,8706.70,8710.67,,112.34,38.47,14.32,16.82,-14.97,31.79,52.45,RANGE,,NEUTRAL,,1.40,5.12,,-3.22,WARMUP,NO-DATA,0,
2015-04-17,8606.00,8703.75,,112.17,38.90,13.49,9.49,-10.08,19.57,46.48,RANGE,,NEUTRAL,,0.23,3.90,,-4.34,WARMUP,NO-DATA,0,
2015-04-20,8448.10,8696.53,,118.25,42.08,14.09,-8.95,-9.85,0.90,38.99,RANGE,,NEUTRAL,,-1.61,2.00,,-6.09,WARMUP,NO-DATA,0,
2015-04-21,8377.75,8688.14,,118.13,40.09,15.07,-28.91,-13.66,-15.25,36.20,RANGE,CROSS_DOWN,NEUTRAL,,-2.43,1.15,,-6.88,WARMUP,NO-DATA,0,
2015-04-22,8429.70,8681.60,,121.50,41.62,16.37,-40.08,-18.95,-21.13,39.64,RANGE,,NEUTRAL,,-1.82,1.77,,-6.30,WARMUP,NO-DATA,0,
2015-04-23,8398.30,8675.09,,123.04,41.44,16.99,-50.87,-25.33,-25.54,38.30,RANGE,,NEUTRAL,,-2.19,1.40,,-6.65,WARMUP,NO-DATA,0,
2015-04-24,8305.25,8666.96,,124.25,41.66,18.09,-66.17,-33.50,-32.67,34.55,RANGE,,NEUTRAL,,-3.27,0.27,,-7.68,WARMUP,NO-DATA,0,
2015-04-27,8213.80,8658.02,,124.81,37.05,19.48,-84.70,-43.74,-40.96,31.31,RANGE,,NEUTRAL,,-4.34,-0.83,,-8.70,WARMUP,NO-DATA,0,
2015-04-28,8285.60,8653.20,,124.67,36.69,20.85,-92.53,-53.50,-39.03,36.36,RANGE,,NEUTRAL,,-3.50,0.04,,-7.90,WARMUP,NO-DATA,0,
2015-04-29,8239.75,8646.69,,122.12,36.30,22.13,-101.26,-63.05,-38.21,34.61,RANGE,,NEUTRAL,,-4.04,-0.52,,-8.41,WARMUP,NO-DATA,0,
2015-04-30,8181.50,8637.77,,120.18,34.58,23.71,-111.60,-72.76,-38.84,32.47,RANGE,,NEUTRAL,,-4.71,-1.22,,-9.06,WARMUP,NO-DATA,0,
2015-05-04,8331.95,8630.18,,123.35,35.90,23.82,-106.42,-79.49,-26.93,42.37,RANGE,,NEUTRAL,,0.00,0.59,,-7.38,WARMUP,NO-DATA,0,
2015-05-05,8324.80,8620.56,,119.90,36.34,23.82,-101.72,-83.94,-17.78,42.05,RANGE,,NEUTRAL,,-0.09,0.51,,-7.46,WARMUP,NO-DATA,0,
2015-05-06,8097.00,8606.32,,129.12,40.82,24.92,-115.05,-90.16,-24.89,33.50,RANGE,,NEUTRAL,,-2.82,-2.24,,-10.00,WARMUP,NO-DATA,0,
2015-05-07,8057.30,8590.08,,128.86,38.19,26.33,-127.35,-97.60,-29.76,32.27,TREND DOWN,,NEUTRAL,BULL_DIV,-3.30,-2.72,,-10.44,WARMUP,NO-DATA,0,
2015-05-08,8191.50,8576.00,,131.63,43.88,26.59,-124.84,-103.05,-21.79,40.26,TREND DOWN,,NEUTRAL,,-1.69,-1.10,,-8.95,WARMUP,NO-DATA,0,
2015-05-11,8325.25,8565.84,,132.31,50.53,25.89,-110.77,-104.59,-6.18,46.98,TREND DOWN,,NEUTRAL,,-0.08,0.51,,-7.46,WARMUP,NO-DATA,0,
2015-05-12,8126.95,8553.28,,137.96,52.35,25.84,-114.31,-106.53,-7.77,39.83,TREND DOWN,,NEUTRAL,,-2.46,-1.88,,-9.66,WARMUP,NO-DATA,0,
2015-05-13,8235.45,8542.74,,139.90,52.35,25.92,-107.12,-106.65,-0.47,44.78,TREND DOWN,,NEUTRAL,,-1.16,-0.57,,-8.46,WARMUP,NO-DATA,0,
2015-05-14,8224.20,8531.88,,136.98,59.05,25.99,-101.16,-105.55,4.39,44.37,TREND DOWN,CROSS_UP,NEUTRAL,,-1.29,-0.71,,-8.58,WARMUP,NO-DATA,0,
2015-05-15,8262.35,8523.45,,131.98,63.28,25.65,-92.30,-102.90,10.60,46.17,TREND DOWN,,NEUTRAL,,-0.84,-0.25,,-8.16,WARMUP,NO-DATA,0,
2015-05-18,8373.65,8514.03,,131.28,60.14,24.39,-75.43,-97.41,21.98,51.11,CHOP,,NEUTRAL,,0.50,1.10,,-6.92,WARMUP,NO-DATA,0,
2015-05-19,8365.65,8502.21,,128.53,55.53,22.87,-61.99,-90.33,28.34,50.75,CHOP,,NEUTRAL,,0.40,1.00,,-7.01,WARMUP,NO-DATA,0,
2015-05-20,8423.25,8490.75,,124.69,54.15,21.35,-46.16,-81.49,35.33,53.31,RANGE,,NEUTRAL,,1.10,1.70,,-6.37,WARMUP,NO-DATA,0,
2015-05-21,8421.00,8480.72,,120.34,52.99,20.02,-33.41,-71.87,38.47,53.19,RANGE,,NEUTRAL,,1.07,1.67,,-6.39,WARMUP,NO-DATA,0,
2015-05-22,8458.95,8471.14,,116.67,47.47,18.78,-20.01,-61.50,41.49,54.97,RANGE,,NEUTRAL,,1.52,2.13,,-5.97,WARMUP,NO-DATA,0,
2015-05-25,8370.25,8463.41,,115.11,47.90,17.76,-16.36,-52.47,36.11,50.16,RANGE,,NEUTRAL,,0.46,1.06,,-6.96,WARMUP,NO-DATA,0,
2015-05-26,8339.35,8455.96,,111.09,43.53,17.18,-15.78,-45.13,29.36,48.57,RANGE,,NEUTRAL,,0.09,0.68,,-7.30,WARMUP,NO-DATA,0,
2015-05-27,8334.60,8448.65,,107.79,49.92,16.98,-15.52,-39.21,23.69,48.32,RANGE,,NEUTRAL,,0.03,0.63,,-7.35,WARMUP,NO-DATA,0,
2015-05-28,8319.00,8439.51,,106.83,48.01,16.56,-16.39,-34.65,18.26,47.44,RANGE,,NEUTRAL,,-0.16,0.44,,-7.53,WARMUP,NO-DATA,0,
2015-05-29,8433.65,8435.23,,109.07,47.93,15.39,-7.74,-29.27,21.53,54.05,RANGE,,NEUTRAL,,1.22,1.82,,-6.25,WARMUP,NO-DATA,0,
2015-06-01,8433.40,8431.23,,105.69,43.70,14.53,-0.89,-23.59,22.70,54.03,RANGE,,NEUTRAL,,0.00,1.82,,-6.26,WARMUP,NO-DATA,0,
2015-06-02,8236.45,8421.50,,113.81,50.08,14.77,-11.23,-21.12,9.89,43.21,RANGE,,NEUTRAL,,-2.34,-0.56,,-8.45,WARMUP,NO-DATA,0,
2015-06-03,8135.10,8410.48,,115.86,46.93,15.82,-27.28,-22.35,-4.93,38.90,RANGE,CROSS_DOWN,NEUTRAL,,-3.54,-1.78,,-9.57,WARMUP,NO-DATA,0,
2015-06-04,8130.65,8400.40,,114.96,44.50,16.99,-39.90,-25.86,-14.04,38.71,RANGE,,NEUTRAL,,-3.59,-1.84,,-9.62,WARMUP,NO-DATA,0,
2015-06-05,8114.70,8391.28,,113.24,43.64,17.76,-50.61,-30.81,-19.80,38.02,RANGE,,NEUTRAL,,-3.78,-2.03,,-9.80,WARMUP,NO-DATA,0,
2015-06-08,8044.15,8381.14,,112.33,41.62,18.87,-64.05,-37.46,-26.59,35.05,RANGE,,NEUTRAL,,-4.62,-2.88,,-10.58,WARMUP,NO-DATA,0,
2015-06-09,8022.40,8370.73,,108.02,38.95,20.04,-75.59,-45.08,-30.50,34.16,RANGE,,NEUTRAL,,-4.87,-3.14,,-10.83,WARMUP,NO-DATA,0,
2015-06-10,8124.45,8362.60,,109.58,40.76,20.09,-75.62,-51.19,-24.43,41.63,RANGE,,NEUTRAL,,-3.66,-1.91,,-9.69,WARMUP,NO-DATA,0,
2015-06-11,7965.35,8355.07,,116.38,42.35,20.56,-87.48,-58.45,-29.03,34.97,RANGE,,NEUTRAL,BULL_DIV,-5.55,-3.83,,-11.46,WARMUP,NO-DATA,0,
2015-06-12,7982.90,8347.90,,112.02,40.06,21.11,-94.37,-65.63,-28.74,36.18,RANGE,,NEUTRAL,,-5.34,-3.62,,-11.26,WARMUP,NO-DATA,0,
2015-06-15,8013.90,8338.33,,112.08,41.39,20.94,-96.22,-71.75,-24.47,38.37,RANGE,,NEUTRAL,,-4.97,-3.25,,-10.92,WARMUP,NO-DATA,0,
2015-06-16,8047.30,8329.46,,111.89,42.45,20.73,-93.91,-76.18,-17.73,40.73,RANGE,,NEUTRAL,,-4.58,-2.84,,-10.55,WARMUP,NO-DATA,0,
2015-06-17,8091.55,8319.56,,110.30,42.33,19.76,-87.50,-78.45,-9.06,43.79,RANGE,,NEUTRAL,,-4.05,-2.31,,-10.06,WARMUP,NO-DATA,0,
2015-06-18,8174.60,8309.86,,109.23,41.31,18.37,-74.86,-77.73,2.87,49.11,RANGE,CROSS_UP,NEUTRAL,,-3.07,-1.31,,-9.13,WARMUP,NO-DATA,0,
2015-06-19,8224.95,8301.15,,106.87,43.26,17.61,-60.08,-74.20,14.12,52.07,RANGE,,NEUTRAL,,-2.47,-0.70,,-8.57,WARMUP,NO-DATA,0,
2015-06-22,8353.10,8293.92,,109.56,47.60,17.80,-37.60,-66.88,29.28,58.67,RANGE,,NEUTRAL,,-0.95,0.85,,-7.15,WARMUP,NO-DATA,0,
2015-06-23,8381.55,8285.99,,106.27,43.08,18.17,-17.29,-56.96,39.68,59.98,RANGE,,NEUTRAL,,-0.61,1.19,,-6.83,WARMUP,NO-DATA,0,
2015-06-24,8360.85,8277.60,,104.57,40.67,18.68,-2.83,-46.13,43.31,58.52,RANGE,,NEUTRAL,,-0.86,0.94,,-7.06,WARMUP,NO-DATA,0,
2015-06-25,8398.00,8268.88,,103.79,40.61,19.04,11.50,-34.61,46.11,60.39,RANGE,,NEUTRAL,,-0.42,1.39,,-6.65,WARMUP,NO-DATA,0,
2015-06-26,8381.10,8262.37,,101.29,39.75,19.37,21.25,-23.44,44.68,59.09,RANGE,,NEUTRAL,,-0.62,1.19,,-6.84,WARMUP,NO-DATA,0,
2015-06-29,8318.40,8256.61,,107.30,43.25,18.06,23.64,-14.02,37.66,54.40,RANGE,,NEUTRAL,,-1.36,0.43,,-7.53,WARMUP,NO-DATA,0,
2015-06-30,8368.50,8255.02,,105.28,41.95,17.29,29.24,-5.37,34.61,57.31,RANGE,,NEUTRAL,,-0.77,1.04,,-6.98,WARMUP,NO-DATA,0,
2015-07-01,8453.05,8256.53,,105.84,35.17,17.40,40.04,3.71,36.33,61.75,RANGE,,NEUTRAL,,0.00,2.06,,-6.04,WARMUP,NO-DATA,0,
2015-07-02,8444.90,8256.83,,101.57,35.23,17.51,47.39,12.45,34.94,61.09,RANGE,,NEUTRAL,,-0.10,1.96,,-6.13,WARMUP,NO-DATA,0,
2015-07-03,8484.90,8258.56,,99.57,33.51,17.75,55.80,21.12,34.69,63.17,RANGE,,NEUTRAL,,0.38,2.44,,-5.68,WARMUP,NO-DATA,0,
2015-07-06,8522.15,8262.90,,102.96,39.09,17.52,64.73,29.84,34.89,65.04,RANGE,,NEUTRAL,,0.82,2.89,,-5.27,WARMUP,NO-DATA,0,
2015-07-07,8510.80,8268.84,,101.14,40.73,17.55,70.08,37.89,32.19,63.98,RANGE,,NEUTRAL,,0.68,2.75,,-5.40,WARMUP,NO-DATA,0,
2015-07-08,8363.05,8270.39,,106.02,51.41,16.53,61.69,42.65,19.04,52.01,RANGE,,NEUTRAL,,-1.06,0.97,,-7.04,WARMUP,NO-DATA,0,
2015-07-09,8328.55,8272.17,,103.97,51.44,15.76,51.66,44.45,7.21,49.67,RANGE,,NEUTRAL,,-1.47,0.55,,-7.42,WARMUP,NO-DATA,0,
2015-07-10,8360.55,8275.75,,100.95,49.17,15.11,45.76,44.71,1.05,51.84,RANGE,,NEUTRAL,,-1.09,0.94,,-7.07,WARMUP,NO-DATA,0,
2015-07-13,8459.65,8278.30,,102.04,50.63,14.52,48.53,45.48,3.05,57.87,RANGE,,NEUTRAL,,0.08,2.14,,-5.96,WARMUP,NO-DATA,0,
2015-07-14,8454.10,8280.89,,98.76,49.91,14.04,49.70,46.32,3.38,57.44,RANGE,,NEUTRAL,,0.01,2.07,,-6.03,WARMUP,NO-DATA,0,
2015-07-15,8523.80,8289.42,,97.23,49.45,14.08,55.61,48.18,7.43,61.35,RANGE,,NEUTRAL,,0.84,2.91,,-5.25,WARMUP,NO-DATA,0,
2015-07-16,8608.05,8300.44,,96.88,44.82,14.82,66.33,51.81,14.52,65.49,RANGE,,NEUTRAL,,1.83,3.93,,-4.32,WARMUP,NO-DATA,0,
2015-07-17,8609.85,8308.81,,93.51,48.48,15.70,74.11,56.27,17.84,65.58,RANGE,,NEUTRAL,,1.85,3.95,,-4.30,WARMUP,NO-DATA,0,
2015-07-20,8603.45,8314.37,,91.49,49.91,16.08,78.86,60.79,18.07,64.97,RANGE,,NEUTRAL,,1.78,3.87,,-4.37,WARMUP,NO-DATA,0,
2015-07-21,8529.45,8322.42,,94.15,49.95,15.91,75.77,63.79,11.99,58.21,RANGE,,NEUTRAL,,0.90,2.98,,-5.19,WARMUP,NO-DATA,0,
2015-07-22,8633.50,8330.38,,97.80,52.87,15.52,80.79,67.19,13.61,63.89,RANGE,,NEUTRAL,BEAR_DIV,2.13,4.24,,-4.03,WARMUP,NO-DATA,0,
2015-07-23,8589.80,8337.69,,96.60,52.18,15.27,80.32,69.81,10.51,60.19,RANGE,,NEUTRAL,,1.62,3.71,,-4.52,WARMUP,NO-DATA,0,
2015-07-24,8521.55,8342.88,,95.15,50.13,14.27,73.59,70.57,3.02,54.84,RANGE,,NEUTRAL,,0.81,2.88,,-5.28,WARMUP,NO-DATA,0,
2015-07-27,8361.00,8342.62,,100.50,52.79,14.71,54.67,67.39,-12.72,44.77,RANGE,CROSS_DOWN,NEUTRAL,,-1.09,0.95,,-7.06,WARMUP,NO-DATA,0,
2015-07-28,8337.00,8342.05,,98.72,50.09,15.35,37.31,61.37,-24.06,43.48,RANGE,,NEUTRAL,,-1.37,0.66,,-7.33,WARMUP,NO-DATA,0,
2015-07-29,8375.05,8341.09,,94.85,49.11,15.94,26.32,54.36,-28.04,46.13,RANGE,,NEUTRAL,,-0.92,1.11,,-6.91,WARMUP,NO-DATA,0,
2015-07-30,8421.80,8341.10,,94.06,50.49,15.52,21.14,47.72,-26.58,49.26,RANGE,,NEUTRAL,,-0.37,1.68,,-6.39,WARMUP,NO-DATA,0,
2015-07-31,8532.85,8342.58,,96.43,50.82,14.64,25.69,43.31,-17.62,55.84,RANGE,,NEUTRAL,,0.94,3.02,,-5.15,WARMUP,NO-DATA,0,
2015-08-03,8543.05,8346.04,,93.53,50.81,13.97,29.79,40.61,-10.82,56.40,RANGE,,NEUTRAL,,0.00,3.14,,-5.04,WARMUP,NO-DATA,0,
2015-08-04,8516.90,8349.59,,95.20,51.97,13.22,30.57,38.60,-8.03,54.50,RANGE,,NEUTRAL,,-0.31,2.83,,-5.33,WARMUP,NO-DATA,0,
2015-08-05,8567.95,8354.25,,93.75,51.47,12.31,34.90,37.86,-2.96,57.52,RANGE,,NEUTRAL,,0.29,3.44,,-4.76,WARMUP,NO-DATA,0,
2015-08-06,8588.65,8359.65,,90.97,51.61,11.62,39.55,38.20,1.35,58.71,RANGE,CROSS_UP,NEUTRAL,,0.53,3.69,,-4.53,WARMUP,NO-DATA,0,
2015-08-07,8564.60,8362.27,,87.56,50.97,10.98,40.83,38.72,2.10,56.71,RANGE,,NEUTRAL,,0.25,3.40,,-4.80,WARMUP,NO-DATA,0,
2015-08-10,8525.60,8364.11,,90.15,50.82,10.65,38.25,38.63,-0.38,53.53,RANGE,CROSS_DOWN,NEUTRAL,,-0.20,2.93,,-5.23,WARMUP,NO-DATA,0,
2015-08-11,8462.35,8368.63,,91.92,49.90,10.95,30.75,37.05,-6.31,48.76,RANGE,,NEUTRAL,,-0.94,2.17,,-5.93,WARMUP,NO-DATA,0,
2015-08-12,8349.45,8372.92,,94.24,55.19,12.13,15.51,32.74,-17.23,41.62,CHOP,,NEUTRAL,,-2.27,0.81,,-7.19,WARMUP,NO-DATA,0,
2015-08-13,8355.85,8377.42,,93.92,55.58,13.23,3.91,26.98,-23.07,42.14,CHOP,,NEUTRAL,,-2.19,0.88,,-7.12,WARMUP,NO-DATA,0,
2015-08-14,8518.55,8385.50,,99.66,55.70,12.93,7.76,23.13,-15.38,53.43,CHOP,,NEUTRAL,,-0.29,2.85,,-5.31,WARMUP,NO-DATA,0,
2015-08-17,8477.30,8394.16,,99.86,58.58,12.65,7.39,19.98,-12.60,50.73,CHOP,,NEUTRAL,,-0.77,2.35,,-5.77,WARMUP,NO-DATA,0,
2015-08-18,8466.55,8403.04,,99.31,59.92,12.39,6.16,17.22,-11.06,50.02,CHOP,,NEUTRAL,,-0.90,2.22,,-5.89,WARMUP,NO-DATA,0,
2015-08-19,8495.15,8410.46,,98.97,60.21,12.24,7.41,15.26,-7.85,51.94,CHOP,,NEUTRAL,,-0.56,2.56,,-5.57,WARMUP,NO-DATA,0,
2015-08-20,8372.75,8418.60,,102.01,60.60,12.81,-1.46,11.91,-13.38,44.11,CHOP,,NEUTRAL,,-1.99,1.09,,-6.93,WARMUP,NO-DATA,0,
2015-08-21,8299.95,8424.95,,105.28,50.30,14.47,-14.20,6.69,-20.89,40.22,RANGE,,NEUTRAL,,-2.85,0.21,,-7.74,WARMUP,NO-DATA,0,
2015-08-24,7809.00,8420.85,,135.65,30.57,17.91,-63.19,-7.29,-55.90,24.52,RANGE,,OVERSOLD,,-8.59,-5.72,,-13.20,WARMUP,NO-DATA,0,Black Monday China -5.92%
2015-08-25,7880.70,8417.52,,144.40,29.75,21.35,-95.12,-24.85,-70.27,28.89,RANGE,,OVERSOLD,,-7.75,-4.85,,-12.40,WARMUP,NO-DATA,0,
2015-08-26,7791.85,8411.52,,145.01,31.48,24.50,-126.15,-45.11,-81.04,26.82,RANGE,,OVERSOLD,,-8.79,-5.93,,-13.39,WARMUP,NO-DATA,0,
2015-08-27,7948.95,8407.01,,146.92,33.65,27.02,-136.49,-63.39,-73.10,35.60,TREND DOWN,,NEUTRAL,,-6.95,-4.03,,-11.64,WARMUP,NO-DATA,0,
2015-08-28,8001.95,8402.55,,146.63,36.64,27.98,-138.81,-78.47,-60.33,38.29,TREND DOWN,,NEUTRAL,,-6.33,-3.39,,-11.05,WARMUP,NO-DATA,0,
2015-08-31,7971.30,8394.91,,142.99,37.44,28.93,-141.49,-91.07,-50.41,37.32,TREND DOWN,,NEUTRAL,,-6.69,-3.76,,-11.39,WARMUP,NO-DATA,0,
2015-09-01,7785.85,8383.00,,148.83,39.04,30.56,-156.76,-104.21,-52.55,32.03,TREND DOWN,,NEUTRAL,,0.00,-6.00,,-13.45,WARMUP,NO-DATA,0,
2015-09-02,7717.00,8370.12,,149.87,40.18,32.22,-172.44,-117.86,-54.58,30.31,TREND DOWN,,NEUTRAL,,-0.88,-6.83,,-14.22,WARMUP,NO-DATA,0,
2015-09-03,7823.00,8358.62,,148.35,39.48,33.77,-174.30,-129.15,-45.16,36.00,TREND DOWN,,NEUTRAL,,0.48,-5.55,,-13.04,WARMUP,NO-DATA,0,
2015-09-04,7655.05,8344.10,,151.76,39.37,35.59,-187.17,-140.75,-46.42,31.60,TREND DOWN,,NEUTRAL,,-1.68,-7.58,,-14.91,WARMUP,NO-DATA,0,
2015-09-07,7558.80,8328.91,,152.29,37.30,37.51,-202.80,-153.16,-49.64,29.38,TREND DOWN,,OVERSOLD,,-2.92,-8.74,,-15.98,WARMUP,NO-DATA,0,
2015-09-08,7688.25,8315.30,,154.37,39.03,39.11,-202.41,-163.01,-39.40,35.90,TREND DOWN,,NEUTRAL,,-1.25,-7.18,,-14.54,WARMUP,NO-DATA,0,
2015-09-09,7818.60,8302.61,,154.61,47.07,39.25,-189.40,-168.29,-21.11,41.73,TREND DOWN,,NEUTRAL,,0.42,-5.60,,-13.09,WARMUP,NO-DATA,0,
2015-09-10,7788.10,8289.48,,153.67,60.19,39.72,-179.47,-170.53,-8.95,40.80,TREND DOWN,,NEUTRAL,,0.03,-5.97,,-13.43,WARMUP,NO-DATA,0,
2015-09-11,7789.30,8275.57,,150.19,53.71,39.70,-169.56,-170.33,0.77,40.85,TREND DOWN,CROSS_UP,NEUTRAL,,0.04,-5.96,,-13.42,WARMUP,NO-DATA,0,
2015-09-14,7872.25,8262.57,,147.90,51.30,39.54,-153.24,-166.92,13.67,44.76,TREND DOWN,,NEUTRAL,,1.11,-4.96,,-12.49,WARMUP,NO-DATA,0,
2015-09-15,7829.10,8248.93,,143.06,49.99,39.38,-142.16,-161.96,19.81,43.16,TREND DOWN,,NEUTRAL,,0.56,-5.48,,-12.97,WARMUP,NO-DATA,0,
2015-09-16,7899.15,8239.66,,138.90,48.36,38.86,-126.26,-154.82,28.56,46.49,TREND DOWN,,NEUTRAL,,1.46,-4.63,,-12.20,WARMUP,NO-DATA,0,
2015-09-18,7981.90,8232.72,,140.11,51.22,36.99,-105.77,-145.01,39.24,50.21,TREND DOWN,,NEUTRAL,,2.52,-3.63,,-11.28,WARMUP,NO-DATA,0,
2015-09-21,7977.10,8225.05,,135.79,50.92,35.57,-88.89,-133.79,44.90,49.99,TREND DOWN,,NEUTRAL,,2.46,-3.69,,-11.33,WARMUP,NO-DATA,0,
2015-09-22,7812.00,8212.10,,142.79,51.09,34.97,-87.82,-124.59,36.77,43.10,TREND DOWN,,NEUTRAL,,0.34,-5.68,,-13.16,WARMUP,NO-DATA,0,
2015-09-23,7845.95,8199.94,,144.00,51.02,34.75,-83.28,-116.33,33.05,44.78,TREND DOWN,,NEUTRAL,,0.77,-5.27,,-12.79,WARMUP,NO-DATA,0,
2015-09-24,7868.50,8186.83,,140.17,50.28,34.43,-76.97,-108.46,31.49,45.93,TREND DOWN,,NEUTRAL,,1.06,-5.00,,-12.54,WARMUP,NO-DATA,0,
2015-09-28,7795.70,8170.59,,137.73,48.48,34.23,-76.96,-102.16,25.20,42.84,TREND DOWN,,NEUTRAL,,0.13,-5.88,,-13.35,WARMUP,NO-DATA,0,
2015-09-29,7843.30,8155.25,,144.70,50.01,34.56,-72.27,-96.18,23.91,45.43,TREND DOWN,,NEUTRAL,,0.74,-5.31,,-12.82,WARMUP,NO-DATA,0,
2015-09-30,7948.90,8142.16,,142.54,60.58,34.51,-59.36,-88.82,29.46,50.75,TREND DOWN,,NEUTRAL,,2.09,-4.03,,-11.64,WARMUP,NO-DATA,0,
2015-10-01,7950.90,8130.59,,137.90,58.91,33.91,-48.40,-80.73,32.33,50.85,TREND DOWN,,NEUTRAL,,0.00,-4.01,,-11.62,WARMUP,NO-DATA,0,
2015-10-05,8119.30,8120.31,,140.76,53.97,32.17,-25.83,-69.75,43.92,58.35,TREND DOWN,,NEUTRAL,,2.12,-1.97,,-9.75,WARMUP,NO-DATA,0,
2015-10-06,8152.90,8111.57,,136.74,49.29,30.12,-5.17,-56.84,51.66,59.67,TREND DOWN,,NEUTRAL,,2.54,-1.57,,-9.37,WARMUP,NO-DATA,0,
2015-10-07,8177.40,8104.69,,130.97,47.34,28.14,13.02,-42.86,55.89,60.65,TREND DOWN,,NEUTRAL,,2.85,-1.27,,-9.10,WARMUP,NO-DATA,0,
2015-10-08,8129.35,8100.05,,128.11,46.98,26.53,23.30,-29.63,52.93,57.69,TREND DOWN,,NEUTRAL,,2.24,-1.85,,-9.64,WARMUP,NO-DATA,0,
2015-10-09,8189.70,8097.11,,126.31,44.80,24.70,35.90,-16.53,52.43,60.31,RANGE,,NEUTRAL,,3.00,-1.12,,-8.97,WARMUP,NO-DATA,0,
2015-10-12,8143.60,8092.48,,125.59,43.09,22.99,41.68,-4.88,46.57,57.39,RANGE,,NEUTRAL,,2.42,-1.68,,-9.48,WARMUP,NO-DATA,0,
2015-10-13,8131.70,8086.68,,121.02,42.70,21.68,44.79,5.05,39.74,56.62,RANGE,,NEUTRAL,,2.27,-1.82,,-9.61,WARMUP,NO-DATA,0,
2015-10-14,8107.90,8078.18,8374.24,115.45,38.21,20.46,44.82,13.01,31.81,55.04,RANGE,,NEUTRAL,,1.97,-2.11,,-9.87,CHOP-UP,WATCH,0,
2015-10-15,8179.50,8070.91,8373.52,113.10,36.23,19.23,50.04,20.41,29.63,58.77,RANGE,,NEUTRAL,,2.88,-1.25,,-9.08,CHOP-UP,WATCH,0,
2015-10-16,8238.15,8065.33,8373.37,112.08,36.32,18.63,58.24,27.98,30.26,61.57,RANGE,,NEUTRAL,,3.61,-0.54,,-8.43,CHOP-UP,WATCH,0,
2015-10-19,8275.05,8059.47,8373.88,107.28,32.26,18.43,66.94,35.77,31.17,63.27,RANGE,,NEUTRAL,,4.08,-0.09,,-8.02,CHOP-UP,WATCH,0,
2015-10-20,8261.65,8052.93,8374.18,104.25,40.33,18.33,71.93,43.00,28.93,62.20,RANGE,,NEUTRAL,,3.91,-0.25,,-8.17,CHOP-UP,WATCH,0,
2015-10-21,8251.70,8046.68,8374.21,102.32,44.56,18.09,74.22,49.25,24.98,61.36,RANGE,,NEUTRAL,,3.78,-0.37,,-8.28,CHOP-UP,WATCH,0,
2015-10-23,8295.45,8042.07,8374.44,100.47,49.03,18.20,78.67,55.13,23.54,63.67,RANGE,,NEUTRAL,,4.33,0.15,,-7.79,CHOP-UP,WATCH,0,
2015-10-26,8260.55,8038.04,8374.33,99.31,55.94,17.88,78.47,59.80,18.67,60.57,CHOP,,NEUTRAL,,3.89,-0.27,,-8.18,CHOP-UP,WATCH,0,
2015-10-27,8232.90,8035.71,8373.52,95.32,54.48,17.09,75.21,62.88,12.33,58.15,RANGE,,NEUTRAL,,3.55,-0.60,,-8.49,CHOP-UP,WATCH,0,
2015-10-28,8171.20,8032.01,8372.48,95.74,56.09,16.43,66.88,63.68,3.20,53.07,CHOP,,NEUTRAL,,2.77,-1.35,,-9.17,CHOP-UP,WATCH,0,
2015-10-29,8111.75,8023.88,8372.41,94.73,55.76,16.17,54.85,61.91,-7.07,48.65,CHOP,CROSS_DOWN,NEUTRAL,,2.02,-2.06,,-9.83,CHOP-MID,STAND-ASIDE,0,
2015-10-30,8065.80,8015.65,8372.22,95.23,49.50,16.47,41.13,57.76,-16.63,45.50,RANGE,,NEUTRAL,,1.45,-2.62,,-10.34,CHOP-DOWN,STAND-ASIDE,0,
2015-11-02,8050.80,8007.33,8371.31,93.44,41.99,17.19,28.72,51.95,-23.23,44.49,RANGE,,NEUTRAL,,0.00,-2.80,,-10.51,CHOP-DOWN,STAND-ASIDE,0,
2015-11-03,8060.70,7998.64,8370.19,91.66,42.24,17.28,19.45,45.45,-26.00,45.35,RANGE,,NEUTRAL,,0.12,-2.68,,-10.40,CHOP-DOWN,STAND-ASIDE,0,
2015-11-04,8040.20,7991.99,8368.77,91.46,43.88,17.14,10.34,38.43,-28.09,43.83,RANGE,,NEUTRAL,,-0.13,-2.93,,-10.63,CHOP-DOWN,STAND-ASIDE,0,
2015-11-05,7955.45,7985.10,8367.05,91.79,39.01,17.81,-3.68,30.01,-33.68,38.13,RANGE,,NEUTRAL,,-1.18,-3.95,,-11.57,CHOP-DOWN,STAND-ASIDE,0,
2015-11-06,7954.30,7988.01,8365.44,90.70,36.54,18.58,-14.71,21.06,-35.77,38.06,RANGE,,NEUTRAL,,-1.20,-3.96,,-11.58,CHOP-DOWN,STAND-ASIDE,0,
2015-11-09,7915.20,7988.70,8362.54,97.26,28.99,20.40,-26.31,11.59,-37.90,35.59,RANGE,,NEUTRAL,,-1.68,-4.44,,-12.02,WEAK,NO-BUY,0,
2015-11-10,7783.35,7988.53,8358.89,100.48,31.34,22.08,-45.61,0.15,-45.76,28.80,RANGE,,OVERSOLD,,-3.32,-6.03,,-13.48,WEAK,NO-BUY,0,
2015-11-13,7762.25,7984.80,8354.95,97.05,27.96,23.90,-61.90,-12.26,-49.64,27.88,RANGE,,OVERSOLD,,-3.58,-6.28,,-13.72,WEAK,NO-BUY,0,
2015-11-16,7806.60,7980.89,8350.50,99.03,28.34,24.60,-70.42,-23.89,-46.52,32.73,RANGE,,NEUTRAL,,-3.03,-5.75,,-13.22,WEAK,NO-BUY,0,
2015-11-17,7837.55,7978.21,8346.04,96.77,34.09,24.93,-73.82,-33.88,-39.94,35.96,RANGE,,NEUTRAL,,-2.65,-5.37,,-12.88,WEAK,NO-BUY,0,
2015-11-18,7731.80,7977.13,8340.89,98.31,38.65,25.75,-84.08,-43.92,-40.16,30.56,TREND DOWN,,NEUTRAL,,-3.96,-6.65,,-14.06,PANIC,NO-TOUCH,0,
2015-11-19,7842.75,7979.65,8335.93,100.08,41.58,26.33,-82.31,-51.59,-30.71,40.64,TREND DOWN,,NEUTRAL,,-2.58,-5.31,,-12.82,BEAR,AVOID,0,
2015-11-20,7856.55,7980.32,8330.66,99.30,44.61,26.10,-78.88,-57.05,-21.83,41.77,TREND DOWN,,NEUTRAL,,-2.41,-5.15,,-12.67,BEAR,AVOID,0,
2015-11-23,7849.25,7984.20,8325.34,95.95,45.98,25.88,-75.88,-60.82,-15.06,41.32,TREND DOWN,,NEUTRAL,,-2.50,-5.23,,-12.75,BEAR,AVOID,0,
2015-11-24,7831.60,7989.66,8319.73,93.21,45.63,25.80,-74.07,-63.47,-10.60,40.20,TREND DOWN,,NEUTRAL,,-2.72,-5.45,,-12.95,BEAR,AVOID,0,
2015-11-26,7883.80,7993.57,8315.11,91.23,45.54,25.29,-67.65,-64.30,-3.34,44.97,TREND DOWN,,NEUTRAL,,-2.07,-4.82,,-12.37,BEAR,AVOID,0,
2015-11-27,7942.70,7996.05,8310.83,90.42,54.28,23.91,-57.14,-62.87,5.73,49.84,RANGE,CROSS_UP,NEUTRAL,,-1.34,-4.10,,-11.71,CHOP-MID,STAND-ASIDE,0,
2015-11-30,7935.25,7998.99,8306.73,87.05,56.31,22.53,-48.86,-60.07,11.21,49.24,CHOP,,NEUTRAL,,-1.44,-4.19,,-11.79,CHOP-MID,STAND-ASIDE,0,
2015-12-01,7954.90,8002.31,8302.88,83.54,59.39,21.15,-40.24,-56.10,15.86,50.90,CHOP,,NEUTRAL,,0.00,-3.96,,-11.58,CHOP-MID,STAND-ASIDE,0,
2015-12-02,7931.35,8003.49,8298.98,82.47,54.68,20.20,-34.91,-51.87,16.95,48.84,RANGE,,NEUTRAL,,-0.30,-4.24,,-11.84,CHOP-MID,STAND-ASIDE,0,
2015-12-03,7864.15,8004.19,8295.00,82.15,52.45,20.05,-35.70,-48.63,12.93,43.44,RANGE,,NEUTRAL,,-1.14,-5.05,,-12.58,CHOP-DOWN,STAND-ASIDE,0,
2015-12-04,7781.90,8001.84,8291.27,82.60,53.72,20.73,-42.47,-47.40,4.93,37.91,RANGE,,NEUTRAL,,-2.17,-6.05,,-13.50,WEAK,NO-BUY,0,
2015-12-07,7765.40,7997.51,8287.27,82.37,53.70,21.63,-48.61,-47.64,-0.97,36.89,RANGE,CROSS_DOWN,NEUTRAL,,-2.38,-6.25,,-13.68,WEAK,NO-BUY,0,
2015-12-08,7701.70,7992.01,8282.64,82.62,48.87,22.97,-57.94,-49.70,-8.24,33.20,RANGE,,NEUTRAL,,-3.18,-7.01,,-14.39,WEAK,NO-BUY,0,
2015-12-09,7612.50,7988.02,8277.15,83.57,39.09,24.76,-71.71,-54.10,-17.61,28.84,RANGE,,OVERSOLD,,-4.30,-8.09,,-15.38,WEAK,NO-BUY,0,
2015-12-10,7683.30,7984.76,8271.54,83.45,37.57,26.43,-76.03,-58.49,-17.55,36.02,TREND DOWN,,NEUTRAL,,-3.41,-7.24,,-14.59,BEAR,AVOID,0,
2015-12-11,7610.45,7979.60,8265.54,86.62,35.92,28.21,-84.37,-63.66,-20.70,32.40,TREND DOWN,,NEUTRAL,BULL_DIV,-4.33,-8.12,,-15.40,PANIC,NO-TOUCH,0,
2015-12-14,7650.05,7976.69,8259.45,88.49,35.85,30.02,-86.77,-68.29,-18.49,36.15,TREND DOWN,,NEUTRAL,,-3.83,-7.64,,-14.96,BEAR,AVOID,0,
2015-12-15,7700.90,7973.84,8253.48,87.88,36.60,30.87,-83.61,-71.35,-12.26,40.71,TREND DOWN,,NEUTRAL,,-3.19,-7.02,,-14.40,BEAR,AVOID,0,
2015-12-16,7750.90,7969.88,8248.06,87.01,36.94,30.40,-76.20,-72.32,-3.88,44.88,TREND DOWN,,NEUTRAL,,-2.56,-6.42,,-13.84,BEAR,AVOID,0,
2015-12-17,7844.35,7967.75,8243.51,89.03,38.11,28.87,-62.06,-70.27,8.21,51.70,TREND DOWN,CROSS_UP,NEUTRAL,,-1.39,-5.29,,-12.80,BEAR,AVOID,0,
2015-12-18,7761.95,7960.60,8238.51,89.18,39.63,27.44,-56.86,-67.59,10.73,46.26,TREND DOWN,,NEUTRAL,,-2.43,-6.29,,-13.72,BEAR,AVOID,0,
2015-12-21,7834.45,7954.23,8233.85,90.47,41.72,26.35,-46.35,-63.34,16.99,51.14,TREND DOWN,,NEUTRAL,,-1.51,-5.41,,-12.91,BEAR,AVOID,0,
2015-12-22,7786.10,7946.41,8229.36,88.97,48.20,25.25,-41.44,-58.96,17.52,48.01,TREND DOWN,,NEUTRAL,,-2.12,-6.00,,-13.45,BEAR,AVOID,0,
2015-12-23,7865.95,7941.14,8224.46,88.71,52.96,23.83,-30.75,-53.32,22.57,53.11,RANGE,,NEUTRAL,,-1.12,-5.03,,-12.56,CHOP-UP,WATCH,0,
2015-12-24,7861.05,7934.57,8218.98,86.18,49.92,22.25,-22.42,-47.14,24.72,52.77,RANGE,,NEUTRAL,,-1.18,-5.09,,-12.62,CHOP-UP,WATCH,0,
2015-12-28,7925.15,7930.20,8213.63,85.46,44.75,21.25,-10.52,-39.82,29.29,56.70,RANGE,,NEUTRAL,,-0.37,-4.32,,-11.91,CHOP-UP,WATCH,0,
2015-12-29,7928.95,7926.14,8208.66,82.17,42.84,20.39,-0.78,-32.01,31.23,56.92,RANGE,,NEUTRAL,,-0.33,-4.27,,-11.86,CHOP-UP,WATCH,0,
2015-12-30,7896.25,7921.91,8203.45,80.22,41.28,19.36,4.25,-24.76,29.01,54.27,RANGE,,NEUTRAL,,-0.74,-4.67,,-12.23,CHOP-UP,WATCH,0,
2015-12-31,7946.35,7917.25,8199.40,79.09,39.68,18.58,12.15,-17.38,29.52,57.54,RANGE,,NEUTRAL,,-0.11,-4.06,,-11.67,CHOP-UP,WATCH,0,
2016-01-04,7791.30,7908.31,8194.80,85.25,40.90,18.34,5.82,-12.74,18.56,46.47,RANGE,,NEUTRAL,,0.00,-1.95,,-13.39,CHOP-MID,STAND-ASIDE,0,
2016-01-05,7784.65,7898.50,8190.22,84.01,47.10,18.33,0.27,-10.13,10.41,46.06,RANGE,,NEUTRAL,,-0.09,-2.03,-6.48,-13.47,CHOP-MID,STAND-ASIDE,0,
2016-01-06,7741.00,7888.09,8185.05,83.71,59.25,18.83,-7.56,-9.62,2.06,43.36,CHOP,,NEUTRAL,,-0.65,-2.58,-6.36,-13.95,CHOP-DOWN,STAND-ASIDE,0,
2016-01-07,7568.30,7874.42,8179.65,90.90,43.39,20.69,-27.39,-13.17,-14.22,34.69,RANGE,CROSS_DOWN,NEUTRAL,,-2.86,-4.76,-7.41,-15.87,WEAK,NO-BUY,0,
2016-01-08,7601.35,7860.54,8174.49,89.11,41.87,22.43,-39.98,-18.53,-21.44,37.27,RANGE,,NEUTRAL,,-2.44,-4.34,-7.31,-15.51,WEAK,NO-BUY,0,
2016-01-11,7563.85,7846.61,8168.69,90.65,36.99,24.58,-52.37,-25.30,-27.07,35.56,RANGE,,NEUTRAL,,-2.92,-4.81,-8.28,-15.92,WEAK,NO-BUY,0,
2016-01-12,7510.30,7832.15,8162.81,91.36,36.24,26.62,-65.76,-33.39,-32.37,33.20,TREND DOWN,,NEUTRAL,,-3.61,-5.49,-8.95,-16.52,PANIC,NO-TOUCH,0,
2016-01-13,7562.40,7819.98,8157.45,96.63,34.39,28.85,-71.35,-40.98,-30.36,37.53,TREND DOWN,,NEUTRAL,,-2.94,-4.83,-8.70,-15.94,BEAR,AVOID,0,
2016-01-14,7536.80,7808.48,8152.28,101.22,36.52,30.66,-76.95,-48.18,-28.77,36.29,TREND DOWN,,NEUTRAL,,-3.27,-5.15,-10.23,-16.22,BEAR,AVOID,0,
2016-01-15,7437.80,7795.92,8146.72,103.94,38.79,32.43,-88.36,-56.21,-32.15,31.88,TREND DOWN,,NEUTRAL,,-4.54,-6.40,-11.23,-17.32,PANIC,NO-TOUCH,0,
2016-01-18,7351.00,7781.92,8140.76,105.60,34.17,34.56,-103.22,-65.61,-37.60,28.60,TREND DOWN,,OVERSOLD,,-5.65,-7.49,-9.55,-18.29,PANIC,NO-TOUCH,0,
2016-01-19,7435.10,7769.41,8135.28,106.04,35.93,36.53,-106.97,-73.89,-33.09,35.52,TREND DOWN,,NEUTRAL,,-4.57,-6.43,-8.23,-17.35,BEAR,AVOID,0,
2016-01-20,7309.30,7754.79,8130.11,114.85,34.45,38.88,-118.73,-82.86,-35.88,30.72,TREND DOWN,,NEUTRAL,,-6.19,-8.02,-11.24,-18.75,PANIC,NO-TOUCH,0,
2016-01-21,7276.80,7741.22,8124.79,117.27,37.18,41.06,-129.18,-92.12,-37.06,29.61,TREND DOWN,,OVERSOLD,,-6.60,-8.43,-12.16,-19.11,PANIC,NO-TOUCH,0,
2016-01-22,7422.45,7730.58,8119.44,120.08,43.29,42.37,-124.28,-98.55,-25.73,40.08,TREND DOWN,,NEUTRAL,,-4.73,-6.59,-10.82,-17.49,BEAR,AVOID,0,
2016-01-25,7436.15,7721.00,8114.17,116.21,45.24,42.57,-117.93,-102.43,-15.50,40.97,TREND DOWN,,NEUTRAL,,-4.56,-6.42,-10.40,-17.34,BEAR,AVOID,0,
2016-01-27,7437.75,7714.09,8108.43,112.07,54.47,42.77,-111.48,-104.24,-7.24,41.08,TREND DOWN,,NEUTRAL,,-4.54,-6.40,-10.15,-17.32,BEAR,AVOID,0,
2016-01-28,7424.65,7707.34,8102.25,108.30,55.52,43.03,-106.21,-104.63,-1.57,40.42,TREND DOWN,,NEUTRAL,,-4.71,-6.57,-12.59,-17.47,BEAR,AVOID,0,
2016-01-29,7563.55,7702.48,8096.77,112.91,60.75,41.40,-89.78,-101.66,11.88,49.71,TREND DOWN,CROSS_UP,NEUTRAL,,-2.92,-4.82,-11.16,-15.93,BEAR,AVOID,0,
2016-02-01,7555.95,7696.84,8090.97,109.07,59.68,39.52,-76.50,-96.63,20.13,49.25,TREND DOWN,,NEUTRAL,,0.00,-4.91,-11.63,-16.01,BEAR,AVOID,0,
2016-02-02,7455.55,7691.32,8084.36,111.87,60.70,38.83,-73.23,-91.95,18.72,43.61,TREND DOWN,,NEUTRAL,,-1.33,-6.18,-14.26,-17.13,BEAR,AVOID,0,
2016-02-03,7361.80,7681.70,8077.27,111.40,59.42,38.76,-77.31,-89.02,11.71,39.10,TREND DOWN,,NEUTRAL,,-2.57,-7.36,-15.67,-18.17,BEAR,AVOID,0,
2016-02-04,7404.00,7672.65,8070.12,110.24,58.42,38.14,-76.26,-86.47,10.21,42.01,TREND DOWN,,NEUTRAL,,-2.01,-6.83,-15.49,-17.70,BEAR,AVOID,0,
2016-02-05,7489.10,7665.45,8064.03,109.45,57.50,36.93,-67.78,-82.73,14.95,47.45,TREND DOWN,,NEUTRAL,,-0.88,-5.75,-15.24,-16.75,BEAR,AVOID,0,
2016-02-08,7387.25,7656.56,8057.93,112.30,58.01,36.17,-68.49,-79.88,11.40,42.33,TREND DOWN,,NEUTRAL,,-2.23,-7.04,-17.10,-17.89,BEAR,AVOID,0,
2016-02-09,7298.20,7644.85,8052.19,112.29,58.02,36.12,-75.37,-78.98,3.61,38.42,TREND DOWN,,NEUTRAL,,-3.41,-8.16,-18.13,-18.88,BEAR,AVOID,0,
2016-02-10,7215.70,7630.31,8046.38,112.87,49.25,36.67,-86.48,-80.48,-6.00,35.18,TREND DOWN,CROSS_DOWN,NEUTRAL,,-4.50,-9.19,-19.40,-19.79,BEAR,AVOID,0,
2016-02-11,6976.35,7611.13,8039.11,123.08,36.03,38.14,-113.29,-87.04,-26.25,27.85,TREND DOWN,,OVERSOLD,,-7.67,-12.21,-20.80,-22.45,PANIC,NO-TOUCH,0,
2016-02-12,6980.95,7591.65,8032.02,126.13,31.21,39.79,-132.64,-96.16,-36.48,28.16,TREND DOWN,,OVERSOLD,,-7.61,-12.15,-20.65,-22.40,PANIC,NO-TOUCH,0,
2016-02-15,7162.95,7576.28,8026.31,131.54,34.18,39.66,-131.77,-103.28,-28.49,39.28,TREND DOWN,,NEUTRAL,,-5.20,-9.86,-18.20,-20.38,BEAR,AVOID,0,
2016-02-16,7048.25,7559.96,8020.48,134.07,36.40,39.32,-138.74,-110.37,-28.36,35.54,TREND DOWN,,NEUTRAL,,-6.72,-11.30,-19.21,-21.65,BEAR,AVOID,0,
2016-02-17,7108.45,7546.49,8014.60,136.14,38.40,39.37,-137.81,-115.86,-21.95,38.83,TREND DOWN,,NEUTRAL,,-5.92,-10.54,-18.40,-20.98,BEAR,AVOID,0,
2016-02-18,7191.75,7535.02,8009.36,134.03,37.14,38.50,-128.87,-118.46,-10.41,43.15,TREND DOWN,,NEUTRAL,,-4.82,-9.50,-16.96,-20.06,BEAR,AVOID,0,
2016-02-19,7210.75,7525.20,8004.50,130.23,38.83,37.58,-118.88,-118.55,-0.34,44.12,TREND DOWN,,NEUTRAL,,-4.57,-9.26,-15.43,-19.85,BEAR,AVOID,0,
2016-02-22,7234.55,7517.64,7999.02,124.63,40.50,36.47,-107.80,-116.40,8.60,45.37,TREND DOWN,CROSS_UP,NEUTRAL,,-4.25,-8.96,-15.54,-19.58,BEAR,AVOID,0,
2016-02-23,7109.55,7506.17,7992.94,126.51,41.42,36.09,-107.86,-114.69,6.83,40.25,TREND DOWN,,NEUTRAL,,-5.91,-10.53,-17.59,-20.97,BEAR,AVOID,0,
2016-02-24,7018.70,7494.33,7987.55,124.60,41.51,36.15,-113.93,-114.54,0.61,36.99,TREND DOWN,,NEUTRAL,,-7.11,-11.67,-19.43,-21.98,BEAR,AVOID,0,
2016-02-25,6970.60,7480.74,7982.11,120.90,40.99,36.44,-121.22,-115.88,-5.35,35.35,TREND DOWN,CROSS_DOWN,NEUTRAL,BULL_DIV,-7.75,-12.28,-20.84,-22.52,BEAR,AVOID,0,
2016-02-26,7029.75,7467.32,7976.31,118.14,52.81,36.50,-120.84,-116.87,-3.97,38.93,TREND DOWN,,NEUTRAL,,-6.96,-11.53,-20.20,-21.86,BEAR,AVOID,0,
2016-02-29,6987.05,7452.05,7969.61,128.91,56.62,37.27,-122.56,-118.01,-4.56,37.32,TREND DOWN,,NEUTRAL,,-7.53,-12.07,-21.22,-22.33,BEAR,AVOID,0,Budget 2016 crash
2016-03-01,7222.30,7439.60,7965.09,137.44,60.68,36.59,-103.75,-115.16,11.40,49.64,TREND DOWN,CROSS_UP,NEUTRAL,,0.00,-9.11,-18.81,-19.72,BEAR,AVOID,0,
2016-03-02,7368.85,7431.74,7960.76,138.92,48.95,34.78,-76.14,-107.35,31.21,55.51,TREND DOWN,,NEUTRAL,,2.03,-7.27,-16.58,-18.09,BEAR,AVOID,0,
2016-03-03,7475.60,7424.56,7957.02,137.21,41.49,32.39,-45.13,-94.91,49.78,59.23,TREND DOWN,,NEUTRAL,,3.51,-5.92,-14.61,-16.90,BEAR,AVOID,0,
2016-03-04,7485.35,7418.55,7953.13,131.83,37.45,30.13,-19.53,-79.83,60.30,59.57,TREND UP,,NEUTRAL,,3.64,-5.80,-14.57,-16.79,EARLY-UP,HOLD,1,
2016-03-08,7485.30,7410.94,7948.69,128.48,34.55,28.18,0.74,-63.72,64.45,59.56,TREND UP,,NEUTRAL,,3.64,-5.80,-14.62,-16.80,EARLY-UP,HOLD,0,
2016-03-09,7531.80,7404.35,7944.52,127.50,32.85,26.24,20.32,-46.91,67.23,61.31,TREND UP,,NEUTRAL,,4.29,-5.22,-13.27,-16.28,EARLY-UP,HOLD,0,
2016-03-10,7486.15,7395.57,7939.83,125.51,32.26,24.49,31.79,-31.17,62.96,58.63,RANGE,,NEUTRAL,,3.65,-5.79,-15.36,-16.79,CHOP-UP,WATCH,0,
2016-03-11,7510.20,7387.20,7935.28,122.50,32.32,22.87,42.33,-16.47,58.80,59.63,RANGE,,NEUTRAL,,3.99,-5.49,-16.15,-16.52,CHOP-UP,WATCH,0,
2016-03-14,7538.75,7380.05,7930.68,119.00,30.93,21.70,52.38,-2.70,55.08,60.84,RANGE,,NEUTRAL,,4.38,-5.13,-16.20,-16.20,CHOP-UP,WATCH,0,
2016-03-15,7460.60,7370.33,7926.13,117.10,29.61,20.26,53.43,8.52,44.90,55.90,RANGE,,NEUTRAL,,3.30,-6.11,-16.39,-17.07,CHOP-UP,WATCH,0,
2016-03-16,7498.75,7364.48,7921.93,116.08,29.68,19.32,56.68,18.16,38.53,57.71,RANGE,,NEUTRAL,,3.83,-5.63,-16.10,-16.65,CHOP-UP,WATCH,0,
2016-03-17,7512.55,7359.04,7917.82,115.36,30.35,18.14,59.69,26.46,33.22,58.37,RANGE,,NEUTRAL,,4.02,-5.46,-14.21,-16.49,CHOP-UP,WATCH,0,
2016-03-18,7604.35,7356.31,7914.24,114.33,29.38,17.28,68.68,34.91,33.78,62.58,RANGE,,NEUTRAL,,5.29,-4.30,-12.71,-15.47,CHOP-UP,WATCH,0,
2016-03-21,7704.25,7359.02,7910.60,113.97,31.33,17.27,82.92,44.51,38.41,66.55,RANGE,,NEUTRAL,,6.67,-3.05,-11.44,-14.36,CHOP-UP,WATCH,0,
2016-03-22,7714.90,7361.30,7907.00,111.86,45.26,17.37,93.98,54.40,39.57,66.95,RANGE,,NEUTRAL,,6.82,-2.91,-12.09,-14.24,CHOP-UP,WATCH,0,
2016-03-23,7716.50,7364.35,7904.41,107.88,52.32,17.46,101.70,63.86,37.84,67.01,RANGE,,NEUTRAL,,6.84,-2.89,-10.77,-14.23,CHOP-UP,WATCH,0,
2016-03-28,7615.10,7366.44,7901.81,111.73,51.27,16.64,98.50,70.79,27.71,59.17,RANGE,,NEUTRAL,,5.44,-4.17,-11.79,-15.35,CHOP-UP,WATCH,0,
2016-03-29,7597.00,7367.14,7899.14,108.79,51.52,15.83,93.42,75.32,18.11,57.87,RANGE,,NEUTRAL,,5.19,-4.40,-12.91,-15.55,CHOP-UP,WATCH,0,
2016-03-30,7735.20,7371.10,7897.24,111.38,53.17,15.86,99.41,80.13,19.28,64.32,RANGE,,NEUTRAL,,7.10,-2.66,-10.95,-14.02,CHOP-UP,WATCH,0,
2016-03-31,7738.40,7377.12,7895.71,108.82,49.12,16.17,103.22,84.75,18.47,64.46,RANGE,,NEUTRAL,,7.15,-2.62,-10.38,-13.98,CHOP-UP,WATCH,0,
2016-04-01,7713.05,7384.36,7894.16,106.34,48.40,16.04,103.01,88.40,14.61,62.43,RANGE,,NEUTRAL,,0.00,-2.94,-10.01,-14.26,CHOP-UP,WATCH,0,
2016-04-04,7758.80,7390.83,7892.34,103.03,47.73,16.13,105.32,91.79,13.53,64.60,RANGE,,NEUTRAL,,0.59,-2.36,-9.26,-13.76,CHOP-UP,WATCH,0,
2016-04-05,7603.20,7396.71,7890.52,107.83,50.42,15.01,93.51,92.13,1.38,53.35,RANGE,,NEUTRAL,,-1.42,-4.32,-11.00,-15.48,CHOP-UP,WATCH,0,
2016-04-06,7614.35,7403.46,7888.68,103.47,49.18,13.97,84.09,90.52,-6.43,53.97,RANGE,CROSS_DOWN,NEUTRAL,,-1.28,-4.18,-10.74,-15.36,CHOP-MID,STAND-ASIDE,0,
2016-04-07,7546.45,7405.94,7886.34,102.86,57.38,13.56,70.33,86.49,-16.15,49.65,CHOP,,NEUTRAL,,-2.16,-5.03,-9.54,-16.12,CHOP-DOWN,STAND-ASIDE,0,
2016-04-08,7555.20,7408.32,7883.88,98.56,60.81,13.27,59.45,81.08,-21.63,50.20,CHOP,,NEUTRAL,,-2.05,-4.92,-9.43,-16.02,CHOP-DOWN,STAND-ASIDE,0,
2016-04-11,7671.40,7413.00,7881.78,103.09,62.40,12.81,59.52,76.77,-17.25,56.96,CHOP,,NEUTRAL,,-0.54,-3.46,-9.67,-14.73,CHOP-DOWN,STAND-ASIDE,0,
2016-04-12,7708.95,7418.68,7879.46,99.59,60.83,12.74,61.88,73.79,-11.91,58.90,CHOP,,NEUTRAL,,-0.05,-2.99,-9.21,-14.31,CHOP-MID,STAND-ASIDE,0,
2016-04-13,7850.45,7424.42,7877.58,103.60,51.92,13.81,74.32,73.90,0.43,65.26,RANGE,CROSS_UP,NEUTRAL,,1.78,-1.21,-8.57,-12.74,CHOP-UP,WATCH,0,
2016-04-18,7914.70,7431.59,7875.39,101.76,46.88,15.16,88.35,76.79,11.56,67.70,RANGE,,NEUTRAL,,2.61,-0.40,-8.61,-12.02,CHOP-UP,WATCH,0,
2016-04-20,7914.75,7440.78,7873.06,99.70,41.68,16.59,98.33,81.10,17.24,67.71,RANGE,,NEUTRAL,,2.62,-0.40,-8.61,-12.02,CHOP-UP,WATCH,0,
2016-04-21,7912.05,7451.78,7870.81,99.32,39.99,18.09,104.82,85.84,18.98,67.48,RANGE,,NEUTRAL,,2.58,-0.43,-9.21,-12.05,CHOP-UP,WATCH,0,
2016-04-22,7899.30,7461.69,7868.32,95.79,37.17,19.34,107.69,90.21,17.48,66.32,RANGE,,NEUTRAL,,2.41,-0.59,-10.01,-12.19,CHOP-UP,WATCH,0,
2016-04-25,7855.05,7469.01,7865.69,94.95,37.43,19.87,105.18,93.20,11.98,62.34,RANGE,,NEUTRAL,,1.84,-1.15,-10.54,-12.69,CHOP-UP,WATCH,0,
2016-04-26,7962.65,7480.52,7863.91,99.02,39.74,20.82,110.60,96.68,13.92,67.46,RANGE,,NEUTRAL,,3.24,0.21,-9.86,-11.49,STRONG-FLOW,BUY,0,
2016-04-27,7979.90,7494.15,7861.97,95.55,38.45,21.81,114.96,100.34,14.62,68.20,RANGE,,NEUTRAL,,3.46,0.42,-8.35,-11.30,STRONG-FLOW,BUY,0,
2016-04-28,7847.25,7506.78,7858.94,99.98,38.00,21.37,106.49,101.57,4.92,57.33,RANGE,,NEUTRAL,,1.74,-1.25,-8.82,-12.77,CHOP-UP,WATCH,0,
2016-04-29,7849.80,7524.25,7855.96,100.01,39.53,20.44,98.84,101.02,-2.18,57.47,RANGE,CROSS_DOWN,NEUTRAL,,1.77,-1.22,-7.08,-12.74,CHOP-MID,STAND-ASIDE,0,
2016-05-02,7805.90,7540.75,7852.57,98.04,38.90,19.45,88.22,98.46,-10.25,54.16,RANGE,,NEUTRAL,,0.00,-1.77,-6.83,-13.23,CHOP-MID,STAND-ASIDE,0,
2016-05-03,7747.00,7552.43,7848.69,102.12,41.98,19.10,74.19,93.61,-19.42,50.01,RANGE,,NEUTRAL,,-0.75,-2.51,-8.10,-13.89,CHOP-DOWN,STAND-ASIDE,0,
2016-05-04,7706.55,7565.60,7844.67,98.52,52.93,18.33,59.13,86.71,-27.58,47.33,RANGE,,NEUTRAL,,-1.27,-3.02,-8.24,-14.34,CHOP-DOWN,STAND-ASIDE,0,
2016-05-05,7735.50,7578.14,7841.53,96.56,57.54,17.90,48.96,79.16,-30.20,49.42,CHOP,,NEUTRAL,,-0.90,-2.65,-6.86,-14.01,CHOP-DOWN,STAND-ASIDE,0,
2016-05-06,7733.45,7588.97,7838.56,93.98,52.40,17.14,40.28,71.38,-31.11,49.27,RANGE,,NEUTRAL,,-0.93,-2.68,-5.85,-14.04,CHOP-DOWN,STAND-ASIDE,0,
2016-05-09,7866.05,7602.08,7836.09,97.28,54.24,17.65,43.59,65.83,-22.23,58.09,RANGE,,NEUTRAL,,0.77,-1.01,-5.06,-12.56,CHOP-DOWN,STAND-ASIDE,0,
2016-05-10,7887.80,7615.14,7833.23,94.56,53.85,18.29,47.43,62.15,-14.72,59.34,RANGE,,NEUTRAL,,1.05,-0.74,-4.27,-12.32,CHOP-MID,STAND-ASIDE,0,
2016-05-11,7848.85,7629.93,7830.20,95.82,54.36,18.17,46.78,59.07,-12.29,56.11,RANGE,,NEUTRAL,,0.55,-1.23,-4.07,-12.75,CHOP-MID,STAND-ASIDE,0,
2016-05-12,7900.40,7647.56,7827.08,93.78,54.86,18.26,49.86,57.23,-7.37,59.27,RANGE,,NEUTRAL,,1.21,-0.58,-5.18,-12.18,CHOP-MID,STAND-ASIDE,0,
2016-05-13,7814.90,7664.45,7823.12,95.38,55.76,17.55,44.88,54.76,-9.88,52.52,CHOP,,NEUTRAL,,0.12,-1.65,-6.13,-13.13,CHOP-MID,STAND-ASIDE,0,
2016-05-16,7860.75,7681.07,7819.37,95.84,54.34,16.75,44.13,52.63,-8.51,55.45,RANGE,,NEUTRAL,,0.70,-1.08,-2.92,-12.62,CHOP-MID,STAND-ASIDE,0,
2016-05-17,7890.75,7699.14,7815.81,94.66,55.16,16.65,45.42,51.19,-5.77,57.31,CHOP,,NEUTRAL,,1.09,-0.70,-2.07,-12.29,CHOP-MID,STAND-ASIDE,0,
2016-05-18,7870.15,7712.10,7812.51,93.61,59.77,15.76,44.28,49.81,-5.53,55.59,CHOP,,NEUTRAL,,0.82,-0.96,-3.92,-12.52,CHOP-MID,STAND-ASIDE,0,
2016-05-19,7783.40,7720.39,7808.26,94.74,60.04,14.81,35.96,47.04,-11.08,48.96,CHOP,,NEUTRAL,,-0.29,-2.05,-6.51,-13.48,CHOP-MID,STAND-ASIDE,0,
2016-05-20,7749.70,7725.87,7804.06,93.45,60.16,14.24,26.34,42.90,-16.56,46.63,CHOP,,NEUTRAL,,-0.72,-2.47,-4.64,-13.86,CHOP-DOWN,STAND-ASIDE,0,
2016-05-23,7731.05,7730.79,7800.11,93.80,58.44,13.85,17.02,37.72,-20.70,45.35,CHOP,,NEUTRAL,,-0.96,-2.71,-6.12,-14.06,CHOP-DOWN,STAND-ASIDE,0,
2016-05-24,7748.85,7736.06,7797.05,90.37,58.26,13.56,10.94,32.37,-21.43,46.85,CHOP,,NEUTRAL,,-0.73,-2.49,-5.78,-13.87,CHOP-DOWN,STAND-ASIDE,0,
2016-05-25,7934.90,7744.12,7795.04,97.65,61.70,13.79,20.90,30.07,-9.18,59.43,CHOP,,NEUTRAL,,1.65,-0.14,-3.96,-11.80,CHOP-MID,STAND-ASIDE,0,
2016-05-26,8069.65,7755.79,7793.51,101.26,51.43,15.02,39.21,31.90,7.31,65.75,RANGE,CROSS_UP,NEUTRAL,,3.38,1.55,-3.63,-10.30,CHOP-UP,WATCH,0,
2016-05-27,8156.65,7768.72,7792.18,100.78,42.63,16.63,60.05,37.53,22.52,69.10,RANGE,,NEUTRAL,,4.49,2.65,-2.50,-9.33,CHOP-UP,WATCH,0,
2016-05-30,8178.50,7781.51,7790.41,97.09,39.44,18.32,77.43,45.51,31.92,69.89,RANGE,,NEUTRAL,,4.77,2.92,-2.91,-9.09,CHOP-UP,WATCH,0,
2016-05-31,8160.10,7795.50,7788.50,95.82,37.47,19.68,88.70,54.15,34.55,68.30,RANGE,,NEUTRAL,,4.54,2.69,-3.10,-9.29,CHOP-UP,WATCH,0,
2016-06-01,8179.95,7809.13,7786.81,92.92,37.00,20.95,98.11,62.94,35.17,69.12,RANGE,,NEUTRAL,,0.00,2.94,-3.30,-9.07,STRONG-FLOW,BUY,0,
2016-06-02,8218.95,7823.25,7785.07,91.63,34.74,21.90,107.47,71.85,35.62,70.72,RANGE,,OVERBOUGHT,,0.48,3.43,-1.81,-8.64,STRONG-FLOW,BUY,0,
2016-06-03,8220.80,7835.58,7783.23,88.81,30.92,23.00,113.72,80.22,33.50,70.80,RANGE,,OVERBOUGHT,,0.50,3.45,-1.42,-8.62,STRONG-FLOW,BUY,0,
2016-06-06,8201.05,7845.52,7781.41,85.94,29.97,23.68,115.75,87.33,28.43,68.71,RANGE,,NEUTRAL,,0.26,3.21,-1.60,-8.84,STRONG-FLOW,BUY,0,
2016-06-07,8266.45,7856.55,7780.11,86.51,28.18,24.73,121.24,94.11,27.13,71.69,RANGE,,OVERBOUGHT,,1.06,4.03,-0.63,-8.11,STRONG-FLOW,BUY,0,
2016-06-08,8273.05,7867.68,7779.17,82.96,25.86,25.72,124.69,100.23,24.46,71.97,TREND UP,,OVERBOUGHT,,1.14,4.11,-1.90,-8.04,ALL-ALIGN BULL,BUY,1,
2016-06-09,8203.60,7879.45,7778.44,83.37,26.25,25.59,120.43,104.27,16.16,64.50,TREND UP,,NEUTRAL,,0.29,3.24,-2.72,-8.81,ALL-ALIGN BULL,BUY,0,
2016-06-10,8170.05,7890.91,7777.51,84.76,26.40,25.16,113.04,106.02,7.02,61.19,TREND UP,,NEUTRAL,,-0.12,2.82,-0.81,-9.18,ALL-ALIGN BULL,BUY,0,
2016-06-13,8110.60,7898.42,7775.47,86.29,34.99,23.51,101.22,105.06,-3.84,55.74,RANGE,CROSS_DOWN,NEUTRAL,,-0.85,2.07,-0.30,-9.84,CHOP-MID,STAND-ASIDE,0,
2016-06-14,8108.85,7905.83,7773.63,84.80,43.63,22.08,90.67,102.18,-11.52,55.58,RANGE,,NEUTRAL,,-0.87,2.04,-0.27,-9.86,CHOP-MID,STAND-ASIDE,0,
2016-06-15,8206.60,7915.70,7772.33,86.19,57.44,21.56,89.16,99.58,-10.42,62.02,CHOP,,NEUTRAL,,0.33,3.28,1.13,-8.78,CHOP-UP,WATCH,0,
2016-06-16,8140.75,7923.34,7770.56,89.48,58.77,20.48,81.72,96.00,-14.29,56.12,CHOP,,NEUTRAL,,-0.48,2.45,1.20,-9.51,CHOP-MID,STAND-ASIDE,0,
2016-06-17,8170.20,7934.68,7769.54,87.33,59.12,19.63,77.30,92.26,-14.96,58.04,CHOP,,NEUTRAL,,-0.12,2.82,1.84,-9.18,CHOP-MID,STAND-ASIDE,0,
2016-06-20,8238.50,7947.16,7769.24,90.87,61.06,19.35,78.41,89.49,-11.09,62.18,CHOP,,NEUTRAL,,0.72,3.68,1.40,-8.42,CHOP-UP,WATCH,0,
2016-06-21,8219.90,7960.63,7771.29,88.31,61.05,19.21,76.90,86.97,-10.08,60.43,CHOP,,NEUTRAL,,0.49,3.44,3.20,-8.63,CHOP-UP,WATCH,0,
2016-06-22,8203.70,7973.60,7772.91,88.08,61.39,18.41,73.54,84.29,-10.74,58.88,CHOP,,NEUTRAL,,0.29,3.24,2.77,-8.81,CHOP-MID,STAND-ASIDE,0,
2016-06-23,8270.45,7985.58,7775.30,88.74,62.83,18.17,75.41,82.51,-7.11,63.09,CHOP,,NEUTRAL,,1.11,4.08,3.20,-8.07,CHOP-UP,WATCH,0,
2016-06-24,8088.60,7993.18,7776.00,106.93,53.44,18.38,61.50,78.31,-16.81,48.52,RANGE,,NEUTRAL,,-1.12,1.79,0.51,-10.09,CHOP-DOWN,STAND-ASIDE,0,Brexit Leave -3.62%
2016-06-27,8094.70,7998.06,7776.46,105.10,53.75,18.35,50.39,72.72,-22.34,48.95,RANGE,,NEUTRAL,,-1.04,1.87,0.04,-10.02,CHOP-DOWN,STAND-ASIDE,0,
2016-06-28,8127.85,8002.32,7777.24,101.84,54.67,18.04,43.75,66.93,-23.18,51.30,RANGE,,NEUTRAL,,-0.64,2.28,-0.57,-9.65,CHOP-DOWN,STAND-ASIDE,0,
2016-06-29,8204.00,8008.11,7779.33,100.61,54.57,17.05,44.13,62.37,-18.24,56.30,RANGE,,NEUTRAL,,0.29,3.24,-0.25,-8.81,CHOP-DOWN,STAND-ASIDE,0,
2016-06-30,8287.75,8015.62,7782.19,100.86,52.29,16.41,50.60,60.02,-9.41,61.03,RANGE,,NEUTRAL,,1.32,4.30,-0.78,-7.88,CHOP-UP,WATCH,0,
2016-07-01,8328.35,8024.20,7784.71,98.58,46.80,16.20,58.34,59.68,-1.34,63.11,RANGE,,NEUTRAL,,0.00,4.81,-0.63,-7.42,CHOP-UP,WATCH,0,
2016-07-04,8370.70,8034.52,7788.29,96.55,43.41,16.34,67.11,61.17,5.94,65.20,RANGE,CROSS_UP,NEUTRAL,,0.51,5.34,0.12,-6.95,CHOP-UP,WATCH,0,
2016-07-05,8335.95,8041.98,7792.18,94.05,42.30,15.98,70.45,63.02,7.42,62.09,RANGE,,NEUTRAL,,0.09,4.90,-0.74,-7.34,CHOP-UP,WATCH,0,
2016-07-07,8337.90,8049.14,7795.43,90.49,39.91,15.62,72.42,64.90,7.51,62.20,RANGE,,NEUTRAL,,0.11,4.93,-0.52,-7.32,CHOP-UP,WATCH,0,
2016-07-08,8323.20,8058.66,7797.95,88.72,40.09,14.95,71.96,66.31,5.65,60.78,RANGE,,NEUTRAL,,-0.06,4.74,0.06,-7.48,CHOP-UP,WATCH,0,
2016-07-11,8467.90,8071.02,7801.35,93.25,34.79,15.38,82.32,69.52,12.81,68.42,RANGE,,NEUTRAL,,1.68,6.56,1.19,-5.87,CHOP-UP,WATCH,0,
2016-07-12,8521.05,8085.33,7805.01,90.78,31.50,16.16,93.75,74.36,19.38,70.68,RANGE,,OVERBOUGHT,,2.31,7.23,0.80,-5.28,CHOP-UP,WATCH,0,
2016-07-13,8519.50,8100.78,7808.24,88.34,29.24,17.05,101.50,79.79,21.71,70.52,RANGE,,OVERBOUGHT,,2.30,7.21,0.88,-5.30,CHOP-UP,WATCH,0,
2016-07-14,8565.00,8117.95,7811.92,87.08,27.22,18.03,110.05,85.84,24.21,72.47,RANGE,,OVERBOUGHT,,2.84,7.79,0.94,-4.79,TOP-WARNING,NO-NEW,0,
2016-07-15,8541.40,8134.06,7815.14,86.92,24.59,19.11,113.62,91.40,22.22,69.89,RANGE,,NEUTRAL,,2.56,7.49,0.23,-5.06,CHOP-UP,WATCH,0,
2016-07-18,8508.70,8149.57,7817.77,87.33,28.39,19.88,112.50,95.62,16.89,66.36,RANGE,,NEUTRAL,,2.17,7.08,-0.02,-5.42,CHOP-UP,WATCH,0,
2016-07-19,8528.55,8162.82,7820.53,85.62,34.21,20.33,111.93,98.88,13.05,67.43,RANGE,,NEUTRAL,,2.40,7.33,1.98,-5.20,STRONG-FLOW,BUY,0,
2016-07-20,8565.85,8176.38,7824.30,83.60,41.38,21.01,113.19,101.74,11.44,69.41,RANGE,,NEUTRAL,,2.85,7.80,2.85,-4.78,STRONG-FLOW,BUY,0,
2016-07-21,8510.10,8189.61,7827.62,83.47,45.79,21.77,108.43,103.08,5.35,63.23,RANGE,,NEUTRAL,,2.18,7.09,1.79,-5.40,STRONG-FLOW,BUY,0,
2016-07-22,8541.20,8202.42,7830.98,81.74,45.43,22.25,105.95,103.65,2.30,65.10,RANGE,,NEUTRAL,,2.56,7.49,0.96,-5.06,STRONG-FLOW,BUY,0,
2016-07-25,8635.65,8218.84,7835.18,84.75,42.05,23.47,110.34,104.99,5.34,70.07,RANGE,,OVERBOUGHT,,3.69,8.67,2.15,-4.01,STRONG-FLOW,BUY,0,
2016-07-26,8590.65,8233.43,7838.92,83.54,41.87,24.64,108.92,105.78,3.15,65.30,RANGE,,NEUTRAL,,3.15,8.11,0.78,-4.51,STRONG-FLOW,BUY,0,
2016-07-27,8615.80,8247.94,7842.25,84.21,41.47,25.88,108.58,106.34,2.24,66.66,TREND UP,,NEUTRAL,,3.45,8.42,0.09,-4.23,ALL-ALIGN BULL,BUY,1,
2016-07-28,8666.30,8263.86,7845.83,82.40,54.27,27.11,111.10,107.29,3.81,69.28,TREND UP,,NEUTRAL,BEAR_DIV,4.06,9.06,0.66,-3.67,TOP-WARNING,NO-NEW,0,
2016-07-29,8638.50,8280.96,7848.42,79.32,61.67,28.26,109.60,107.75,1.84,66.20,TREND UP,,NEUTRAL,,3.72,8.71,0.41,-3.98,ALL-ALIGN BULL,BUY,0,
2016-08-01,8636.55,8298.70,7850.84,82.28,57.51,29.66,107.01,107.60,-0.59,65.98,TREND UP,CROSS_DOWN,NEUTRAL,,0.00,8.69,1.26,-4.00,ALL-ALIGN BULL,BUY,0,
2016-08-02,8622.90,8316.53,7853.07,81.82,58.18,30.97,102.68,106.62,-3.94,64.35,TREND UP,,NEUTRAL,,-0.16,8.51,-0.12,-4.15,ALL-ALIGN BULL,BUY,0,
2016-08-03,8544.85,8332.45,7855.15,83.53,59.38,30.45,91.89,103.67,-11.79,55.89,TREND UP,,NEUTRAL,,-1.06,7.53,-0.52,-5.02,ALL-ALIGN BULL,BUY,0,
2016-08-04,8551.10,8344.78,7856.95,83.51,59.33,29.75,82.88,99.51,-16.63,56.38,TREND UP,,NEUTRAL,,-0.99,7.61,0.35,-4.95,ALL-ALIGN BULL,BUY,0,
2016-08-05,8683.15,8357.05,7859.65,87.43,60.84,30.05,85.42,96.70,-11.28,65.25,TREND UP,,NEUTRAL,,0.54,9.27,3.85,-3.48,ALL-ALIGN BULL,BUY,0,
2016-08-08,8711.35,8368.14,7862.55,84.06,60.23,30.63,88.68,95.09,-6.41,66.80,TREND UP,,NEUTRAL,,0.87,9.63,4.49,-3.17,ALL-ALIGN BULL,BUY,0,
2016-08-09,8678.25,8378.14,7865.40,84.50,60.52,30.10,87.59,93.59,-6.01,63.23,TREND UP,,NEUTRAL,,0.48,9.21,3.62,-3.53,ALL-ALIGN BULL,BUY,0,
2016-08-10,8575.30,8386.44,7867.38,87.43,61.90,28.49,77.52,90.38,-12.86,53.63,TREND UP,,NEUTRAL,,-0.71,7.91,1.82,-4.68,EARLY-UP,HOLD,0,
2016-08-11,8592.15,8394.69,7869.15,85.55,66.58,26.66,70.09,86.32,-16.23,54.84,TREND UP,,NEUTRAL,,-0.51,8.13,0.69,-4.49,EARLY-UP,HOLD,0,
2016-08-16,8642.55,8403.16,7870.99,85.88,65.70,25.90,67.49,82.55,-15.06,58.34,TREND UP,,NEUTRAL,,0.07,8.76,1.16,-3.93,ALL-ALIGN BULL,BUY,0,
2016-08-17,8624.05,8411.22,7872.80,84.28,65.56,25.19,63.21,78.69,-15.47,56.60,TREND UP,,NEUTRAL,,-0.14,8.53,1.26,-4.14,ALL-ALIGN BULL,BUY,0,
2016-08-18,8673.25,8420.67,7874.91,83.02,64.71,24.78,63.06,75.56,-12.50,60.01,CHOP,,NEUTRAL,,0.42,9.15,1.23,-3.59,CHOP-UP,WATCH,0,
2016-08-19,8666.90,8428.68,7876.77,80.63,64.40,24.48,61.72,72.79,-11.07,59.36,CHOP,,NEUTRAL,,0.35,9.07,0.91,-3.66,CHOP-MID,STAND-ASIDE,0,
2016-08-22,8629.15,8435.80,7878.61,79.93,65.43,23.63,56.95,69.63,-12.67,55.53,CHOP,,NEUTRAL,,-0.09,8.59,0.75,-4.08,CHOP-MID,STAND-ASIDE,0,
2016-08-23,8632.60,8444.38,7880.61,78.66,63.50,22.31,52.85,66.27,-13.42,55.81,CHOP,,NEUTRAL,,-0.05,8.64,1.26,-4.04,CHOP-MID,STAND-ASIDE,0,
2016-08-24,8650.30,8453.98,7883.00,75.91,62.28,21.34,50.44,63.10,-12.67,57.30,CHOP,,NEUTRAL,,0.16,8.86,2.22,-3.85,CHOP-MID,STAND-ASIDE,0,
2016-08-25,8592.20,8463.61,7885.40,77.59,62.05,19.86,43.34,59.15,-15.81,51.20,CHOP,,NEUTRAL,,-0.51,8.13,2.91,-4.49,CHOP-DOWN,STAND-ASIDE,0,
2016-08-26,8572.55,8472.89,7887.94,77.43,65.95,18.93,35.72,54.46,-18.74,49.28,CHOP,,NEUTRAL,,-0.74,7.88,2.59,-4.71,CHOP-DOWN,STAND-ASIDE,0,
2016-08-29,8607.45,8480.91,7890.72,77.49,63.76,18.12,32.13,50.00,-17.87,52.66,CHOP,,NEUTRAL,,-0.34,8.32,1.04,-4.32,CHOP-DOWN,STAND-ASIDE,0,
2016-08-30,8744.35,8492.98,7894.14,82.18,63.19,18.06,39.86,47.97,-8.11,63.07,CHOP,,NEUTRAL,,1.25,10.04,3.15,-2.80,CHOP-UP,WATCH,0,
2016-08-31,8786.20,8505.30,7897.87,81.65,51.98,18.69,48.81,48.14,0.67,65.56,RANGE,CROSS_UP,NEUTRAL,,1.73,10.57,3.78,-2.33,CHOP-UP,WATCH,0,
2016-09-01,8774.65,8516.02,7901.97,79.63,49.41,19.28,54.34,49.38,4.96,64.27,RANGE,,NEUTRAL,,0.00,10.42,3.29,-2.46,CHOP-UP,WATCH,0,
2016-09-02,8809.65,8527.82,7906.24,77.93,49.06,19.93,60.85,51.67,9.18,66.42,RANGE,,NEUTRAL,,0.40,10.86,5.22,-2.07,CHOP-UP,WATCH,0,
2016-09-06,8943.00,8542.60,7911.38,82.45,36.77,21.61,75.89,56.52,19.38,73.08,RANGE,,OVERBOUGHT,,1.92,12.54,7.75,-0.59,TOP-WARNING,NO-NEW,0,
2016-09-07,8917.95,8555.55,7917.05,80.52,34.85,23.30,84.81,62.18,22.64,70.26,RANGE,,OVERBOUGHT,,1.63,12.23,14.20,-0.87,STRONG-FLOW,BUY,0,
2016-09-08,8952.50,8572.83,7923.01,79.36,34.77,24.54,93.59,68.46,25.13,71.87,RANGE,,OVERBOUGHT,,2.03,12.66,13.60,-0.49,STRONG-FLOW,BUY,0,
2016-09-09,8866.70,8588.27,7928.31,80.39,36.32,25.01,92.56,73.28,19.28,62.78,TREND UP,,NEUTRAL,,1.05,11.58,13.79,-1.44,ALL-ALIGN BULL,BUY,1,
2016-09-12,8715.60,8600.02,7932.70,86.60,39.48,23.23,78.65,74.35,4.29,50.63,RANGE,,NEUTRAL,,-0.67,9.68,9.64,-3.12,CHOP-MID,STAND-ASIDE,0,
2016-09-14,8726.60,8610.48,7937.67,84.05,39.13,21.68,67.72,73.03,-5.30,51.36,RANGE,CROSS_DOWN,NEUTRAL,,-0.55,9.82,9.06,-3.00,CHOP-MID,STAND-ASIDE,0,
2016-09-15,8742.55,8619.57,7942.17,81.45,39.36,20.17,59.67,70.36,-10.69,52.47,RANGE,,NEUTRAL,,-0.37,10.02,9.68,-2.82,CHOP-MID,STAND-ASIDE,0,
2016-09-16,8779.85,8628.60,7946.79,83.14,39.54,19.81,55.65,67.41,-11.76,55.05,RANGE,,NEUTRAL,,0.06,10.49,12.77,-2.41,CHOP-MID,STAND-ASIDE,0,
2016-09-19,8808.40,8637.36,7951.58,80.78,38.74,19.47,54.15,64.76,-10.61,56.98,RANGE,,NEUTRAL,,0.38,10.85,14.14,-2.09,CHOP-MID,STAND-ASIDE,0,
2016-09-20,8775.90,8646.16,7956.30,79.09,48.05,18.94,49.76,61.76,-12.00,54.14,RANGE,,NEUTRAL,,0.01,10.44,12.18,-2.45,CHOP-MID,STAND-ASIDE,0,
2016-09-21,8777.15,8654.94,7960.77,78.41,51.41,18.57,45.85,58.58,-12.73,54.23,RANGE,,NEUTRAL,,0.03,10.46,14.66,-2.44,CHOP-MID,STAND-ASIDE,0,
2016-09-22,8867.45,8665.83,7965.39,81.11,52.82,18.94,49.47,56.76,-7.28,60.56,RANGE,,NEUTRAL,,1.06,11.59,17.31,-1.43,CHOP-UP,WATCH,0,
2016-09-23,8831.55,8673.10,7969.88,79.95,53.21,19.00,48.88,55.18,-6.30,57.18,RANGE,,NEUTRAL,,0.65,11.14,14.87,-1.83,CHOP-MID,STAND-ASIDE,0,
2016-09-26,8723.05,8677.14,7973.72,82.56,55.17,17.69,39.21,51.99,-12.78,48.37,CHOP,,NEUTRAL,,-0.59,9.77,11.57,-3.04,CHOP-MID,STAND-ASIDE,0,
2016-09-27,8706.40,8680.88,7977.59,82.23,53.12,16.76,29.85,47.56,-17.71,47.17,RANGE,,NEUTRAL,,-0.78,9.56,11.79,-3.22,CHOP-DOWN,STAND-ASIDE,0,
2016-09-28,8745.15,8684.48,7982.00,80.92,54.55,15.89,25.27,43.10,-17.83,50.27,RANGE,,NEUTRAL,,-0.34,10.05,12.27,-2.79,CHOP-DOWN,STAND-ASIDE,0,
2016-09-29,8591.25,8685.48,7986.04,92.46,47.19,16.58,9.12,36.31,-27.18,40.20,RANGE,,NEUTRAL,,-2.09,8.12,9.13,-4.50,CHOP-DOWN,STAND-ASIDE,0,
2016-09-30,8611.15,8687.53,7990.27,91.71,51.36,17.25,-2.05,28.64,-30.68,41.82,RANGE,,NEUTRAL,,-1.86,8.37,9.99,-4.28,CHOP-DOWN,STAND-ASIDE,0,
2016-10-03,8738.10,8691.72,7995.45,94.73,50.39,16.44,-0.65,22.78,-23.43,50.96,RANGE,,NEUTRAL,,0.00,9.96,10.62,-2.87,CHOP-DOWN,STAND-ASIDE,0,
2016-10-04,8769.15,8695.78,8001.24,91.36,50.29,15.28,2.93,18.81,-15.88,52.91,RANGE,,NEUTRAL,,0.36,10.35,9.86,-2.52,CHOP-DOWN,STAND-ASIDE,0,
2016-10-05,8743.95,8700.46,8006.54,90.23,51.11,14.45,3.69,15.79,-12.10,51.13,RANGE,,NEUTRAL,,0.07,10.04,9.61,-2.80,CHOP-MID,STAND-ASIDE,0,
2016-10-06,8709.55,8703.83,8012.04,90.68,50.86,13.69,1.50,12.93,-11.43,48.73,RANGE,,NEUTRAL,,-0.33,9.60,11.49,-3.19,CHOP-MID,STAND-ASIDE,0,
2016-10-07,8697.60,8705.07,8017.27,88.48,51.14,13.21,-1.19,10.11,-11.29,47.89,RANGE,,NEUTRAL,,-0.46,9.45,10.85,-3.32,CHOP-MID,STAND-ASIDE,0,
2016-10-10,8708.80,8707.43,8022.31,85.60,50.88,12.49,-2.38,7.61,-9.99,48.78,RANGE,,NEUTRAL,,-0.34,9.59,10.68,-3.20,CHOP-MID,STAND-ASIDE,0,
2016-10-13,8573.35,8706.58,8026.43,91.45,52.12,13.38,-14.10,3.27,-17.37,39.87,RANGE,,NEUTRAL,,-1.89,7.89,9.98,-4.70,CHOP-DOWN,STAND-ASIDE,0,
2016-10-14,8583.40,8704.92,8030.12,88.82,51.30,14.21,-22.32,-1.85,-20.47,40.74,RANGE,,NEUTRAL,,-1.77,8.02,9.44,-4.59,CHOP-DOWN,STAND-ASIDE,0,
2016-10-17,8520.40,8702.56,8033.91,90.28,57.28,15.33,-33.53,-8.19,-25.34,37.13,CHOP,,NEUTRAL,,-2.49,7.22,7.19,-5.29,WEAK,NO-BUY,0,
2016-10-18,8677.90,8703.39,8038.13,95.60,58.92,15.43,-29.36,-12.42,-16.94,49.23,CHOP,,NEUTRAL,,-0.69,9.21,9.14,-3.54,CHOP-DOWN,STAND-ASIDE,0,
2016-10-19,8659.10,8704.11,8042.50,93.20,58.49,15.34,-27.26,-15.39,-11.88,48.04,CHOP,,NEUTRAL,,-0.90,8.97,6.65,-3.75,CHOP-MID,STAND-ASIDE,0,
2016-10-20,8699.40,8707.20,8046.66,91.39,58.60,14.90,-22.10,-16.73,-5.37,50.78,CHOP,,NEUTRAL,,-0.44,9.48,6.70,-3.30,CHOP-MID,STAND-ASIDE,0,
2016-10-21,8693.05,8710.04,8050.82,88.94,53.26,14.77,-18.30,-17.05,-1.26,50.33,RANGE,,NEUTRAL,,-0.52,9.40,6.31,-3.37,CHOP-MID,STAND-ASIDE,0,
2016-10-24,8708.95,8710.56,8054.74,86.36,52.35,14.27,-13.85,-16.41,2.56,51.49,RANGE,CROSS_UP,NEUTRAL,,-0.33,9.60,7.13,-3.19,CHOP-MID,STAND-ASIDE,0,
2016-10-25,8691.30,8710.16,8058.55,84.42,49.91,14.04,-11.61,-15.45,3.83,50.09,RANGE,,NEUTRAL,,-0.54,9.37,6.12,-3.39,CHOP-MID,STAND-ASIDE,0,
2016-10-26,8615.25,8708.90,8062.15,85.15,51.47,14.54,-15.80,-15.52,-0.28,44.48,RANGE,CROSS_DOWN,NEUTRAL,,-1.41,8.42,5.79,-4.24,CHOP-DOWN,STAND-ASIDE,0,
2016-10-27,8615.25,8709.69,8065.49,84.40,54.83,15.43,-18.89,-16.19,-2.70,44.48,RANGE,,NEUTRAL,,-1.41,8.42,5.95,-4.24,CHOP-DOWN,STAND-ASIDE,0,
2016-10-28,8638.00,8710.61,8069.73,83.51,59.24,15.82,-19.29,-16.81,-2.48,46.56,CHOP,,NEUTRAL,,-1.15,8.70,6.54,-3.98,CHOP-MID,STAND-ASIDE,0,
2016-11-01,8626.25,8710.29,8073.93,81.48,59.09,15.93,-20.32,-17.51,-2.80,45.61,CHOP,,NEUTRAL,,0.00,8.56,5.46,-4.11,CHOP-MID,STAND-ASIDE,0,
2016-11-02,8514.00,8708.08,8077.80,84.34,62.66,17.06,-29.85,-19.98,-9.87,37.70,CHOP,,NEUTRAL,,-1.30,7.14,3.35,-5.36,WEAK,NO-BUY,0,
2016-11-03,8484.95,8704.32,8082.38,82.70,54.78,18.33,-39.29,-23.84,-15.45,35.97,RANGE,,NEUTRAL,,-1.64,6.78,2.54,-5.68,WEAK,NO-BUY,0,
2016-11-04,8433.75,8699.66,8086.54,84.21,46.74,20.06,-50.32,-29.14,-21.18,33.07,RANGE,,NEUTRAL,,-2.23,6.13,2.08,-6.25,WEAK,NO-BUY,0,
2016-11-07,8497.05,8697.01,8091.21,85.49,46.51,21.15,-53.34,-33.98,-19.37,39.55,RANGE,,NEUTRAL,,-1.50,6.93,2.97,-5.55,CHOP-DOWN,STAND-ASIDE,0,
2016-11-08,8543.55,8695.23,8096.38,85.04,43.58,21.79,-51.39,-37.46,-13.93,43.85,RANGE,,NEUTRAL,,-0.96,7.52,2.99,-5.03,CHOP-DOWN,STAND-ASIDE,0,Demonetisation
2016-11-09,8432.00,8690.87,8100.72,117.63,28.11,24.67,-58.18,-41.61,-16.57,37.04,RANGE,,NEUTRAL,,-2.25,6.11,2.08,-6.27,WEAK,NO-BUY,0,
2016-11-10,8525.75,8689.54,8105.67,121.12,30.46,26.05,-55.35,-44.36,-11.00,44.79,TREND DOWN,,NEUTRAL,,-1.17,7.29,3.56,-5.23,BEAR,AVOID,0,
2016-11-11,8296.30,8684.01,8109.96,129.67,34.48,28.05,-70.81,-49.65,-21.17,33.82,TREND DOWN,,NEUTRAL,,-3.82,4.40,1.53,-7.78,PANIC,NO-TOUCH,0,
2016-11-15,8108.45,8674.03,8113.75,134.91,38.22,30.38,-97.10,-59.14,-37.97,27.81,TREND DOWN,,OVERSOLD,,-6.00,2.04,-0.04,-9.87,PANIC,NO-TOUCH,0,
2016-11-16,8111.60,8661.38,8117.13,133.90,42.28,32.55,-116.34,-70.58,-45.76,28.04,TREND DOWN,,OVERSOLD,,-5.97,2.08,0.57,-9.83,PANIC,NO-TOUCH,0,
2016-11-17,8079.95,8647.25,8120.98,130.83,42.21,34.64,-132.62,-82.99,-49.63,27.10,TREND DOWN,,OVERSOLD,,-6.33,1.68,0.36,-10.19,PANIC,NO-TOUCH,0,
2016-11-18,8074.10,8633.24,8124.97,127.24,42.32,36.60,-144.32,-95.25,-49.07,26.92,TREND DOWN,,OVERSOLD,,-6.40,1.61,0.17,-10.25,PANIC,NO-TOUCH,0,
2016-11-21,7929.10,8615.63,8127.50,131.44,39.80,38.73,-163.41,-108.89,-54.53,22.88,TREND DOWN,,OVERSOLD,,-8.08,-0.22,-1.38,-11.86,PANIC,NO-TOUCH,0,
2016-11-22,8002.30,8596.82,8130.34,128.48,44.17,40.71,-170.67,-121.24,-49.43,28.70,TREND DOWN,,OVERSOLD,,-7.23,0.70,0.59,-11.05,PANIC,NO-TOUCH,0,
2016-11-23,8033.30,8579.12,8133.31,125.17,43.48,42.14,-171.94,-131.38,-40.56,31.07,TREND DOWN,,NEUTRAL,,-6.87,1.09,0.99,-10.70,PANIC,NO-TOUCH,0,
2016-11-24,7965.50,8559.38,8136.02,121.99,43.82,43.52,-176.38,-140.38,-36.00,28.81,TREND DOWN,,OVERSOLD,,-7.66,0.24,0.64,-11.46,PANIC,NO-TOUCH,0,
2016-11-25,8114.30,8544.34,8138.77,124.48,44.73,43.70,-165.98,-145.50,-20.48,39.24,TREND DOWN,,NEUTRAL,,-5.93,2.11,4.25,-9.80,BEAR,AVOID,0,
2016-11-28,8126.90,8532.56,8141.63,121.30,44.36,43.60,-154.94,-147.39,-7.55,40.05,TREND DOWN,,NEUTRAL,,-5.79,2.27,4.70,-9.66,BEAR,AVOID,0,
2016-11-29,8142.15,8520.87,8145.06,117.67,44.20,42.97,-143.30,-146.57,3.27,41.06,TREND DOWN,CROSS_UP,NEUTRAL,,-5.61,2.46,4.30,-9.49,BEAR,AVOID,0,
2016-11-30,8224.50,8510.51,8149.37,116.05,35.57,42.00,-125.98,-142.45,16.47,46.33,TREND DOWN,,NEUTRAL,,-4.66,3.50,4.94,-8.58,BEAR,AVOID,0,
2016-12-01,8192.90,8498.77,8153.32,112.46,41.87,40.92,-113.50,-136.66,23.16,44.68,TREND DOWN,,NEUTRAL,,0.00,3.10,5.96,-8.93,BEAR,AVOID,0,
2016-12-02,8086.80,8484.34,8156.31,113.20,53.45,40.57,-110.89,-131.51,20.62,39.58,TREND DOWN,,NEUTRAL,,-1.30,1.77,3.11,-10.11,BEAR,AVOID,0,
2016-12-05,8128.75,8471.40,8160.01,111.19,54.45,40.32,-104.24,-126.05,21.82,42.38,TREND DOWN,,NEUTRAL,,-0.78,2.30,3.46,-9.64,BEAR,AVOID,0,
2016-12-06,8143.15,8458.72,8164.24,106.81,52.49,39.65,-96.68,-120.18,23.50,43.35,TREND DOWN,,NEUTRAL,,-0.61,2.48,3.74,-9.48,BEAR,AVOID,0,
2016-12-07,8102.05,8443.41,8168.67,107.25,53.11,39.35,-92.95,-114.73,21.79,41.22,TREND DOWN,,NEUTRAL,,-1.11,1.96,3.45,-9.94,BEAR,AVOID,0,
2016-12-08,8246.85,8431.72,8175.02,110.61,54.50,38.31,-77.41,-107.27,29.86,50.47,TREND DOWN,,NEUTRAL,,0.66,3.78,4.61,-8.33,BEAR,AVOID,0,
2016-12-09,8261.75,8422.49,8181.43,105.06,50.55,37.14,-63.16,-98.45,35.29,51.32,TREND DOWN,,NEUTRAL,,0.84,3.97,4.02,-8.16,BEAR,AVOID,0,
2016-12-12,8170.80,8411.78,8186.47,105.22,52.72,36.64,-58.53,-90.46,31.93,46.12,TREND DOWN,,NEUTRAL,,-0.27,2.82,2.97,-9.18,BEAR,AVOID,0,
2016-12-13,8221.80,8401.31,8192.33,102.92,52.45,36.18,-50.18,-82.41,32.23,49.23,TREND DOWN,,NEUTRAL,,0.35,3.47,3.36,-8.61,BEAR,AVOID,0,
2016-12-14,8182.45,8393.13,8197.70,100.17,54.92,35.74,-46.19,-75.16,28.97,46.98,TREND DOWN,,NEUTRAL,,-0.13,2.97,3.17,-9.05,BEAR,AVOID,0,
2016-12-15,8153.60,8383.98,8202.51,100.44,65.17,35.64,-44.85,-69.10,24.25,45.34,TREND DOWN,,NEUTRAL,,-0.48,2.61,3.68,-9.37,BEAR,AVOID,0,
2016-12-16,8139.45,8372.01,8207.16,96.92,64.26,35.54,-44.41,-64.16,19.75,44.52,TREND DOWN,,NEUTRAL,,-0.65,2.43,4.59,-9.52,BEAR,AVOID,0,
2016-12-19,8104.35,8358.71,8211.50,93.19,63.43,35.69,-46.36,-60.60,14.24,42.47,TREND DOWN,,NEUTRAL,,-1.08,1.99,4.36,-9.91,BEAR,AVOID,0,
2016-12-20,8082.40,8345.48,8216.37,90.91,62.32,36.05,-49.12,-58.31,9.19,41.19,TREND DOWN,,NEUTRAL,,-1.35,1.71,4.94,-10.16,BEAR,AVOID,0,
2016-12-21,8061.30,8332.52,8221.58,88.65,61.48,36.46,-52.40,-57.12,4.73,39.95,TREND DOWN,,NEUTRAL,,-1.61,1.45,5.90,-10.39,BEAR,AVOID,0,
2016-12-22,7979.10,8318.15,8226.62,89.20,47.87,37.41,-60.93,-57.88,-3.04,35.46,TREND DOWN,CROSS_DOWN,NEUTRAL,,-2.61,0.41,3.85,-11.31,BEAR,AVOID,0,
2016-12-23,7985.75,8303.69,8231.40,88.58,45.02,38.42,-66.38,-59.58,-6.80,36.08,TREND DOWN,,NEUTRAL,,-2.53,0.50,4.93,-11.23,BEAR,AVOID,0,
2016-12-26,7908.25,8290.39,8236.01,88.83,41.32,39.63,-76.09,-62.88,-13.20,32.17,TREND DOWN,,NEUTRAL,,-3.47,-0.48,3.38,-12.09,PANIC,NO-TOUCH,0,
2016-12-27,8032.85,8279.37,8240.06,92.55,42.24,39.49,-72.88,-64.88,-8.00,42.90,TREND DOWN,,NEUTRAL,,-1.95,1.09,4.31,-10.71,BEAR,AVOID,0,
2016-12-28,8034.85,8269.66,8243.39,91.09,39.47,38.52,-69.38,-65.78,-3.60,43.05,TREND DOWN,,NEUTRAL,,-1.93,1.11,3.66,-10.69,BEAR,AVOID,0,
2016-12-29,8103.60,8258.18,8246.53,91.03,46.11,37.48,-60.36,-64.70,4.34,48.28,TREND DOWN,CROSS_UP,NEUTRAL,,-1.09,1.98,3.30,-9.92,BEAR,AVOID,0,
2016-12-30,8185.80,8248.71,8250.04,91.20,45.78,35.36,-46.05,-60.97,14.92,53.74,TREND DOWN,,NEUTRAL,,-0.09,3.01,5.46,-9.01,BEAR,AVOID,0,
2017-01-02,8179.50,8238.31,8253.51,90.27,45.96,33.22,-34.82,-55.74,20.92,53.27,TREND DOWN,,NEUTRAL,,0.00,-0.08,4.40,-9.08,BEAR,AVOID,0,
2017-01-03,8192.25,8228.30,8256.81,88.86,46.56,31.14,-24.60,-49.51,24.91,54.14,TREND DOWN,,NEUTRAL,,0.16,0.08,5.22,-8.94,BEAR,AVOID,0,
2017-01-04,8190.50,8217.93,8260.33,85.20,45.06,29.21,-16.46,-42.90,26.44,53.99,TREND DOWN,,NEUTRAL,,0.13,0.06,4.13,-8.96,BEAR,AVOID,0,
2017-01-05,8273.80,8209.58,8264.15,85.70,39.72,27.65,-3.24,-34.97,31.73,59.63,TREND UP,,NEUTRAL,,1.15,1.08,5.25,-8.03,ALL-ALIGN BULL,BUY,1,
2017-01-06,8243.80,8202.15,8267.67,84.83,38.41,26.50,4.75,-27.02,31.78,56.92,TREND UP,,NEUTRAL,,0.79,0.71,4.02,-8.36,EARLY-UP,HOLD,0,
2017-01-09,8236.05,8194.56,8271.55,81.29,37.54,25.34,10.35,-19.55,29.90,56.21,TREND UP,,NEUTRAL,,0.69,0.61,3.87,-8.45,EARLY-UP,HOLD,0,
2017-01-10,8288.60,8187.58,8275.50,79.61,37.48,24.65,18.80,-11.88,30.68,59.87,RANGE,,NEUTRAL,,1.33,1.26,4.97,-7.87,CHOP-UP,WATCH,0,
2017-01-11,8380.65,8182.66,8279.84,81.09,30.75,24.99,32.56,-2.99,35.55,65.32,RANGE,,NEUTRAL,,2.46,2.38,5.47,-6.84,CHOP-UP,WATCH,0,
2017-01-12,8407.20,8180.53,8283.85,77.91,27.12,25.57,45.08,6.62,38.46,66.73,TREND UP,,NEUTRAL,,2.78,2.70,7.90,-6.55,ALL-ALIGN BULL,BUY,1,
2017-01-13,8400.35,8178.84,8287.34,78.63,24.60,26.47,53.83,16.06,37.77,65.99,TREND UP,,NEUTRAL,,2.70,2.62,7.91,-6.62,ALL-ALIGN BULL,BUY,0,
2017-01-16,8412.80,8178.42,8290.82,76.75,30.25,27.31,61.07,25.06,36.00,66.71,TREND UP,,NEUTRAL,,2.85,2.77,8.68,-6.49,ALL-ALIGN BULL,BUY,0,
2017-01-17,8398.00,8176.44,8294.23,75.74,29.87,28.21,64.86,33.02,31.84,64.94,TREND UP,,NEUTRAL,,2.67,2.59,10.96,-6.65,ALL-ALIGN BULL,BUY,0,
2017-01-18,8417.00,8173.91,8298.24,74.82,37.88,29.22,68.61,40.14,28.47,66.18,TREND UP,,NEUTRAL,,2.90,2.82,10.73,-6.44,ALL-ALIGN BULL,BUY,0,
2017-01-19,8435.10,8173.97,8302.43,72.41,37.86,30.16,72.20,46.55,25.65,67.37,TREND UP,,NEUTRAL,,3.12,3.05,11.52,-6.24,ALL-ALIGN BULL,BUY,0,
2017-01-20,8349.35,8170.44,8305.50,73.96,40.29,29.70,67.36,50.71,16.65,57.14,TREND UP,,NEUTRAL,,2.08,2.00,11.17,-7.19,ALL-ALIGN BULL,BUY,0,
2017-01-23,8391.50,8172.34,8308.77,74.18,44.69,29.02,66.16,53.80,12.36,60.33,TREND UP,,NEUTRAL,,2.59,2.51,10.96,-6.72,ALL-ALIGN BULL,BUY,0,
2017-01-24,8475.80,8179.69,8312.58,75.27,50.02,29.24,71.19,57.28,13.91,65.81,TREND UP,,NEUTRAL,,3.62,3.54,12.46,-5.79,ALL-ALIGN BULL,BUY,0,
2017-01-25,8602.75,8189.51,8316.80,79.66,36.47,30.52,84.45,62.71,21.73,72.06,TREND UP,,OVERBOUGHT,,5.17,5.09,15.66,-4.37,TOP-WARNING,NO-NEW,0,
2017-01-27,8641.25,8200.74,8321.99,78.97,30.84,32.06,96.94,69.56,27.38,73.64,TREND UP,,OVERBOUGHT,,5.65,5.56,17.55,-3.95,TOP-WARNING,NO-NEW,0,
2017-01-30,8632.75,8211.91,8327.08,76.53,34.14,33.50,104.95,76.64,28.31,72.67,TREND UP,,OVERBOUGHT,,5.54,5.46,16.11,-4.04,TOP-WARNING,NO-NEW,0,
2017-01-31,8561.30,8224.56,8332.16,76.80,41.08,33.65,104.33,82.18,22.15,64.89,TREND UP,,NEUTRAL,,4.67,4.59,17.13,-4.83,ALL-ALIGN BULL,BUY,0,
2017-02-01,8716.40,8238.84,8337.96,84.53,39.50,34.43,115.02,88.74,26.28,71.92,TREND UP,,OVERBOUGHT,,0.00,6.48,19.78,-3.11,ALL-ALIGN BULL,BUY,0,
2017-02-02,8734.25,8252.86,8343.28,83.62,37.44,35.38,123.52,95.70,27.82,72.59,TREND UP,,OVERBOUGHT,,0.20,6.70,17.67,-2.91,TOP-WARNING,NO-NEW,0,
2017-02-03,8740.95,8268.37,8348.44,80.54,35.85,36.25,129.30,102.42,26.88,72.86,TREND UP,,OVERBOUGHT,,0.28,6.78,17.55,-2.84,TOP-WARNING,NO-NEW,0,
2017-02-06,8801.05,8282.10,8353.19,80.01,31.88,37.47,137.15,109.36,27.78,75.18,TREND UP,,OVERBOUGHT,,0.97,7.52,18.33,-2.17,TOP-WARNING,NO-NEW,0,
2017-02-07,8768.30,8294.93,8357.46,79.17,32.07,38.07,139.12,115.32,23.81,71.59,TREND UP,,OVERBOUGHT,,0.60,7.12,18.10,-2.53,ALL-ALIGN BULL,BUY,0,
2017-02-08,8769.05,8307.47,8361.73,78.96,32.52,38.16,139.14,120.08,19.06,71.62,TREND UP,,OVERBOUGHT,,0.60,7.13,15.94,-2.53,ALL-ALIGN BULL,BUY,0,
2017-02-09,8778.40,8318.55,8366.06,80.27,33.76,38.47,138.32,123.73,14.59,72.06,TREND UP,,OVERBOUGHT,,0.71,7.24,16.18,-2.42,TOP-WARNING,NO-NEW,0,
2017-02-10,8793.55,8330.56,8370.53,78.17,32.32,38.76,137.31,126.45,10.86,72.80,TREND UP,,OVERBOUGHT,,0.89,7.42,17.95,-2.25,TOP-WARNING,NO-NEW,0,
2017-02-13,8805.05,8344.92,8375.28,77.78,37.62,38.70,135.87,128.33,7.54,73.38,TREND UP,,OVERBOUGHT,,1.02,7.56,19.60,-2.13,TOP-WARNING,NO-NEW,0,
2017-02-14,8792.30,8358.19,8379.43,75.65,45.82,38.63,132.17,129.10,3.08,71.57,TREND UP,,OVERBOUGHT,,0.87,7.41,18.75,-2.27,ALL-ALIGN BULL,BUY,0,
2017-02-15,8724.70,8369.83,8383.16,77.04,49.69,37.40,122.38,127.76,-5.37,62.74,TREND UP,CROSS_DOWN,NEUTRAL,,0.10,6.58,16.50,-3.02,ALL-ALIGN BULL,BUY,0,
2017-02-16,8778.00,8383.34,8387.81,76.13,49.49,36.26,117.57,125.72,-8.15,66.27,TREND UP,,NEUTRAL,,0.71,7.23,18.83,-2.43,ALL-ALIGN BULL,BUY,0,
2017-02-17,8821.70,8394.84,8392.67,79.15,43.85,36.36,115.94,123.76,-7.82,68.88,TREND UP,,NEUTRAL,,1.21,7.77,20.88,-1.94,ALL-ALIGN BULL,BUY,0,
2017-02-20,8879.20,8407.19,8398.04,78.96,43.72,36.45,117.93,122.60,-4.67,71.95,TREND UP,,OVERBOUGHT,,1.87,8.47,23.05,-1.30,ALL-ALIGN BULL,BUY,0,
2017-02-21,8907.85,8421.93,8403.84,77.60,55.36,36.84,120.43,122.16,-1.73,73.36,TREND UP,,OVERBOUGHT,,2.20,8.82,27.69,-0.98,TOP-WARNING,NO-NEW,0,
2017-02-22,8926.90,8436.03,8409.94,76.02,51.95,37.53,122.54,122.24,0.30,74.29,TREND UP,CROSS_UP,OVERBOUGHT,,2.41,9.05,27.88,-0.77,TOP-WARNING,NO-NEW,0,
2017-02-23,8939.50,8451.17,8415.96,74.53,50.14,38.34,123.80,122.55,1.25,74.91,TREND UP,,OVERBOUGHT,,2.56,9.21,24.80,-0.63,TOP-WARNING,NO-NEW,0,
2017-02-27,8896.70,8466.04,8421.78,73.72,49.76,38.26,119.96,122.03,-2.07,68.83,TREND UP,CROSS_DOWN,NEUTRAL,,2.07,8.68,26.23,-1.11,ALL-ALIGN BULL,BUY,0,
2017-02-28,8879.60,8480.84,8426.85,71.82,48.96,37.75,114.22,120.47,-6.25,66.50,TREND UP,,NEUTRAL,,1.87,8.48,24.92,-1.30,ALL-ALIGN BULL,BUY,0,
2017-03-01,8945.80,8497.67,8432.14,72.49,49.15,37.74,113.71,119.12,-5.41,70.63,TREND UP,,OVERBOUGHT,,0.00,9.28,24.39,-0.56,ALL-ALIGN BULL,BUY,0,
2017-03-02,8899.75,8514.02,8437.39,75.36,48.31,38.02,108.33,116.96,-8.63,64.66,TREND UP,,NEUTRAL,,-0.51,8.72,23.42,-1.07,ALL-ALIGN BULL,BUY,0,
2017-03-03,8897.55,8530.74,8442.38,73.34,48.16,37.86,102.71,114.11,-11.40,64.38,TREND UP,,NEUTRAL,,-0.54,8.69,22.99,-1.10,ALL-ALIGN BULL,BUY,0,
2017-03-06,8963.45,8550.43,8448.12,73.12,48.07,38.26,102.39,111.77,-9.37,68.75,TREND UP,,NEUTRAL,,0.20,9.50,26.08,-0.36,ALL-ALIGN BULL,BUY,0,
2017-03-07,8946.90,8569.65,8453.55,71.11,47.96,38.72,99.66,109.35,-9.69,66.54,TREND UP,,NEUTRAL,,0.01,9.30,27.47,-0.55,ALL-ALIGN BULL,BUY,0,
2017-03-08,8924.30,8589.97,8458.72,70.68,47.72,38.28,94.58,106.39,-11.81,63.54,TREND UP,,NEUTRAL,,-0.24,9.02,28.03,-0.80,ALL-ALIGN BULL,BUY,0,
2017-03-09,8927.00,8607.85,8464.00,68.94,61.07,37.86,89.73,103.06,-13.33,63.75,TREND UP,,NEUTRAL,,-0.21,9.05,26.99,-0.77,ALL-ALIGN BULL,BUY,0,
2017-03-10,8934.55,8625.85,8469.76,69.14,60.28,37.80,85.52,99.55,-14.03,64.37,TREND UP,,NEUTRAL,,-0.13,9.15,27.87,-0.69,ALL-ALIGN BULL,BUY,0,
2017-03-14,9087.00,8645.52,8476.44,77.65,50.98,38.92,93.40,98.32,-4.92,74.02,TREND UP,,OVERBOUGHT,,1.58,11.01,25.82,0.00,TOP-WARNING,NO-NEW,0,
2017-03-15,9084.80,8663.50,8483.21,74.32,49.88,39.97,98.34,98.33,0.01,73.71,TREND UP,CROSS_UP,OVERBOUGHT,,1.55,10.98,23.29,-0.02,TOP-WARNING,NO-NEW,0,
2017-03-16,9153.70,8682.98,8490.24,74.27,45.75,41.26,106.58,99.98,6.61,76.96,TREND UP,,OVERBOUGHT,,2.32,11.82,22.45,0.00,TOP-WARNING,NO-NEW,0,
2017-03-17,9160.05,8702.34,8496.36,74.02,39.39,42.78,112.33,102.45,9.89,77.24,TREND UP,,OVERBOUGHT,,2.39,11.90,22.37,0.00,TOP-WARNING,NO-NEW,0,
2017-03-20,9126.85,8721.06,8501.65,72.40,38.95,43.52,112.91,104.54,8.37,72.30,TREND UP,,OVERBOUGHT,,2.02,11.50,21.93,-0.36,TOP-WARNING,NO-NEW,0,
2017-03-21,9121.50,8738.02,8506.47,71.55,39.45,43.63,111.65,105.96,5.69,71.50,TREND UP,,OVERBOUGHT,,1.96,11.43,21.11,-0.42,ALL-ALIGN BULL,BUY,0,
2017-03-22,9030.45,8753.75,8510.73,73.74,40.23,42.49,102.12,105.19,-3.07,59.53,TREND UP,CROSS_DOWN,NEUTRAL,,0.95,10.32,20.63,-1.41,ALL-ALIGN BULL,BUY,0,
2017-03-23,9086.30,8770.76,8515.36,73.37,38.58,41.67,97.95,103.75,-5.79,63.56,TREND UP,,NEUTRAL,,1.57,11.00,20.99,-0.81,ALL-ALIGN BULL,BUY,0,
2017-03-24,9108.00,8787.14,8520.00,71.51,42.12,41.23,95.30,102.06,-6.76,65.02,TREND UP,,NEUTRAL,,1.81,11.27,20.82,-0.57,ALL-ALIGN BULL,BUY,0,
2017-03-27,9045.20,8800.43,8524.14,72.35,42.61,39.72,87.13,99.07,-11.94,57.81,TREND UP,,NEUTRAL,,1.11,10.50,21.24,-1.25,ALL-ALIGN BULL,BUY,0,
2017-03-28,9100.80,8814.31,8528.54,71.84,43.37,38.48,84.17,96.09,-11.92,61.84,TREND UP,,NEUTRAL,,1.73,11.18,21.36,-0.65,ALL-ALIGN BULL,BUY,0,
2017-03-29,9143.80,8829.18,8533.25,70.45,43.78,37.76,84.32,93.74,-9.42,64.66,TREND UP,,NEUTRAL,,2.21,11.70,21.71,-0.18,ALL-ALIGN BULL,BUY,0,
2017-03-30,9173.75,8844.39,8537.79,68.76,44.33,37.38,85.86,92.16,-6.30,66.51,TREND UP,,NEUTRAL,,2.55,12.07,20.64,0.00,ALL-ALIGN BULL,BUY,0,
2017-03-31,9173.75,8859.91,8542.29,66.68,60.43,37.10,86.10,90.95,-4.85,66.51,TREND UP,,NEUTRAL,,2.55,12.07,19.07,0.00,ALL-ALIGN BULL,BUY,0,
2017-04-03,9237.85,8876.33,8547.46,67.03,50.82,37.32,90.41,90.84,-0.43,70.37,TREND UP,,OVERBOUGHT,,0.00,12.85,19.74,0.00,ALL-ALIGN BULL,BUY,0,
2017-04-05,9265.15,8892.93,8552.94,66.42,47.50,37.77,94.94,91.66,3.28,71.85,TREND UP,CROSS_UP,OVERBOUGHT,BEAR_DIV,0.30,13.19,20.07,0.00,TOP-WARNING,NO-NEW,0,
2017-04-06,9261.95,8911.18,8558.69,65.18,46.44,38.18,97.15,92.76,4.39,71.40,TREND UP,,OVERBOUGHT,,0.26,13.15,21.63,-0.03,ALL-ALIGN BULL,BUY,0,
2017-04-07,9198.30,8927.32,8564.14,65.80,46.57,37.90,92.70,92.75,-0.05,62.92,TREND UP,CROSS_DOWN,NEUTRAL,,-0.43,12.37,21.08,-0.72,ALL-ALIGN BULL,BUY,0,
2017-04-10,9181.45,8941.43,8569.01,64.73,46.55,37.37,86.81,91.56,-4.75,60.86,TREND UP,,NEUTRAL,,-0.61,12.16,18.70,-0.90,ALL-ALIGN BULL,BUY,0,
2017-04-11,9237.00,8954.11,8574.50,65.10,46.95,37.06,85.64,90.37,-4.74,64.94,TREND UP,,NEUTRAL,,-0.01,12.84,19.37,-0.30,ALL-ALIGN BULL,BUY,0,
2017-04-12,9203.45,8965.36,8579.66,66.49,46.99,36.53,81.06,88.51,-7.45,60.82,TREND UP,,NEUTRAL,,-0.37,12.43,19.32,-0.67,ALL-ALIGN BULL,BUY,0,
2017-04-13,9150.80,8975.72,8584.22,65.92,46.55,35.65,72.36,85.28,-12.92,54.92,TREND UP,,NEUTRAL,,-0.94,11.79,17.94,-1.23,EARLY-UP,HOLD,0,
2017-04-17,9139.30,8987.28,8588.82,64.05,46.21,34.30,63.80,80.98,-17.19,53.70,TREND UP,,NEUTRAL,,-1.07,11.65,20.20,-1.36,EARLY-UP,HOLD,0,
2017-04-18,9105.15,8995.05,8593.33,68.22,57.40,33.84,53.64,75.52,-21.88,50.13,TREND UP,,NEUTRAL,,-1.44,11.23,19.58,-1.73,EARLY-UP,HOLD,0,
2017-04-19,9103.50,9002.44,8597.49,66.59,55.64,32.97,44.94,69.40,-24.46,49.96,TREND UP,,NEUTRAL,,-1.45,11.21,20.63,-1.74,EARLY-UP,HOLD,0,
2017-04-20,9136.40,9010.35,8602.73,64.78,55.15,32.48,40.23,63.57,-23.34,53.41,TREND UP,,NEUTRAL,,-1.10,11.61,20.93,-1.39,EARLY-UP,HOLD,0,
2017-04-21,9119.40,9016.72,8607.86,66.93,57.23,32.51,34.73,57.80,-23.07,51.43,TREND UP,,NEUTRAL,,-1.28,11.41,18.88,-1.57,EARLY-UP,HOLD,0,
2017-04-24,9217.95,9025.71,8613.31,69.72,59.93,33.00,37.88,53.82,-15.93,60.54,TREND UP,,NEUTRAL,,-0.22,12.61,19.57,-0.51,ALL-ALIGN BULL,BUY,0,
2017-04-25,9306.60,9036.46,8618.82,71.26,54.50,34.20,47.00,52.45,-5.46,66.60,TREND UP,,NEUTRAL,,0.74,13.69,18.55,0.00,ALL-ALIGN BULL,BUY,0,
2017-04-26,9351.85,9047.93,8624.14,70.86,46.41,35.71,57.21,53.40,3.81,69.20,TREND UP,CROSS_UP,NEUTRAL,,1.23,14.24,18.16,0.00,ALL-ALIGN BULL,BUY,0,
2017-04-27,9342.15,9058.90,8629.21,68.97,46.21,37.12,63.79,55.48,8.31,67.98,TREND UP,,NEUTRAL,,1.13,14.13,18.03,-0.10,ALL-ALIGN BULL,BUY,0,
2017-04-28,9304.05,9068.88,8633.87,68.36,45.70,37.50,65.17,57.42,7.75,63.25,TREND UP,,NEUTRAL,,0.72,13.66,17.59,-0.51,ALL-ALIGN BULL,BUY,0,
2017-05-02,9313.80,9079.31,8638.76,69.38,46.91,37.58,66.29,59.19,7.10,63.94,TREND UP,,NEUTRAL,,0.00,13.78,17.91,-0.41,ALL-ALIGN BULL,BUY,0,
2017-05-03,9311.95,9091.06,8643.63,67.85,46.08,37.65,66.27,60.61,5.66,63.70,TREND UP,,NEUTRAL,,-0.02,13.76,18.55,-0.43,ALL-ALIGN BULL,BUY,0,
2017-05-04,9359.90,9102.69,8648.82,66.84,44.87,37.92,69.32,62.35,6.97,67.20,TREND UP,,NEUTRAL,,0.49,14.34,17.55,0.00,ALL-ALIGN BULL,BUY,0,
2017-05-05,9285.30,9111.97,8652.90,69.57,45.41,36.99,64.97,62.87,2.09,57.85,TREND UP,,NEUTRAL,,-0.31,13.43,16.36,-0.80,ALL-ALIGN BULL,BUY,0,
2017-05-08,9314.05,9120.66,8656.87,68.42,45.92,36.13,63.11,62.92,0.19,60.15,TREND UP,,NEUTRAL,,0.00,13.78,18.69,-0.49,ALL-ALIGN BULL,BUY,0,
2017-05-09,9316.85,9128.84,8660.86,65.76,42.35,35.33,61.16,62.57,-1.41,60.38,TREND UP,CROSS_DOWN,NEUTRAL,,0.03,13.82,18.69,-0.46,ALL-ALIGN BULL,BUY,0,
2017-05-10,9407.30,9138.45,8665.07,68.06,41.55,35.54,66.15,63.29,2.87,66.93,TREND UP,CROSS_UP,NEUTRAL,,1.00,14.92,20.52,0.00,ALL-ALIGN BULL,BUY,0,
2017-05-11,9422.40,9148.11,8669.47,66.29,37.67,36.10,70.51,64.73,5.78,67.89,TREND UP,,NEUTRAL,,1.17,15.11,21.63,0.00,ALL-ALIGN BULL,BUY,0,
2017-05-12,9400.90,9158.19,8673.93,66.21,41.15,35.72,71.41,66.07,5.34,65.01,TREND UP,,NEUTRAL,,0.94,14.84,21.99,-0.23,ALL-ALIGN BULL,BUY,0,
2017-05-15,9445.40,9169.51,8678.52,64.94,56.54,35.51,74.85,67.82,7.03,68.03,TREND UP,,NEUTRAL,,1.41,15.39,22.10,0.00,ALL-ALIGN BULL,BUY,0,
2017-05-16,9512.25,9180.84,8683.25,65.43,47.71,36.02,82.03,70.67,11.36,71.95,TREND UP,,OVERBOUGHT,,2.13,16.20,23.00,0.00,ALL-ALIGN BULL,BUY,0,
2017-05-17,9525.75,9193.36,8688.33,64.08,44.58,36.63,87.79,74.09,13.70,72.68,TREND UP,,OVERBOUGHT,,2.28,16.37,21.10,0.00,TOP-WARNING,NO-NEW,0,
2017-05-18,9429.45,9204.00,8692.77,67.19,47.29,35.74,83.62,76.00,7.63,60.59,TREND UP,,NEUTRAL,,1.24,15.19,19.54,-1.01,ALL-ALIGN BULL,BUY,0,
2017-05-19,9427.90,9213.28,8696.73,70.60,49.49,34.39,79.28,76.65,2.63,60.42,TREND UP,,NEUTRAL,,1.23,15.17,20.12,-1.03,ALL-ALIGN BULL,BUY,0,
2017-05-22,9438.25,9223.11,8700.97,70.61,49.32,33.13,75.80,76.48,-0.68,61.22,TREND UP,CROSS_DOWN,NEUTRAL,,1.34,15.30,19.47,-0.92,ALL-ALIGN BULL,BUY,0,
2017-05-23,9386.15,9232.35,8704.82,71.15,50.50,30.93,68.06,74.80,-6.74,55.16,TREND UP,,NEUTRAL,,0.78,14.66,20.11,-1.47,ALL-ALIGN BULL,BUY,0,
2017-05-24,9360.55,9241.02,8708.29,72.51,51.88,29.01,59.17,71.67,-12.50,52.42,TREND DOWN,,NEUTRAL,,0.50,14.35,19.08,-1.73,BEAR,AVOID,0,
2017-05-25,9509.75,9252.52,8712.65,78.96,57.92,27.96,63.43,70.02,-6.59,63.74,TREND UP,,NEUTRAL,,2.10,16.17,20.52,-0.17,ALL-ALIGN BULL,BUY,1,
2017-05-26,9595.10,9262.69,8717.44,81.14,50.89,27.87,72.86,70.59,2.27,68.37,TREND UP,CROSS_UP,NEUTRAL,,3.02,17.22,21.92,0.00,ALL-ALIGN BULL,BUY,0,
2017-05-29,9604.90,9273.09,8722.35,81.77,52.22,28.10,80.20,72.51,7.69,68.87,TREND UP,,NEUTRAL,,3.13,17.34,23.40,0.00,ALL-ALIGN BULL,BUY,0,
2017-05-30,9624.55,9282.50,8727.75,79.80,51.52,28.32,86.60,75.33,11.27,69.88,TREND UP,,NEUTRAL,,3.34,17.58,24.19,0.00,ALL-ALIGN BULL,BUY,0,
2017-05-31,9621.25,9291.73,8733.10,76.98,49.94,28.66,90.37,78.34,12.03,69.47,TREND UP,,NEUTRAL,,3.30,17.54,24.45,-0.03,ALL-ALIGN BULL,BUY,0,
2017-06-01,9616.10,9301.51,8737.77,74.68,49.26,28.59,91.88,81.05,10.83,68.79,TREND UP,,NEUTRAL,,0.00,17.47,24.10,-0.09,ALL-ALIGN BULL,BUY,0,
2017-06-02,9653.50,9312.15,8742.48,73.44,46.73,28.94,95.00,83.84,11.16,71.00,TREND UP,,OVERBOUGHT,,0.39,17.93,21.66,0.00,ALL-ALIGN BULL,BUY,0,
2017-06-05,9675.10,9325.05,8747.46,71.52,44.34,29.41,98.08,86.69,11.40,72.22,TREND UP,,OVERBOUGHT,BEAR_DIV,0.61,18.19,19.89,0.00,TOP-WARNING,NO-NEW,0,
2017-06-06,9637.15,9336.06,8752.77,72.06,43.09,30.07,96.35,88.62,7.73,66.89,TREND UP,,NEUTRAL,,0.22,17.73,18.15,-0.39,ALL-ALIGN BULL,BUY,0,
2017-06-07,9663.90,9347.18,8758.13,70.34,41.06,30.68,96.03,90.10,5.93,68.65,TREND UP,,NEUTRAL,,0.50,18.06,18.16,-0.12,ALL-ALIGN BULL,BUY,0,
2017-06-08,9647.25,9359.22,8763.15,68.69,38.62,31.37,93.36,90.75,2.61,66.29,TREND UP,,NEUTRAL,,0.32,17.85,18.22,-0.29,ALL-ALIGN BULL,BUY,0,
2017-06-09,9668.25,9370.57,8768.37,68.65,38.52,31.17,91.88,90.98,0.90,67.79,TREND UP,,NEUTRAL,,0.54,18.11,18.19,-0.07,ALL-ALIGN BULL,BUY,0,
2017-06-12,9616.40,9380.02,8773.09,68.73,38.21,30.76,85.54,89.89,-4.35,60.61,TREND UP,CROSS_DOWN,NEUTRAL,,0.00,17.48,17.00,-0.61,ALL-ALIGN BULL,BUY,0,
2017-06-13,9606.90,9388.69,8777.79,68.01,41.09,30.48,78.83,87.68,-8.85,59.37,TREND UP,,NEUTRAL,,-0.10,17.36,16.86,-0.70,ALL-ALIGN BULL,BUY,0,
2017-06-14,9618.15,9397.57,8782.73,66.51,52.75,29.83,73.58,84.86,-11.28,60.40,TREND UP,,NEUTRAL,,0.02,17.50,17.28,-0.59,ALL-ALIGN BULL,BUY,0,
2017-06-15,9578.05,9404.38,8787.46,66.09,61.15,28.75,65.43,80.97,-15.55,55.03,TREND UP,,NEUTRAL,,-0.40,17.01,15.87,-1.00,ALL-ALIGN BULL,BUY,0,
2017-06-16,9588.05,9410.84,8792.15,64.96,62.46,27.74,59.09,76.60,-17.51,56.08,TREND UP,,NEUTRAL,,-0.29,17.13,15.89,-0.90,ALL-ALIGN BULL,BUY,0,
2017-06-19,9657.55,9418.75,8797.48,66.41,63.96,27.78,59.00,73.08,-14.08,62.61,TREND UP,,NEUTRAL,,0.43,17.98,17.72,-0.18,ALL-ALIGN BULL,BUY,0,
2017-06-20,9653.50,9427.85,8802.88,64.01,63.60,27.87,57.93,70.05,-12.12,62.03,TREND UP,,NEUTRAL,,0.39,17.93,18.16,-0.22,ALL-ALIGN BULL,BUY,0,
2017-06-21,9633.60,9436.90,8808.01,62.64,63.60,27.02,54.85,67.01,-12.16,59.14,TREND UP,,NEUTRAL,,0.18,17.69,18.78,-0.43,ALL-ALIGN BULL,BUY,0,
2017-06-22,9630.00,9444.76,8812.44,63.96,64.71,27.01,51.52,63.91,-12.39,58.60,TREND UP,,NEUTRAL,,0.14,17.64,18.76,-0.47,ALL-ALIGN BULL,BUY,0,
2017-06-23,9574.95,9452.19,8816.38,65.27,66.34,25.80,43.93,59.91,-15.98,51.03,TREND UP,,NEUTRAL,,-0.43,16.97,16.67,-1.04,EARLY-UP,HOLD,0,
2017-06-27,9511.40,9459.40,8820.07,70.75,53.21,24.81,32.42,54.41,-22.00,43.97,RANGE,,NEUTRAL,,-1.09,16.19,16.84,-1.69,CHOP-DOWN,STAND-ASIDE,0,
2017-06-28,9491.25,9466.44,8823.48,69.14,53.22,23.89,21.42,47.81,-26.40,41.99,RANGE,,NEUTRAL,,-1.30,15.95,16.17,-1.90,CHOP-DOWN,STAND-ASIDE,0,
2017-06-29,9504.10,9474.42,8826.28,70.24,54.73,22.28,13.58,40.97,-27.39,43.73,RANGE,,NEUTRAL,,-1.16,16.10,15.36,-1.77,CHOP-DOWN,STAND-ASIDE,0,
2017-06-30,9520.90,9482.76,8829.30,71.44,51.53,21.30,8.63,34.50,-25.87,46.02,RANGE,,NEUTRAL,,-0.99,16.31,15.83,-1.59,CHOP-DOWN,STAND-ASIDE,0,
2017-07-03,9615.00,9492.34,8832.61,73.70,52.81,20.49,12.16,30.03,-17.88,56.64,RANGE,,NEUTRAL,,0.00,17.46,17.20,-0.62,CHOP-DOWN,STAND-ASIDE,0,
2017-07-04,9613.30,9502.21,8836.34,72.38,52.67,20.08,14.65,26.95,-12.31,56.42,RANGE,,NEUTRAL,,-0.02,17.44,16.24,-0.64,CHOP-MID,STAND-ASIDE,0,
2017-07-05,9637.60,9510.61,8840.95,69.80,52.27,19.69,18.37,25.24,-6.87,58.84,RANGE,,NEUTRAL,,0.24,17.74,19.15,-0.39,CHOP-MID,STAND-ASIDE,0,
2017-07-06,9674.55,9517.97,8845.69,69.32,52.09,20.04,24.02,24.99,-0.97,62.26,RANGE,,NEUTRAL,,0.62,18.19,19.52,-0.01,CHOP-UP,WATCH,0,
2017-07-07,9665.80,9524.24,8850.31,67.34,51.75,20.36,27.48,25.49,1.99,60.97,RANGE,CROSS_UP,NEUTRAL,,0.53,18.08,18.92,-0.10,STRONG-FLOW,BUY,0,
2017-07-10,9771.05,9532.82,8855.26,72.22,43.03,21.67,38.27,28.05,10.22,69.25,RANGE,,NEUTRAL,,1.62,19.37,19.10,0.00,STRONG-FLOW,BUY,0,
2017-07-11,9786.05,9542.46,8860.15,71.28,38.89,23.27,47.49,31.94,15.55,70.22,RANGE,,OVERBOUGHT,,1.78,19.55,18.08,0.00,STRONG-FLOW,BUY,0,
2017-07-12,9816.10,9552.51,8865.35,68.97,38.67,24.77,56.56,36.86,19.70,72.11,RANGE,,OVERBOUGHT,,2.09,19.92,17.86,0.00,TOP-WARNING,NO-NEW,0,
2017-07-13,9891.70,9564.10,8870.93,69.84,32.52,26.69,69.06,43.30,25.76,76.22,TREND UP,,OVERBOUGHT,,2.88,20.84,18.17,0.00,TOP-WARNING,NO-NEW,1,
2017-07-14,9886.35,9574.63,8876.02,69.69,30.67,28.59,77.64,50.17,27.47,75.37,TREND UP,,OVERBOUGHT,,2.82,20.77,18.60,-0.05,TOP-WARNING,NO-NEW,0,
2017-07-17,9915.95,9587.25,8881.44,67.71,25.65,30.45,85.84,57.30,28.53,76.90,TREND UP,,OVERBOUGHT,,3.13,21.14,18.93,0.00,TOP-WARNING,NO-NEW,0,
2017-07-18,9827.15,9597.51,8886.96,71.72,28.58,30.14,84.20,62.68,21.52,64.07,TREND UP,,NEUTRAL,,2.21,20.05,18.07,-0.90,ALL-ALIGN BULL,BUY,0,
2017-07-19,9899.60,9609.16,8892.93,72.16,28.33,30.05,87.73,67.69,20.04,68.66,TREND UP,,NEUTRAL,,2.96,20.94,16.91,-0.16,ALL-ALIGN BULL,BUY,0,
2017-07-20,9873.30,9618.48,8898.57,71.23,35.62,30.14,87.40,71.63,15.77,65.39,TREND UP,,NEUTRAL,,2.69,20.61,15.87,-0.43,ALL-ALIGN BULL,BUY,0,
2017-07-21,9915.25,9628.34,8905.19,72.33,40.48,29.75,89.50,75.21,14.29,68.01,TREND UP,,NEUTRAL,,3.12,21.13,16.38,-0.01,ALL-ALIGN BULL,BUY,0,
2017-07-24,9966.40,9639.65,8911.97,71.94,36.42,29.97,94.20,79.00,15.19,70.90,TREND UP,,OVERBOUGHT,,3.65,21.75,16.36,0.00,ALL-ALIGN BULL,BUY,0,
2017-07-25,9964.55,9650.03,8918.10,71.24,37.75,30.45,96.66,82.54,14.12,70.65,TREND UP,,OVERBOUGHT,,3.64,21.73,16.66,-0.02,ALL-ALIGN BULL,BUY,0,
2017-07-26,10020.65,9660.20,8924.35,70.54,36.49,31.03,101.96,86.42,15.54,73.66,TREND UP,,OVERBOUGHT,,4.22,22.42,17.77,0.00,TOP-WARNING,NO-NEW,0,
2017-07-27,10020.55,9670.10,8930.74,73.31,31.37,32.28,104.95,90.13,14.82,73.65,TREND UP,,OVERBOUGHT,,4.22,22.41,17.49,-0.00,TOP-WARNING,NO-NEW,0,
2017-07-28,10014.50,9681.80,8937.26,73.90,41.99,32.30,105.60,93.22,12.38,72.72,TREND UP,,OVERBOUGHT,,4.15,22.34,16.91,-0.06,TOP-WARNING,NO-NEW,0,
2017-07-31,10077.10,9694.78,8944.16,73.72,43.46,32.81,109.91,96.56,13.35,76.09,TREND UP,,OVERBOUGHT,,4.81,23.10,18.41,0.00,TOP-WARNING,NO-NEW,0,
2017-08-01,10114.65,9708.31,8951.19,72.94,43.26,33.60,115.03,100.25,14.78,77.86,TREND UP,,OVERBOUGHT,,0.00,23.56,18.42,0.00,TOP-WARNING,NO-NEW,0,
2017-08-02,10081.50,9722.22,8958.73,73.71,42.32,34.12,115.08,103.22,11.86,72.74,TREND UP,,OVERBOUGHT,,-0.33,23.16,16.74,-0.33,TOP-WARNING,NO-NEW,0,
2017-08-03,10013.65,9735.28,8965.88,74.39,42.87,33.63,108.40,104.26,4.15,63.53,TREND UP,,NEUTRAL,,-1.00,22.33,16.56,-1.00,ALL-ALIGN BULL,BUY,0,
2017-08-04,10066.40,9746.41,8973.61,75.28,44.43,33.00,106.14,104.63,1.51,67.03,TREND UP,,NEUTRAL,,-0.48,22.97,16.84,-0.48,ALL-ALIGN BULL,BUY,0,
2017-08-07,10057.40,9755.66,8980.51,72.89,46.94,32.55,102.44,104.19,-1.75,65.87,TREND UP,CROSS_DOWN,NEUTRAL,,-0.57,22.86,16.05,-0.57,ALL-ALIGN BULL,BUY,0,
2017-08-08,9978.55,9763.13,8987.11,77.45,49.03,30.59,92.08,101.77,-9.69,56.62,TREND UP,,NEUTRAL,,-1.35,21.90,15.51,-1.35,ALL-ALIGN BULL,BUY,0,
2017-08-09,9908.05,9768.80,8993.15,78.03,49.94,28.72,77.30,96.88,-19.58,49.88,TREND DOWN,,NEUTRAL,,-2.04,21.04,14.72,-2.04,BEAR,AVOID,0,
2017-08-10,9820.25,9772.78,8998.79,81.87,44.33,28.19,57.83,89.07,-31.24,43.01,TREND DOWN,,NEUTRAL,,-2.91,19.97,13.89,-2.91,BEAR,AVOID,0,
2017-08-11,9710.80,9774.67,9003.79,85.65,38.01,28.41,33.18,77.89,-44.71,36.30,TREND DOWN,,NEUTRAL,,-3.99,18.63,13.65,-3.99,BEAR,AVOID,0,
2017-08-14,9794.15,9777.49,9009.31,87.21,39.37,27.99,20.14,66.34,-46.20,43.53,TREND DOWN,,NEUTRAL,,-3.17,19.65,14.54,-3.17,BEAR,AVOID,0,
2017-08-16,9897.30,9781.93,9015.72,90.27,41.36,26.60,17.93,56.66,-38.73,50.94,TREND DOWN,,NEUTRAL,,-2.15,20.91,13.98,-2.15,BEAR,AVOID,0,
2017-08-17,9904.15,9787.27,9022.16,88.40,40.06,24.84,16.53,48.63,-32.10,51.40,RANGE,,NEUTRAL,,-2.08,20.99,13.69,-2.08,CHOP-DOWN,STAND-ASIDE,0,
2017-08-18,9837.40,9790.74,9028.16,90.69,41.18,24.10,9.93,40.89,-30.96,46.83,RANGE,,NEUTRAL,,-2.74,20.18,13.36,-2.74,CHOP-DOWN,STAND-ASIDE,0,
2017-08-21,9754.35,9792.88,9033.80,94.52,43.18,23.76,-1.98,32.32,-34.30,41.84,RANGE,,NEUTRAL,,-3.56,19.16,13.75,-3.56,CHOP-DOWN,STAND-ASIDE,0,
2017-08-22,9765.55,9794.83,9040.06,93.18,43.53,23.45,-10.40,23.77,-34.18,42.73,RANGE,,NEUTRAL,,-3.45,19.30,13.66,-3.45,CHOP-DOWN,STAND-ASIDE,0,
2017-08-23,9852.50,9799.55,9046.90,93.12,48.17,22.79,-9.94,17.03,-26.97,49.20,RANGE,,NEUTRAL,,-2.59,20.36,14.00,-2.59,CHOP-DOWN,STAND-ASIDE,0,
2017-08-24,9857.05,9804.55,9054.01,88.80,46.81,21.90,-9.11,11.80,-20.91,49.52,RANGE,,NEUTRAL,,-2.55,20.42,14.30,-2.55,CHOP-DOWN,STAND-ASIDE,0,
2017-08-28,9912.80,9810.45,9061.09,87.37,46.31,20.54,-3.90,8.66,-12.56,53.41,RANGE,,NEUTRAL,,-2.00,21.10,14.29,-2.00,CHOP-MID,STAND-ASIDE,0,
2017-08-29,9796.05,9814.81,9067.35,90.35,49.07,20.23,-9.09,5.11,-14.20,45.50,RANGE,,NEUTRAL,,-3.15,19.67,13.03,-3.15,CHOP-MID,STAND-ASIDE,0,
2017-08-30,9884.40,9820.73,9074.62,91.99,61.23,19.68,-6.00,2.89,-8.89,51.37,CHOP,,NEUTRAL,,-2.28,20.75,14.55,-2.28,CHOP-MID,STAND-ASIDE,0,
2017-08-31,9917.90,9825.94,9081.58,90.29,63.82,18.97,-0.85,2.14,-2.99,53.42,CHOP,,NEUTRAL,,-1.95,21.16,14.89,-1.95,CHOP-MID,STAND-ASIDE,0,
2017-09-01,9974.40,9832.36,9089.97,89.10,57.40,17.63,7.71,3.26,4.46,56.72,CHOP,CROSS_UP,NEUTRAL,,0.00,21.85,15.31,-1.39,CHOP-UP,WATCH,0,
2017-09-04,9912.85,9837.94,9098.99,91.83,64.09,16.90,9.42,4.49,4.93,52.36,CHOP,,NEUTRAL,,-0.62,21.10,15.37,-2.00,CHOP-UP,WATCH,0,
2017-09-05,9952.20,9844.39,9108.19,89.71,62.79,16.23,13.79,6.35,7.44,54.76,CHOP,,NEUTRAL,,-0.22,21.58,16.09,-1.61,CHOP-UP,WATCH,0,
2017-09-06,9916.20,9851.21,9117.37,88.27,60.99,15.81,14.18,7.92,6.27,52.17,CHOP,,NEUTRAL,,-0.58,21.14,15.20,-1.96,CHOP-UP,WATCH,0,
2017-09-07,9929.90,9859.58,9126.65,85.44,60.52,14.97,15.42,9.42,6.01,53.08,CHOP,,NEUTRAL,,-0.45,21.31,13.56,-1.83,CHOP-UP,WATCH,0,
2017-09-08,9934.80,9868.45,9136.68,82.93,58.28,14.24,16.61,10.86,5.75,53.42,CHOP,,NEUTRAL,,-0.40,21.37,13.07,-1.78,CHOP-UP,WATCH,0,
2017-09-11,10006.05,9878.49,9146.70,83.71,52.58,13.74,23.03,13.29,9.74,58.17,RANGE,,NEUTRAL,,0.32,22.24,14.03,-1.07,CHOP-UP,WATCH,0,
2017-09-12,10093.05,9889.94,9157.00,84.27,48.26,14.03,34.74,17.58,17.16,63.12,RANGE,,NEUTRAL,,1.19,23.30,14.57,-0.21,CHOP-UP,WATCH,0,
2017-09-13,10079.30,9899.22,9167.57,83.16,43.51,14.65,42.43,22.55,19.88,61.88,RANGE,,NEUTRAL,,1.05,23.13,12.71,-0.35,CHOP-UP,WATCH,0,
2017-09-14,10086.60,9908.69,9177.43,81.23,44.31,15.22,48.54,27.75,20.80,62.30,RANGE,,NEUTRAL,,1.12,23.22,13.10,-0.28,CHOP-UP,WATCH,0,
2017-09-15,10085.40,9917.64,9187.22,80.54,44.41,15.31,52.69,32.74,19.95,62.18,RANGE,,NEUTRAL,,1.11,23.21,12.65,-0.29,CHOP-UP,WATCH,0,
2017-09-18,10153.10,9927.22,9197.28,80.95,46.03,16.01,60.74,38.34,22.40,66.23,RANGE,,NEUTRAL,,1.79,24.03,14.51,0.00,CHOP-UP,WATCH,0,
2017-09-19,10147.55,9936.85,9206.89,78.67,43.57,16.73,65.91,43.85,22.05,65.61,RANGE,,NEUTRAL,,1.74,23.97,16.43,-0.05,CHOP-UP,WATCH,0,
2017-09-20,10141.15,9944.25,9216.63,75.68,42.87,17.39,68.69,48.82,19.87,64.85,RANGE,,NEUTRAL,,1.67,23.89,16.21,-0.12,CHOP-UP,WATCH,0,
2017-09-21,10121.90,9950.97,9226.81,77.44,43.88,16.72,68.56,52.77,15.79,62.53,RANGE,,NEUTRAL,,1.48,23.65,15.78,-0.31,CHOP-UP,WATCH,0,
2017-09-22,9964.40,9953.94,9235.99,83.99,48.07,16.33,55.11,53.24,1.87,47.51,RANGE,,NEUTRAL,,-0.10,21.73,13.49,-1.86,CHOP-MID,STAND-ASIDE,0,
2017-09-25,9872.60,9953.55,9244.63,88.58,43.38,17.23,36.62,49.91,-13.29,41.28,RANGE,CROSS_DOWN,NEUTRAL,,-1.02,20.61,12.08,-2.76,CHOP-DOWN,STAND-ASIDE,0,
2017-09-26,9871.50,9953.26,9253.48,87.85,43.35,18.09,21.63,44.26,-22.63,41.21,RANGE,,NEUTRAL,,-1.03,20.59,12.48,-2.77,CHOP-DOWN,STAND-ASIDE,0,
2017-09-27,9735.75,9949.65,9260.93,96.34,39.20,19.60,-1.19,35.17,-36.36,33.66,RANGE,,NEUTRAL,,-2.39,18.93,10.92,-4.11,WEAK,NO-BUY,0,
2017-09-28,9768.95,9948.49,9268.46,96.72,38.53,21.18,-16.41,24.85,-41.26,36.72,RANGE,,NEUTRAL,,-2.06,19.34,10.17,-3.78,WEAK,NO-BUY,0,
2017-09-29,9788.60,9946.27,9276.55,95.88,38.28,21.69,-26.57,14.57,-41.14,38.52,RANGE,,NEUTRAL,,-1.86,19.58,10.84,-3.59,CHOP-DOWN,STAND-ASIDE,0,
2017-10-03,9859.50,9945.99,9284.74,96.66,38.71,21.61,-28.58,5.94,-34.52,44.65,RANGE,,NEUTRAL,,0.00,20.45,13.03,-2.89,CHOP-DOWN,STAND-ASIDE,0,
2017-10-04,9914.90,9945.99,9293.40,96.02,39.23,20.99,-25.41,-0.33,-25.08,48.94,RANGE,,NEUTRAL,,0.56,21.12,13.88,-2.35,CHOP-DOWN,STAND-ASIDE,0,
2017-10-05,9888.70,9944.43,9302.08,93.74,39.45,20.32,-24.72,-5.21,-19.51,47.08,RANGE,,NEUTRAL,,0.30,20.80,13.08,-2.60,CHOP-DOWN,STAND-ASIDE,0,
2017-10-06,9979.70,9944.73,9311.28,94.23,40.23,19.15,-16.65,-7.50,-9.15,53.66,RANGE,,NEUTRAL,,1.22,21.91,16.16,-1.71,CHOP-MID,STAND-ASIDE,0,
2017-10-09,9988.75,9944.10,9320.70,91.52,39.42,17.82,-9.41,-7.88,-1.53,54.26,RANGE,,NEUTRAL,,1.31,22.03,16.00,-1.62,CHOP-MID,STAND-ASIDE,0,
2017-10-10,10016.95,9944.02,9330.37,88.22,39.93,16.81,-1.38,-6.58,5.20,56.19,RANGE,CROSS_UP,NEUTRAL,,1.60,22.37,14.64,-1.34,CHOP-UP,WATCH,0,
2017-10-11,9984.80,9943.43,9339.99,89.88,42.88,15.93,2.36,-4.79,7.15,53.43,RANGE,,NEUTRAL,,1.27,21.98,13.86,-1.66,CHOP-UP,WATCH,0,
2017-10-12,10096.40,9943.82,9350.58,92.56,48.23,14.94,14.17,-1.00,15.17,60.67,RANGE,,NEUTRAL,,2.40,23.34,15.47,-0.56,CHOP-UP,WATCH,0,
2017-10-13,10167.45,9944.87,9361.49,92.77,39.09,14.99,28.93,4.99,23.94,64.46,RANGE,,NEUTRAL,,3.12,24.21,16.74,0.00,CHOP-UP,WATCH,0,
2017-10-16,10230.85,9947.86,9373.10,91.53,33.44,15.52,45.22,13.03,32.18,67.47,RANGE,,NEUTRAL,,3.77,24.98,17.63,0.00,CHOP-UP,WATCH,0,
2017-10-17,10234.45,9952.28,9384.11,87.80,31.71,16.09,57.75,21.98,35.78,67.64,RANGE,,NEUTRAL,,3.80,25.03,17.52,0.00,CHOP-UP,WATCH,0,
2017-10-18,10210.85,9955.16,9394.99,85.86,27.21,16.08,65.03,30.59,34.44,65.26,RANGE,,NEUTRAL,,3.56,24.74,19.10,-0.23,CHOP-UP,WATCH,0,
2017-10-19,10146.55,9956.95,9405.20,86.06,33.19,15.35,64.87,37.44,27.42,59.17,RANGE,,NEUTRAL,,2.91,23.95,18.21,-0.86,CHOP-UP,WATCH,0,
2017-10-23,10184.85,9961.07,9415.20,87.03,38.38,14.82,67.05,43.36,23.69,61.48,RANGE,,NEUTRAL,,3.30,24.42,19.53,-0.48,CHOP-UP,WATCH,0,
2017-10-24,10207.70,9967.07,9425.34,84.77,38.47,14.48,69.82,48.66,21.16,62.83,RANGE,,NEUTRAL,,3.53,24.70,17.63,-0.26,CHOP-UP,WATCH,0,
2017-10-25,10295.35,9976.57,9435.85,88.20,34.91,15.25,78.19,54.56,23.63,67.53,RANGE,,NEUTRAL,,4.42,25.77,18.90,0.00,CHOP-UP,WATCH,0,
2017-10-26,10343.80,9989.23,9446.62,87.89,36.36,16.11,87.72,61.19,26.52,69.80,RANGE,,NEUTRAL,,4.91,26.36,18.90,0.00,CHOP-UP,WATCH,0,
2017-10-27,10323.05,9999.81,9456.87,85.53,38.26,17.00,92.53,67.46,25.07,67.62,RANGE,,NEUTRAL,,4.70,26.11,18.75,-0.20,CHOP-UP,WATCH,0,
2017-10-30,10363.65,10009.13,9467.47,83.81,36.78,18.00,98.48,73.66,24.82,69.62,RANGE,,NEUTRAL,,5.11,26.61,19.00,0.00,CHOP-UP,WATCH,0,
2017-10-31,10335.30,10017.76,9477.96,80.95,36.73,18.57,99.76,78.88,20.88,66.53,RANGE,,NEUTRAL,,4.83,26.26,18.92,-0.27,CHOP-UP,WATCH,0,
2017-11-01,10440.50,10029.82,9488.72,83.47,33.04,19.88,108.02,84.71,23.31,71.58,RANGE,,OVERBOUGHT,,0.00,27.54,21.19,0.00,CHOP-UP,WATCH,0,
2017-11-02,10423.80,10043.21,9498.94,80.40,43.46,21.11,111.93,90.16,21.77,69.78,RANGE,,NEUTRAL,,-0.16,27.34,20.99,-0.16,STRONG-FLOW,BUY,0,
2017-11-03,10452.50,10056.95,9509.16,78.81,41.46,22.08,116.00,95.33,20.68,71.12,RANGE,,OVERBOUGHT,,0.11,27.69,21.01,0.00,STRONG-FLOW,BUY,0,
2017-11-06,10451.80,10068.93,9519.42,78.66,38.42,23.25,117.82,99.82,17.99,71.04,RANGE,,OVERBOUGHT,,0.11,27.68,21.16,-0.01,STRONG-FLOW,BUY,0,
2017-11-07,10350.15,10078.79,9529.11,83.39,42.18,22.97,109.79,101.82,7.97,60.08,RANGE,,NEUTRAL,,-0.87,26.44,21.57,-0.98,STRONG-FLOW,BUY,0,
2017-11-08,10303.15,10086.60,9538.63,84.49,43.45,21.84,98.50,101.15,-2.66,55.79,RANGE,CROSS_DOWN,NEUTRAL,,-1.32,25.87,21.43,-1.43,CHOP-MID,STAND-ASIDE,0,
2017-11-09,10308.95,10096.86,9548.09,85.70,43.99,20.51,88.99,98.72,-9.73,56.21,RANGE,,NEUTRAL,,-1.26,25.94,22.23,-1.37,CHOP-MID,STAND-ASIDE,0,
2017-11-10,10321.75,10105.61,9557.53,86.07,50.23,19.09,81.55,95.29,-13.74,57.17,RANGE,,NEUTRAL,,-1.14,26.09,21.47,-1.25,CHOP-MID,STAND-ASIDE,0,
2017-11-13,10224.95,10111.75,9566.90,88.35,56.63,18.23,67.07,89.64,-22.57,48.54,CHOP,,NEUTRAL,,-2.06,24.91,19.68,-2.18,CHOP-DOWN,STAND-ASIDE,0,
2017-11-14,10186.60,10115.99,9575.88,87.21,49.47,17.96,51.90,82.09,-30.19,45.60,RANGE,,NEUTRAL,,-2.43,24.44,20.81,-2.54,CHOP-DOWN,STAND-ASIDE,0,
2017-11-15,10118.05,10120.09,9584.09,87.60,41.03,18.61,33.96,72.47,-38.51,40.84,RANGE,,NEUTRAL,,-3.09,23.60,18.68,-3.20,CHOP-DOWN,STAND-ASIDE,0,
2017-11-16,10214.75,10125.35,9592.15,89.50,42.90,18.31,27.22,63.42,-36.19,48.94,RANGE,,NEUTRAL,,-2.16,24.79,23.12,-2.27,CHOP-DOWN,STAND-ASIDE,0,
2017-11-17,10283.60,10132.69,9600.36,92.31,44.92,17.40,27.13,56.16,-29.03,53.78,RANGE,,NEUTRAL,,-1.50,25.63,26.83,-1.62,CHOP-DOWN,STAND-ASIDE,0,
2017-11-20,10298.75,10140.07,9608.69,89.17,45.06,16.47,27.96,50.52,-22.56,54.80,RANGE,,NEUTRAL,,-1.36,25.81,26.96,-1.47,CHOP-DOWN,STAND-ASIDE,0,
2017-11-21,10326.90,10147.91,9617.52,87.08,43.38,16.16,30.53,46.52,-15.99,56.71,RANGE,,NEUTRAL,,-1.09,26.16,27.81,-1.20,CHOP-DOWN,STAND-ASIDE,0,
2017-11-22,10342.30,10154.64,9625.65,85.09,43.94,15.97,33.43,43.90,-10.47,57.76,RANGE,,NEUTRAL,,-0.94,26.34,28.09,-1.05,CHOP-MID,STAND-ASIDE,0,
2017-11-23,10348.75,10159.75,9633.72,83.79,44.21,15.87,35.83,42.29,-6.46,58.21,RANGE,,NEUTRAL,,-0.88,26.42,30.52,-0.99,CHOP-MID,STAND-ASIDE,0,
2017-11-24,10389.70,10165.96,9641.97,81.79,44.03,16.12,40.58,41.95,-1.37,61.09,RANGE,,NEUTRAL,,-0.49,26.92,29.83,-0.60,CHOP-UP,WATCH,0,
2017-11-27,10399.55,10172.22,9649.96,80.73,50.08,15.99,44.61,42.48,2.13,61.77,RANGE,CROSS_UP,NEUTRAL,,-0.39,27.04,29.46,-0.51,CHOP-UP,WATCH,0,
2017-11-28,10370.25,10177.92,9657.97,78.85,48.33,15.90,44.93,42.97,1.96,58.49,RANGE,,NEUTRAL,,-0.67,26.69,30.19,-0.79,CHOP-UP,WATCH,0,
2017-11-29,10361.30,10182.08,9665.93,76.57,46.46,15.64,43.96,43.17,0.79,57.48,RANGE,,NEUTRAL,,-0.76,26.58,27.69,-0.87,CHOP-UP,WATCH,0,
2017-11-30,10226.55,10183.66,9673.17,81.82,48.49,15.59,31.94,40.92,-8.98,44.96,RANGE,CROSS_DOWN,NEUTRAL,,-2.05,24.93,25.84,-2.16,CHOP-DOWN,STAND-ASIDE,0,
2017-12-01,10121.80,10183.27,9679.81,87.70,50.01,16.54,13.81,35.50,-21.69,38.02,RANGE,,NEUTRAL,,0.00,23.65,24.31,-3.16,CHOP-DOWN,STAND-ASIDE,0,
2017-12-04,10127.75,10183.39,9686.43,87.40,50.36,17.54,-0.08,28.38,-28.47,38.60,RANGE,,NEUTRAL,,0.06,23.72,23.14,-3.11,CHOP-DOWN,STAND-ASIDE,0,
2017-12-05,10118.25,10186.47,9693.06,86.79,47.04,18.70,-11.72,20.36,-32.08,37.99,RANGE,,NEUTRAL,,-0.04,23.61,23.50,-3.20,WEAK,NO-BUY,0,
2017-12-06,10044.10,10189.90,9699.65,86.66,42.30,20.07,-26.62,10.96,-37.59,33.53,RANGE,,NEUTRAL,,-0.77,22.70,24.20,-3.91,WEAK,NO-BUY,0,
2017-12-07,10166.70,10195.80,9706.60,90.36,42.62,20.07,-28.21,3.13,-31.34,45.02,RANGE,,NEUTRAL,,0.44,24.20,25.07,-2.73,CHOP-DOWN,STAND-ASIDE,0,
2017-12-08,10265.65,10206.40,9713.82,91.35,44.40,18.90,-21.25,-1.75,-19.50,52.20,RANGE,,NEUTRAL,,1.42,25.41,26.06,-1.79,CHOP-DOWN,STAND-ASIDE,0,
2017-12-11,10322.25,10217.46,9721.03,89.36,44.52,17.94,-11.03,-3.60,-7.43,55.76,RANGE,,NEUTRAL,,1.98,26.10,27.40,-1.25,CHOP-MID,STAND-ASIDE,0,
2017-12-12,10240.15,10226.50,9727.69,89.83,45.64,16.86,-9.45,-4.77,-4.68,49.95,RANGE,,NEUTRAL,,1.17,25.10,24.17,-2.03,CHOP-MID,STAND-ASIDE,0,
2017-12-13,10192.95,10233.17,9734.02,92.46,47.40,16.47,-11.87,-6.19,-5.68,46.92,RANGE,,NEUTRAL,,0.70,24.52,23.38,-2.48,CHOP-MID,STAND-ASIDE,0,
2017-12-14,10252.10,10239.91,9740.59,95.47,49.61,16.38,-8.91,-6.73,-2.17,50.94,RANGE,,NEUTRAL,,1.29,25.24,25.47,-1.92,CHOP-MID,STAND-ASIDE,0,
2017-12-15,10333.25,10248.80,9747.77,97.29,51.05,15.25,-0.02,-5.39,5.38,55.87,RANGE,CROSS_UP,NEUTRAL,,2.09,26.23,25.68,-1.14,CHOP-UP,WATCH,0,
2017-12-18,10388.75,10256.98,9755.31,116.68,55.22,16.07,11.38,-2.04,13.42,58.91,CHOP,,NEUTRAL,,2.64,26.91,26.96,-0.61,CHOP-UP,WATCH,0,
2017-12-19,10463.20,10266.47,9762.90,114.31,53.44,16.53,26.12,3.59,22.52,62.63,RANGE,,NEUTRAL,,3.37,27.82,28.33,0.00,CHOP-UP,WATCH,0,
2017-12-20,10444.20,10275.01,9770.62,110.24,49.56,16.73,35.85,10.05,25.80,61.11,RANGE,,NEUTRAL,,3.19,27.59,28.32,-0.18,CHOP-UP,WATCH,0,
2017-12-21,10440.30,10284.12,9778.34,105.72,46.86,16.98,42.76,16.59,26.17,60.78,RANGE,,NEUTRAL,,3.15,27.54,28.82,-0.22,CHOP-UP,WATCH,0,
2017-12-22,10493.00,10292.06,9785.98,102.51,45.77,16.91,51.88,23.65,28.24,63.61,RANGE,,NEUTRAL,,3.67,28.19,29.83,0.00,CHOP-UP,WATCH,0,
2017-12-26,10531.50,10299.34,9793.91,100.01,42.07,16.35,61.51,31.22,30.29,65.56,RANGE,,NEUTRAL,,4.05,28.66,30.64,0.00,CHOP-UP,WATCH,0,
2017-12-27,10490.75,10304.54,9801.74,98.81,43.66,15.90,65.11,38.00,27.11,61.78,RANGE,,NEUTRAL,,3.65,28.16,31.48,-0.39,CHOP-UP,WATCH,0,
2017-12-28,10477.90,10309.40,9809.49,97.04,43.06,15.58,66.16,43.63,22.53,60.60,RANGE,,NEUTRAL,,3.52,28.00,31.21,-0.51,CHOP-UP,WATCH,0,
2017-12-29,10530.70,10315.80,9817.48,94.46,41.94,15.22,70.44,48.99,21.45,63.68,RANGE,,NEUTRAL,,4.04,28.65,33.16,-0.01,CHOP-UP,WATCH,0,
2018-01-02,10442.20,10321.72,9824.25,96.71,43.54,15.72,65.93,52.38,13.55,55.80,RANGE,,NEUTRAL,,0.00,-0.84,29.99,-0.85,CHOP-UP,WATCH,0,
2018-01-03,10443.20,10326.88,9831.04,95.09,42.99,16.05,61.72,54.25,7.48,55.86,RANGE,,NEUTRAL,,0.01,-0.83,29.97,-0.84,CHOP-UP,WATCH,0,
2018-01-04,10504.80,10332.82,9837.80,93.41,41.56,16.23,62.64,55.93,6.71,59.87,RANGE,,NEUTRAL,,0.60,-0.25,29.63,-0.25,CHOP-UP,WATCH,0,
2018-01-05,10558.85,10338.09,9844.79,91.12,38.49,15.63,66.95,58.13,8.82,63.04,RANGE,,NEUTRAL,,1.12,0.27,28.99,0.00,CHOP-UP,WATCH,0,
2018-01-08,10623.60,10343.69,9852.28,89.78,32.39,14.77,74.74,61.45,13.29,66.46,RANGE,,NEUTRAL,,1.74,0.88,29.88,0.00,CHOP-UP,WATCH,0,
2018-01-09,10637.00,10349.97,9859.85,87.33,51.66,14.29,81.05,65.37,15.68,67.13,RANGE,,NEUTRAL,,1.87,1.01,29.84,0.00,CHOP-UP,WATCH,0,
2018-01-10,10632.20,10355.34,9867.86,85.58,50.87,13.69,84.69,69.24,15.46,66.62,RANGE,,NEUTRAL,,1.82,0.96,29.81,-0.05,CHOP-UP,WATCH,0,
2018-01-11,10651.20,10361.66,9875.69,83.20,49.87,13.26,88.10,73.01,15.09,67.68,RANGE,,NEUTRAL,,2.00,1.14,28.73,0.00,CHOP-UP,WATCH,0,
2018-01-12,10681.25,10366.47,9883.55,83.92,48.05,13.18,92.16,76.84,15.32,69.35,RANGE,,NEUTRAL,,2.29,1.43,29.57,0.00,CHOP-UP,WATCH,0,
2018-01-15,10741.55,10372.83,9892.04,85.17,38.93,14.10,99.10,81.29,17.81,72.42,RANGE,,OVERBOUGHT,,2.87,2.00,30.42,0.00,TOP-WARNING,NO-NEW,0,
2018-01-16,10700.45,10377.79,9900.03,84.41,39.18,14.55,100.13,85.06,15.07,67.46,RANGE,,NEUTRAL,,2.47,1.61,29.10,-0.38,CHOP-UP,WATCH,0,
2018-01-17,10788.55,10384.52,9908.26,88.11,39.04,15.37,106.82,89.41,17.41,71.90,RANGE,,OVERBOUGHT,,3.32,2.45,28.73,0.00,CHOP-UP,WATCH,0,
2018-01-18,10817.00,10393.86,9916.47,89.32,32.79,16.87,113.12,94.15,18.97,73.17,RANGE,,OVERBOUGHT,,3.59,2.72,28.66,0.00,TOP-WARNING,NO-NEW,0,
2018-01-19,10894.70,10405.69,9925.08,91.01,32.99,18.42,122.96,99.91,23.05,76.33,RANGE,,OVERBOUGHT,,4.33,3.46,29.69,0.00,TOP-WARNING,NO-NEW,0,
2018-01-22,10966.20,10418.83,9933.72,91.20,28.81,20.34,134.97,106.93,28.05,78.80,RANGE,,OVERBOUGHT,,5.02,4.14,30.35,0.00,TOP-WARNING,NO-NEW,0,
2018-01-23,11083.70,10434.07,9942.81,93.74,23.76,22.80,152.22,115.99,36.24,82.11,RANGE,,OVERBOUGHT,,6.14,5.25,31.98,0.00,TOP-WARNING,NO-NEW,0,
2018-01-24,11086.00,10451.30,9951.93,91.61,27.28,25.17,164.18,125.63,38.56,82.17,TREND UP,,OVERBOUGHT,,6.17,5.27,31.71,0.00,TOP-WARNING,NO-NEW,1,
2018-01-25,11069.65,10468.96,9961.29,91.24,32.73,26.73,170.38,134.58,35.80,80.16,TREND UP,,OVERBOUGHT,,6.01,5.12,31.23,-0.15,TOP-WARNING,NO-NEW,0,
2018-01-29,11130.40,10489.20,9971.03,92.00,29.68,28.60,178.14,143.29,34.85,81.93,TREND UP,,OVERBOUGHT,,6.59,5.69,33.31,0.00,TOP-WARNING,NO-NEW,0,
2018-01-30,11049.65,10505.90,9980.10,92.32,30.88,29.65,175.75,149.78,25.97,72.65,TREND UP,,OVERBOUGHT,,5.82,4.93,31.68,-0.73,TOP-WARNING,NO-NEW,0,
2018-01-31,11027.70,10520.78,9989.22,91.38,31.64,29.80,170.12,153.85,16.27,70.32,TREND UP,,OVERBOUGHT,,5.61,4.72,30.11,-0.92,ALL-ALIGN BULL,BUY,0,
2018-02-01,11016.90,10535.15,9998.55,101.90,36.63,28.64,162.91,155.66,7.25,69.14,TREND UP,,NEUTRAL,,0.00,4.62,28.06,-1.02,ALL-ALIGN BULL,BUY,0,Budget LTCG 10%
2018-02-02,10760.60,10543.82,10006.66,114.68,45.96,27.04,134.96,151.52,-16.56,48.45,TREND DOWN,CROSS_DOWN,NEUTRAL,,-2.33,2.18,24.53,-3.32,BEAR,AVOID,0,
2018-02-05,10666.55,10550.31,10014.46,118.90,41.97,26.66,104.02,142.02,-38.00,43.32,TREND DOWN,,NEUTRAL,,-3.18,1.29,23.56,-4.17,BEAR,AVOID,0,
2018-02-06,10498.25,10553.30,10021.44,138.28,32.05,27.82,65.17,126.65,-61.48,35.99,TREND DOWN,,NEUTRAL,,-4.71,-0.31,22.62,-5.68,BEAR,AVOID,0,
2018-02-07,10476.70,10555.04,10028.14,140.37,32.62,28.70,32.27,107.77,-75.51,35.16,TREND DOWN,,NEUTRAL,,-4.90,-0.51,20.20,-5.87,BEAR,AVOID,0,
2018-02-08,10576.85,10558.58,10035.43,141.86,33.61,29.29,14.11,89.04,-74.93,41.81,TREND DOWN,,NEUTRAL,,-3.99,0.44,21.10,-4.97,BEAR,AVOID,0,
2018-02-09,10454.95,10560.28,10041.61,144.48,34.74,30.19,-10.00,69.23,-79.23,36.86,TREND DOWN,,NEUTRAL,,-5.10,-0.72,19.61,-6.07,BEAR,AVOID,0,
2018-02-12,10539.75,10563.84,10047.78,141.35,34.85,30.30,-22.01,50.98,-72.99,42.00,TREND DOWN,,NEUTRAL,,-4.33,0.09,19.76,-5.31,BEAR,AVOID,0,
2018-02-14,10500.90,10569.33,10053.52,140.81,34.97,30.07,-34.27,33.93,-68.20,40.38,TREND DOWN,,NEUTRAL,,-4.68,-0.28,19.76,-5.66,BEAR,AVOID,0,
2018-02-15,10545.50,10577.81,10059.54,139.13,35.86,29.59,-39.92,19.16,-59.09,43.10,TREND DOWN,,NEUTRAL,,-4.28,0.14,20.26,-5.25,BEAR,AVOID,0,
2018-02-16,10452.30,10584.30,10065.28,141.96,37.35,29.59,-51.33,5.06,-56.40,39.09,TREND DOWN,,NEUTRAL,,-5.12,-0.74,19.07,-6.09,BEAR,AVOID,0,
2018-02-19,10378.40,10589.50,10070.60,145.15,40.86,30.22,-65.58,-9.07,-56.52,36.21,TREND DOWN,,NEUTRAL,,-5.80,-1.45,18.02,-6.76,BEAR,AVOID,0,
2018-02-20,10360.40,10595.83,10075.84,140.62,40.80,30.81,-77.44,-22.74,-54.70,35.52,TREND DOWN,,NEUTRAL,,-5.96,-1.62,17.66,-6.92,BEAR,AVOID,0,
2018-02-21,10397.45,10600.44,10081.03,136.04,40.76,31.36,-82.89,-34.77,-48.12,38.12,TREND DOWN,,NEUTRAL,,-5.62,-1.27,18.26,-6.59,BEAR,AVOID,0,
2018-02-22,10382.70,10602.78,10086.52,130.39,45.99,31.92,-87.39,-45.29,-42.09,37.47,TREND DOWN,,NEUTRAL,,-5.76,-1.41,19.00,-6.72,BEAR,AVOID,0,
2018-02-23,10491.05,10606.16,10092.40,129.39,60.77,31.28,-81.27,-52.49,-28.79,44.88,TREND DOWN,,NEUTRAL,,-4.77,-0.38,19.52,-5.74,BEAR,AVOID,0,
2018-02-26,10582.60,10613.01,10098.73,127.42,65.72,29.78,-68.26,-55.64,-12.61,50.25,TREND DOWN,,NEUTRAL,,-3.94,0.49,19.96,-4.92,BEAR,AVOID,0,
2018-02-27,10554.30,10620.23,10104.47,125.07,62.69,28.05,-59.54,-56.42,-3.11,48.67,TREND DOWN,,NEUTRAL,,-4.20,0.22,18.87,-5.18,BEAR,AVOID,0,
2018-02-28,10492.85,10625.05,10109.82,122.76,61.03,27.01,-56.93,-56.52,-0.41,45.34,TREND DOWN,,NEUTRAL,,-4.76,-0.36,17.79,-5.73,BEAR,AVOID,0,
2018-03-01,10458.35,10627.55,10115.11,119.59,59.82,26.14,-56.99,-56.62,-0.37,43.54,TREND DOWN,,NEUTRAL,,0.00,-0.69,17.16,-6.04,BEAR,AVOID,0,
2018-03-05,10358.85,10626.95,10119.67,120.65,58.75,26.17,-64.32,-58.16,-6.17,38.76,TREND DOWN,,NEUTRAL,,-0.95,-1.63,15.88,-6.93,BEAR,AVOID,0,
2018-03-06,10249.25,10622.67,10123.36,128.13,52.81,26.79,-78.08,-62.14,-15.94,34.30,TREND DOWN,,NEUTRAL,,-2.00,-2.67,15.20,-7.92,PANIC,NO-TOUCH,0,
2018-03-07,10154.20,10616.87,10126.50,126.67,45.98,27.73,-95.55,-68.82,-26.73,30.97,TREND DOWN,,NEUTRAL,,-2.91,-3.58,14.35,-8.77,PANIC,NO-TOUCH,0,
2018-03-08,10242.65,10612.92,10130.57,126.48,46.13,28.30,-101.09,-75.28,-25.82,37.09,TREND DOWN,,NEUTRAL,,-2.06,-2.74,14.50,-7.98,BEAR,AVOID,0,
2018-03-09,10226.85,10607.60,10134.56,123.50,43.92,28.54,-105.54,-81.33,-24.21,36.47,TREND DOWN,,NEUTRAL,,-2.21,-2.89,14.91,-8.12,BEAR,AVOID,0,
2018-03-12,10421.40,10605.40,10139.48,129.45,44.40,27.41,-92.31,-83.53,-8.78,48.03,TREND DOWN,,NEUTRAL,,-0.35,-1.04,17.13,-6.37,BEAR,AVOID,0,
2018-03-13,10426.85,10604.12,10144.68,127.40,44.86,25.98,-80.45,-82.91,2.46,48.31,TREND DOWN,CROSS_UP,NEUTRAL,,-0.30,-0.99,16.33,-6.32,BEAR,AVOID,0,
2018-03-14,10410.90,10602.78,10149.93,124.77,45.19,24.94,-71.52,-80.63,9.11,47.50,RANGE,,NEUTRAL,,-0.45,-1.14,16.36,-6.46,CHOP-MID,STAND-ASIDE,0,
2018-03-15,10360.15,10599.37,10154.19,121.13,45.58,23.99,-67.75,-78.06,10.30,44.89,RANGE,,NEUTRAL,,-0.94,-1.62,16.09,-6.92,CHOP-DOWN,STAND-ASIDE,0,
2018-03-16,10195.15,10594.43,10157.19,125.33,47.03,24.21,-77.19,-77.88,0.69,37.67,RANGE,,NEUTRAL,,-2.52,-3.19,14.21,-8.40,WEAK,NO-BUY,0,
2018-03-19,10094.25,10587.45,10159.63,127.04,43.27,24.97,-91.76,-80.66,-11.10,34.06,RANGE,CROSS_DOWN,NEUTRAL,,-3.48,-4.14,12.98,-9.31,WEAK,NO-BUY,0,
2018-03-20,10124.35,10579.84,10162.13,125.57,48.62,25.81,-99.72,-84.47,-15.25,36.03,TREND DOWN,,NEUTRAL,,-3.19,-3.86,11.42,-9.04,BEAR,AVOID,0,
2018-03-21,10155.25,10571.77,10164.80,123.96,49.63,25.84,-102.36,-88.05,-14.31,38.07,TREND DOWN,,NEUTRAL,,-2.90,-3.57,11.78,-8.76,BEAR,AVOID,0,
2018-03-22,10114.75,10561.59,10167.30,122.42,54.07,26.03,-106.49,-91.74,-14.76,36.43,TREND DOWN,,NEUTRAL,,-3.29,-3.95,10.50,-9.13,BEAR,AVOID,0,
2018-03-23,9998.05,10548.81,10169.02,125.31,46.94,27.00,-117.83,-96.96,-20.87,32.12,TREND DOWN,,NEUTRAL,BULL_DIV,-4.40,-5.06,9.15,-10.17,PANIC,NO-TOUCH,0,
2018-03-26,10130.65,10538.78,10171.30,129.57,46.08,26.79,-114.78,-100.52,-14.26,40.70,TREND DOWN,,NEUTRAL,,-3.13,-3.80,11.00,-8.98,BEAR,AVOID,0,
2018-03-27,10184.15,10529.44,10174.03,125.83,45.43,26.04,-106.83,-101.78,-5.04,43.78,TREND DOWN,,NEUTRAL,,-2.62,-3.29,11.65,-8.50,BEAR,AVOID,0,
2018-03-28,10113.70,10518.09,10176.28,123.08,44.62,25.59,-104.99,-102.42,-2.57,40.78,TREND DOWN,,NEUTRAL,,-3.30,-3.96,12.00,-9.13,BEAR,AVOID,0,
2018-04-02,10211.80,10507.49,10179.10,121.88,45.10,24.65,-94.53,-100.85,6.31,46.31,RANGE,CROSS_UP,NEUTRAL,,0.00,-3.03,12.39,-8.25,CHOP-MID,STAND-ASIDE,0,
2018-04-03,10245.00,10498.38,10181.99,119.20,42.32,23.47,-82.62,-97.20,14.59,48.08,RANGE,,NEUTRAL,,0.33,-2.71,12.48,-7.95,CHOP-MID,STAND-ASIDE,0,
2018-04-04,10128.40,10485.18,10184.55,122.72,48.33,22.79,-81.64,-94.09,12.45,42.75,RANGE,,NEUTRAL,,-0.82,-3.82,11.98,-9.00,CHOP-DOWN,STAND-ASIDE,0,
2018-04-05,10325.15,10475.34,10188.14,128.49,50.82,21.71,-64.24,-88.12,23.87,52.34,RANGE,,NEUTRAL,,1.11,-1.95,13.45,-7.23,CHOP-UP,WATCH,0,
2018-04-06,10331.60,10464.08,10191.70,123.57,56.61,20.54,-49.37,-80.37,31.00,52.62,CHOP,,NEUTRAL,,1.17,-1.89,12.99,-7.18,CHOP-UP,WATCH,0,
2018-04-09,10379.35,10452.34,10195.71,119.68,49.93,19.10,-33.35,-70.96,37.62,54.74,RANGE,,NEUTRAL,,1.64,-1.44,13.14,-6.75,CHOP-UP,WATCH,0,
2018-04-10,10402.25,10438.71,10199.78,114.38,45.25,18.00,-18.59,-60.49,41.90,55.77,RANGE,,NEUTRAL,,1.87,-1.22,13.39,-6.54,CHOP-UP,WATCH,0,
2018-04-11,10417.15,10425.34,10203.58,111.40,44.15,16.74,-5.62,-49.51,43.90,56.46,RANGE,,NEUTRAL,,2.01,-1.08,12.77,-6.41,CHOP-UP,WATCH,0,
2018-04-12,10458.65,10413.12,10207.61,108.77,40.26,15.94,7.91,-38.03,45.94,58.40,RANGE,,NEUTRAL,,2.42,-0.68,12.88,-6.04,CHOP-UP,WATCH,0,
2018-04-13,10480.60,10400.12,10211.84,105.89,35.90,15.64,20.18,-26.39,46.57,59.43,RANGE,,NEUTRAL,,2.63,-0.48,13.16,-5.84,CHOP-UP,WATCH,0,
2018-04-16,10528.35,10389.70,10216.33,108.60,34.51,14.79,33.36,-14.44,47.80,61.66,RANGE,,NEUTRAL,,3.10,-0.02,14.46,-5.41,CHOP-UP,WATCH,0,
2018-04-17,10548.70,10380.12,10221.20,105.47,39.82,14.19,44.94,-2.56,47.50,62.61,RANGE,,NEUTRAL,,3.30,0.17,14.89,-5.23,CHOP-UP,WATCH,0,
2018-04-18,10526.20,10370.30,10226.28,103.97,37.36,13.95,51.70,8.29,43.41,60.82,RANGE,,NEUTRAL,,3.08,-0.04,13.96,-5.43,CHOP-UP,WATCH,0,
2018-04-19,10565.30,10366.40,10231.65,99.83,37.28,13.73,59.53,18.54,40.99,62.81,RANGE,,NEUTRAL,,3.46,0.33,14.80,-5.08,CHOP-UP,WATCH,0,
2018-04-20,10564.05,10364.35,10236.95,96.62,35.74,13.28,64.88,27.81,37.08,62.70,RANGE,,NEUTRAL,,3.45,0.32,15.44,-5.09,CHOP-UP,WATCH,0,
2018-04-23,10584.70,10366.07,10242.26,98.54,33.60,13.44,69.99,36.24,33.74,63.81,RANGE,,NEUTRAL,,3.65,0.51,15.82,-4.90,CHOP-UP,WATCH,0,
2018-04-24,10614.35,10368.83,10247.26,96.34,39.93,13.59,75.55,44.11,31.45,65.42,RANGE,,NEUTRAL,,3.94,0.79,16.58,-4.64,CHOP-UP,WATCH,0,
2018-04-25,10570.55,10368.70,10252.05,95.02,42.01,13.27,75.56,50.40,25.16,61.11,RANGE,,NEUTRAL,,3.51,0.38,16.12,-5.03,CHOP-UP,WATCH,0,
2018-04-26,10617.80,10371.96,10256.95,93.15,46.68,13.16,78.47,56.01,22.46,63.87,RANGE,,NEUTRAL,,3.98,0.83,16.21,-4.61,CHOP-UP,WATCH,0,
2018-04-27,10692.30,10375.01,10262.04,93.78,41.71,13.99,85.80,61.97,23.83,67.76,RANGE,,NEUTRAL,,4.71,1.53,17.25,-3.94,CHOP-UP,WATCH,0,
2018-04-30,10739.35,10379.78,10267.40,91.84,38.57,15.10,94.32,68.44,25.88,69.96,RANGE,,NEUTRAL,,5.17,1.98,16.50,-3.51,CHOP-UP,WATCH,0,
2018-05-02,10718.05,10383.23,10272.14,92.06,40.65,16.35,98.22,74.40,23.83,67.71,RANGE,,NEUTRAL,,0.00,1.78,15.17,-3.70,CHOP-UP,WATCH,0,
2018-05-03,10679.65,10387.78,10276.61,90.71,40.71,16.84,97.09,78.94,18.16,63.73,RANGE,,NEUTRAL,,-0.36,1.41,14.20,-4.05,CHOP-UP,WATCH,0,
2018-05-04,10618.25,10392.57,10280.62,91.29,41.71,16.62,90.21,81.19,9.02,57.87,RANGE,,NEUTRAL,,-0.93,0.83,13.66,-4.60,CHOP-UP,WATCH,0,
2018-05-07,10715.50,10399.67,10284.74,92.44,51.70,16.68,91.54,83.26,8.28,63.58,RANGE,,NEUTRAL,,-0.02,1.75,15.17,-3.73,CHOP-UP,WATCH,0,
2018-05-08,10717.80,10406.08,10288.89,90.78,53.74,17.07,91.73,84.95,6.77,63.71,RANGE,,NEUTRAL,,-0.00,1.78,15.07,-3.71,CHOP-UP,WATCH,0,
2018-05-09,10741.70,10413.26,10293.02,89.75,54.19,17.52,92.73,86.51,6.22,65.05,RANGE,,NEUTRAL,,0.22,2.00,15.35,-3.49,CHOP-UP,WATCH,0,
2018-05-10,10716.55,10417.77,10297.47,89.09,55.21,18.14,90.46,87.30,3.16,62.43,CHOP,,NEUTRAL,,-0.01,1.76,14.49,-3.72,CHOP-UP,WATCH,0,
2018-05-11,10806.50,10422.25,10302.01,89.55,52.97,18.99,94.82,88.80,6.02,67.48,RANGE,,NEUTRAL,,0.83,2.62,16.38,-2.91,CHOP-UP,WATCH,0,
2018-05-14,10806.60,10427.30,10306.67,87.45,50.76,20.00,97.17,90.48,6.69,67.49,RANGE,,NEUTRAL,BEAR_DIV,0.83,2.62,16.02,-2.91,TOP-WARNING,NO-NEW,0,
2018-05-15,10801.85,10433.48,10311.10,91.76,42.92,21.76,97.52,91.88,5.63,66.93,RANGE,,NEUTRAL,,0.78,2.57,15.94,-2.95,STRONG-FLOW,BUY,0,
2018-05-16,10741.10,10439.13,10314.98,92.50,45.97,21.98,91.83,91.87,-0.04,60.17,RANGE,CROSS_DOWN,NEUTRAL,,0.22,2.00,14.18,-3.50,CHOP-UP,WATCH,0,
2018-05-17,10682.70,10445.61,10318.57,93.95,51.86,21.64,81.68,89.83,-8.16,54.46,RANGE,,NEUTRAL,,-0.33,1.44,13.38,-4.02,CHOP-MID,STAND-ASIDE,0,
2018-05-18,10596.40,10452.55,10321.45,93.92,50.19,20.32,65.90,85.05,-19.14,47.33,RANGE,,NEUTRAL,,-1.13,0.62,12.72,-4.80,CHOP-DOWN,STAND-ASIDE,0,
2018-05-21,10516.70,10459.80,10323.93,95.49,43.32,19.57,46.44,77.33,-30.89,41.87,RANGE,,NEUTRAL,,-1.88,-0.13,11.34,-5.51,CHOP-DOWN,STAND-ASIDE,0,
2018-05-22,10536.70,10465.68,10326.54,93.53,41.21,19.04,32.25,68.31,-36.06,43.63,RANGE,,NEUTRAL,,-1.69,0.06,10.77,-5.33,CHOP-DOWN,STAND-ASIDE,0,
2018-05-23,10430.35,10469.75,10328.31,95.34,36.70,19.23,12.29,57.11,-44.82,37.19,RANGE,,NEUTRAL,,-2.68,-0.95,9.50,-6.29,WEAK,NO-BUY,0,
2018-05-24,10513.85,10471.60,10330.30,96.77,37.16,19.39,3.17,46.32,-43.15,44.16,RANGE,,NEUTRAL,,-1.91,-0.16,11.50,-5.54,CHOP-DOWN,STAND-ASIDE,0,
2018-05-25,10605.15,10475.17,10332.92,98.02,37.35,18.32,3.27,37.71,-34.44,50.61,RANGE,,NEUTRAL,,-1.05,0.71,12.49,-4.72,CHOP-DOWN,STAND-ASIDE,0,
2018-05-28,10688.65,10480.72,10336.29,98.49,38.32,17.58,9.97,32.16,-22.19,55.65,RANGE,,NEUTRAL,,-0.27,1.50,13.25,-3.97,CHOP-DOWN,STAND-ASIDE,0,
2018-05-29,10633.30,10486.18,10339.13,98.68,38.98,16.60,10.69,27.87,-17.17,51.87,RANGE,,NEUTRAL,,-0.79,0.97,13.29,-4.47,CHOP-DOWN,STAND-ASIDE,0,
2018-05-30,10614.35,10494.57,10341.91,98.08,39.24,15.76,9.62,24.22,-14.59,50.60,RANGE,,NEUTRAL,,-0.97,0.79,13.39,-4.64,CHOP-MID,STAND-ASIDE,0,
2018-05-31,10736.15,10507.41,10345.70,101.75,40.63,15.44,18.39,23.05,-4.66,57.75,RANGE,,NEUTRAL,,0.17,1.95,12.90,-3.54,CHOP-MID,STAND-ASIDE,0,
2018-06-01,10696.20,10518.84,10349.64,100.43,41.21,15.16,21.87,22.82,-0.95,54.94,RANGE,,NEUTRAL,,0.00,1.57,11.48,-3.90,CHOP-MID,STAND-ASIDE,0,
2018-06-04,10628.50,10528.31,10353.68,104.11,53.31,14.18,18.94,22.04,-3.10,50.46,RANGE,,NEUTRAL,,-0.63,0.93,10.66,-4.51,CHOP-MID,STAND-ASIDE,0,
2018-06-05,10593.15,10537.88,10358.10,102.55,54.18,13.74,13.61,20.36,-6.74,48.25,RANGE,,NEUTRAL,,-0.96,0.59,10.06,-4.83,CHOP-MID,STAND-ASIDE,0,
2018-06-06,10684.65,10551.61,10362.55,103.14,54.87,12.87,16.58,19.60,-3.02,53.89,RANGE,,NEUTRAL,,-0.11,1.46,11.05,-4.00,CHOP-MID,STAND-ASIDE,0,
2018-06-07,10768.35,10564.36,10366.90,105.30,51.05,13.10,25.39,20.76,4.64,58.35,RANGE,CROSS_UP,NEUTRAL,,0.67,2.26,11.98,-3.25,CHOP-UP,WATCH,0,
2018-06-08,10767.65,10576.03,10371.22,102.80,49.91,13.18,31.96,23.00,8.96,58.30,RANGE,,NEUTRAL,,0.67,2.25,11.54,-3.26,CHOP-UP,WATCH,0,
2018-06-11,10786.95,10589.50,10375.97,101.38,47.33,13.81,38.27,26.05,12.22,59.35,RANGE,,NEUTRAL,,0.85,2.43,11.49,-3.09,CHOP-UP,WATCH,0,
2018-06-12,10842.85,10602.12,10381.41,99.11,45.72,14.44,47.24,30.29,16.95,62.32,RANGE,,NEUTRAL,,1.37,2.96,12.51,-2.58,CHOP-UP,WATCH,0,
2018-06-13,10856.70,10614.35,10386.87,95.65,50.36,15.31,54.84,35.20,19.64,63.04,RANGE,,NEUTRAL,BEAR_DIV,1.50,3.10,12.34,-2.46,TOP-WARNING,NO-NEW,0,
2018-06-14,10808.05,10627.95,10391.64,94.75,52.37,15.26,56.28,39.42,16.86,58.79,RANGE,,NEUTRAL,,1.05,2.63,12.03,-2.90,CHOP-UP,WATCH,0,
2018-06-15,10817.70,10637.80,10396.45,93.60,51.64,15.00,57.54,43.04,14.50,59.38,RANGE,,NEUTRAL,,1.14,2.73,11.89,-2.81,CHOP-UP,WATCH,0,
2018-06-18,10799.85,10647.16,10400.88,89.98,49.96,14.76,56.45,45.72,10.73,57.74,RANGE,,NEUTRAL,,0.97,2.56,12.31,-2.97,CHOP-UP,WATCH,0,
2018-06-19,10710.45,10653.78,10405.46,90.60,50.20,13.87,47.82,46.14,1.68,50.29,RANGE,,NEUTRAL,,0.13,1.71,11.49,-3.77,CHOP-MID,STAND-ASIDE,0,
2018-06-20,10772.05,10661.18,10409.89,89.22,47.83,13.05,45.43,46.00,-0.57,54.64,RANGE,CROSS_DOWN,NEUTRAL,,0.71,2.29,12.00,-3.22,CHOP-MID,STAND-ASIDE,0,
2018-06-21,10741.10,10667.66,10414.01,88.83,47.85,12.28,40.56,44.91,-4.35,52.17,RANGE,,NEUTRAL,,0.42,2.00,12.14,-3.50,CHOP-MID,STAND-ASIDE,0,
2018-06-22,10821.85,10674.92,10418.25,91.52,47.04,11.88,42.73,44.48,-1.74,57.55,RANGE,,NEUTRAL,,1.17,2.76,12.87,-2.77,CHOP-MID,STAND-ASIDE,0,
2018-06-25,10762.45,10680.56,10422.49,90.55,51.19,11.51,39.21,43.42,-4.21,52.84,RANGE,,NEUTRAL,,0.62,2.20,11.44,-3.31,CHOP-MID,STAND-ASIDE,0,
2018-06-26,10769.15,10685.38,10426.58,89.28,67.57,10.87,36.54,42.05,-5.51,53.31,CHOP,,NEUTRAL,,0.68,2.26,11.56,-3.25,CHOP-MID,STAND-ASIDE,0,
2018-06-27,10671.40,10687.83,10430.36,92.41,58.98,10.92,26.23,38.88,-12.66,46.16,CHOP,,NEUTRAL,,-0.23,1.34,10.77,-4.12,CHOP-MID,STAND-ASIDE,0,
2018-06-28,10589.10,10689.09,10433.65,94.13,47.91,11.90,11.29,33.36,-22.08,41.16,RANGE,,NEUTRAL,,-1.00,0.55,9.96,-4.86,CHOP-DOWN,STAND-ASIDE,0,
2018-06-29,10714.30,10692.07,10437.55,96.97,49.51,12.13,9.44,28.58,-19.14,50.03,RANGE,,NEUTRAL,,0.17,1.74,11.90,-3.74,CHOP-DOWN,STAND-ASIDE,0,
2018-07-02,10657.30,10693.93,10440.81,99.44,51.35,12.17,3.34,23.53,-20.19,46.59,RANGE,,NEUTRAL,,0.00,1.20,12.05,-4.25,CHOP-DOWN,STAND-ASIDE,0,
2018-07-03,10699.90,10696.24,10443.84,98.27,59.24,12.21,1.92,19.21,-17.29,49.39,CHOP,,NEUTRAL,,0.40,1.61,12.73,-3.87,CHOP-DOWN,STAND-ASIDE,0,
2018-07-04,10769.90,10699.35,10447.29,98.35,59.70,11.36,6.37,16.64,-10.27,53.69,CHOP,,NEUTRAL,,1.06,2.27,13.32,-3.24,CHOP-MID,STAND-ASIDE,0,
2018-07-05,10749.75,10702.93,10450.61,95.60,59.17,10.64,8.17,14.94,-6.77,52.31,CHOP,,NEUTRAL,,0.87,2.08,12.91,-3.42,CHOP-MID,STAND-ASIDE,0,
2018-07-06,10772.65,10706.03,10454.04,94.58,60.25,10.36,11.32,14.22,-2.90,53.77,CHOP,,NEUTRAL,,1.08,2.30,12.04,-3.21,CHOP-MID,STAND-ASIDE,0,
2018-07-09,10852.90,10709.24,10457.54,94.08,56.90,10.63,20.06,15.39,4.67,58.53,CHOP,CROSS_UP,NEUTRAL,,1.84,3.06,12.89,-2.49,CHOP-UP,WATCH,0,
2018-07-10,10947.25,10713.40,10461.54,94.79,47.31,11.86,34.21,19.15,15.05,63.32,RANGE,,NEUTRAL,,2.72,3.96,13.59,-1.65,CHOP-UP,WATCH,0,
2018-07-11,10948.30,10718.00,10465.58,91.85,44.65,13.18,44.98,24.32,20.66,63.37,RANGE,,NEUTRAL,,2.73,3.97,13.17,-1.64,CHOP-UP,WATCH,0,
2018-07-12,11023.20,10724.88,10470.08,94.58,36.52,15.18,58.89,31.23,27.66,66.89,RANGE,,NEUTRAL,,3.43,4.68,14.04,-0.96,CHOP-UP,WATCH,0,
2018-07-13,11018.90,10732.89,10475.36,92.94,36.34,17.05,68.77,38.74,30.03,66.49,RANGE,,NEUTRAL,,3.39,4.64,12.77,-1.00,CHOP-UP,WATCH,0,
2018-07-16,10936.85,10737.32,10480.68,92.96,36.91,17.60,69.18,44.83,24.35,59.30,RANGE,,NEUTRAL,,2.62,3.86,11.76,-1.74,CHOP-UP,WATCH,0,
2018-07-17,11008.05,10743.12,10486.36,92.96,35.79,18.10,74.39,50.74,23.65,63.04,RANGE,,NEUTRAL,,3.29,4.53,12.14,-1.10,CHOP-UP,WATCH,0,
2018-07-18,10980.45,10747.90,10492.58,94.88,39.46,19.09,75.43,55.68,19.75,60.71,RANGE,,NEUTRAL,,3.03,4.27,11.01,-1.35,CHOP-UP,WATCH,0,
2018-07-19,10957.10,10752.71,10498.53,93.18,37.64,19.66,73.52,59.25,14.27,58.74,RANGE,,NEUTRAL,,2.81,4.05,10.83,-1.56,CHOP-UP,WATCH,0,
2018-07-20,11010.20,10756.78,10504.63,92.53,38.32,20.41,75.42,62.48,12.94,61.78,RANGE,,NEUTRAL,,3.31,4.55,11.04,-1.08,STRONG-FLOW,BUY,0,
2018-07-23,11084.75,10762.34,10510.76,91.86,41.17,21.65,82.00,66.38,15.61,65.62,RANGE,,NEUTRAL,,4.01,5.26,12.80,-0.41,STRONG-FLOW,BUY,0,
2018-07-24,11134.30,10768.99,10516.86,89.49,39.75,23.18,90.17,71.14,19.03,67.92,RANGE,,NEUTRAL,,4.48,5.73,12.47,0.00,STRONG-FLOW,BUY,0,
2018-07-25,11132.00,10776.81,10523.07,86.23,38.80,24.69,95.36,75.98,19.37,67.69,RANGE,,NEUTRAL,,4.45,5.71,12.75,-0.02,STRONG-FLOW,BUY,0,
2018-07-26,11167.30,10786.50,10529.01,84.37,42.22,26.31,101.15,81.02,20.14,69.38,TREND UP,,NEUTRAL,,4.79,6.05,12.63,0.00,ALL-ALIGN BULL,BUY,1,
2018-07-27,11278.35,10800.14,10535.46,86.64,40.44,28.41,113.40,87.49,25.91,73.99,TREND UP,,OVERBOUGHT,,5.83,7.10,13.16,0.00,TOP-WARNING,NO-NEW,0,
2018-07-30,11319.55,10816.20,10541.97,85.21,39.37,30.59,124.99,94.99,30.00,75.47,TREND UP,,OVERBOUGHT,,6.21,7.49,13.60,0.00,TOP-WARNING,NO-NEW,0,
2018-07-31,11356.50,10832.59,10548.83,86.14,37.65,32.80,135.59,103.11,32.48,76.74,TREND UP,,OVERBOUGHT,,6.56,7.84,13.33,0.00,TOP-WARNING,NO-NEW,0,
2018-08-01,11346.20,10850.91,10555.08,85.49,33.87,34.97,141.54,110.80,30.74,75.56,TREND UP,,OVERBOUGHT,,0.00,7.74,13.23,-0.09,TOP-WARNING,NO-NEW,0,
2018-08-02,11244.70,10865.53,10560.47,87.33,35.17,35.51,136.48,115.93,20.54,64.98,TREND UP,,NEUTRAL,,-0.89,6.78,12.28,-0.98,ALL-ALIGN BULL,BUY,0,
2018-08-03,11360.80,10880.64,10566.12,89.90,36.13,36.28,140.22,120.79,19.43,70.13,TREND UP,,OVERBOUGHT,,0.13,7.88,12.74,0.00,ALL-ALIGN BULL,BUY,0,
2018-08-06,11387.10,10894.61,10571.88,88.25,33.14,37.35,143.66,125.37,18.29,71.17,TREND UP,,OVERBOUGHT,,0.36,8.13,12.58,0.00,ALL-ALIGN BULL,BUY,0,
2018-08-07,11389.45,10909.73,10577.77,86.89,31.38,38.15,144.90,129.27,15.63,71.26,TREND UP,,OVERBOUGHT,,0.38,8.15,12.97,0.00,ALL-ALIGN BULL,BUY,0,
2018-08-08,11450.00,10926.45,10584.29,86.45,30.18,39.08,149.05,133.23,15.82,73.69,TREND UP,,OVERBOUGHT,,0.91,8.73,14.34,0.00,TOP-WARNING,NO-NEW,0,
2018-08-09,11470.70,10941.14,10590.72,83.50,31.10,40.16,152.26,137.03,15.22,74.48,TREND UP,,OVERBOUGHT,,1.10,8.93,13.95,0.00,TOP-WARNING,NO-NEW,0,
2018-08-10,11429.50,10955.80,10596.83,81.76,37.25,40.50,149.75,139.58,10.17,69.96,TREND UP,,NEUTRAL,,0.73,8.54,13.64,-0.36,ALL-ALIGN BULL,BUY,0,
2018-08-13,11355.75,10970.35,10602.13,82.29,40.32,39.48,140.19,139.70,0.49,62.63,TREND UP,,NEUTRAL,,0.08,7.83,13.80,-1.00,ALL-ALIGN BULL,BUY,0,
2018-08-14,11435.10,10987.19,10607.59,83.32,43.34,38.92,137.43,139.25,-1.81,66.68,TREND UP,CROSS_DOWN,NEUTRAL,,0.78,8.59,15.41,-0.31,ALL-ALIGN BULL,BUY,0,
2018-08-16,11385.05,11001.19,10612.90,83.34,53.94,38.33,129.72,137.34,-7.62,62.11,TREND UP,,NEUTRAL,,0.34,8.11,15.93,-0.75,ALL-ALIGN BULL,BUY,0,
2018-08-17,11470.75,11015.24,10618.43,84.63,56.90,38.10,129.03,135.68,-6.65,66.36,TREND UP,,NEUTRAL,,1.10,8.93,18.12,0.00,ALL-ALIGN BULL,BUY,0,
2018-08-20,11551.75,11030.92,10624.51,85.34,48.76,38.49,133.48,135.24,-1.76,69.81,TREND UP,,NEUTRAL,,1.81,9.70,17.95,0.00,ALL-ALIGN BULL,BUY,0,
2018-08-21,11570.90,11046.60,10630.17,82.25,45.10,38.96,136.98,135.59,1.39,70.57,TREND UP,CROSS_UP,OVERBOUGHT,,1.98,9.88,16.91,0.00,ALL-ALIGN BULL,BUY,0,
2018-08-23,11582.75,11061.40,10635.96,81.66,40.97,39.66,139.10,136.29,2.81,71.06,TREND UP,,OVERBOUGHT,,2.08,9.99,16.95,0.00,ALL-ALIGN BULL,BUY,0,
2018-08-24,11557.10,11075.41,10641.48,81.02,46.02,40.03,137.13,136.46,0.67,68.41,TREND UP,,NEUTRAL,,1.86,9.75,17.48,-0.22,ALL-ALIGN BULL,BUY,0,
2018-08-27,11691.95,11093.09,10647.68,85.50,42.91,41.00,144.78,138.12,6.66,73.93,TREND UP,,OVERBOUGHT,,3.05,11.03,19.86,0.00,TOP-WARNING,NO-NEW,0,
2018-08-28,11738.50,11111.50,10654.63,84.27,37.19,42.21,152.84,141.07,11.77,75.51,TREND UP,,OVERBOUGHT,,3.46,11.47,20.20,0.00,TOP-WARNING,NO-NEW,0,
2018-08-29,11691.90,11129.34,10661.57,83.56,37.36,42.75,153.69,143.59,10.10,70.86,TREND UP,,OVERBOUGHT,,3.05,11.03,18.67,-0.40,ALL-ALIGN BULL,BUY,0,
2018-08-30,11676.80,11148.67,10668.41,81.82,36.63,42.56,151.41,145.15,6.25,69.36,TREND UP,,NEUTRAL,,2.91,10.88,18.46,-0.53,ALL-ALIGN BULL,BUY,0,
2018-08-31,11680.50,11166.84,10675.20,82.23,38.06,42.60,148.19,145.76,2.43,69.53,TREND UP,,NEUTRAL,,2.95,10.92,17.83,-0.49,ALL-ALIGN BULL,BUY,0,
2018-09-03,11582.35,11183.67,10681.99,89.52,41.99,41.44,136.14,143.84,-7.69,60.05,TREND UP,CROSS_DOWN,NEUTRAL,,0.00,9.99,18.23,-1.33,ALL-ALIGN BULL,BUY,0,
2018-09-04,11520.30,11197.64,10688.66,90.68,44.89,39.38,120.21,139.11,-18.90,54.94,TREND UP,,NEUTRAL,,-0.54,9.40,16.55,-1.86,EARLY-UP,HOLD,0,
2018-09-05,11476.95,11211.92,10695.45,94.83,46.40,36.84,102.89,131.87,-28.97,51.64,TREND DOWN,,NEUTRAL,,-0.91,8.99,15.72,-2.23,BEAR,AVOID,0,
2018-09-06,11536.90,11227.28,10702.06,97.07,50.33,34.27,92.94,124.08,-31.14,55.62,TREND DOWN,,NEUTRAL,,-0.39,9.55,15.67,-1.72,BEAR,AVOID,0,
2018-09-07,11589.10,11245.63,10708.59,98.61,50.80,32.20,88.24,116.91,-28.67,58.79,TREND UP,,NEUTRAL,,0.06,10.05,16.91,-1.27,ALL-ALIGN BULL,BUY,1,
2018-09-10,11438.10,11262.61,10714.29,103.12,52.58,30.15,71.51,107.83,-36.32,48.08,TREND DOWN,,NEUTRAL,,-1.25,8.62,14.93,-2.56,BEAR,AVOID,0,
2018-09-11,11287.50,11274.08,10719.09,110.43,45.85,29.60,45.58,95.38,-49.80,40.21,TREND DOWN,,NEUTRAL,,-2.55,7.19,13.83,-3.84,BEAR,AVOID,0,
2018-09-12,11369.90,11288.33,10724.23,111.87,45.33,29.27,31.31,82.57,-51.26,45.47,TREND DOWN,,NEUTRAL,,-1.83,7.97,14.50,-3.14,BEAR,AVOID,0,
2018-09-14,11515.20,11304.64,10730.06,114.83,47.11,27.44,31.37,72.33,-40.96,53.27,TREND DOWN,,NEUTRAL,,-0.58,9.35,15.91,-1.90,BEAR,AVOID,0,
2018-09-17,11377.75,11316.79,10735.00,117.22,47.20,26.26,20.09,61.88,-41.79,46.49,TREND DOWN,,NEUTRAL,,-1.77,8.04,13.71,-3.07,BEAR,AVOID,0,
2018-09-18,11278.90,11327.38,10739.40,119.03,49.28,25.87,3.14,50.13,-46.99,42.32,TREND DOWN,,NEUTRAL,,-2.62,7.10,11.75,-3.92,BEAR,AVOID,0,
2018-09-19,11234.35,11336.61,10743.72,119.18,47.48,25.89,-13.73,37.36,-51.09,40.56,TREND DOWN,,NEUTRAL,,-3.00,6.68,11.46,-4.29,BEAR,AVOID,0,
2018-09-21,11143.10,11342.41,10747.63,144.97,36.42,27.48,-34.07,23.08,-57.14,37.14,TREND DOWN,,NEUTRAL,,-3.79,5.82,10.47,-5.07,BEAR,AVOID,0,IL&FS DHFL crisis
2018-09-24,10967.40,11342.82,10751.33,150.80,38.63,28.95,-63.63,5.73,-69.37,31.61,TREND DOWN,,NEUTRAL,,-5.31,4.15,8.75,-6.57,PANIC,NO-TOUCH,0,
2018-09-25,11067.45,11345.20,10756.06,154.16,45.80,30.53,-78.09,-11.03,-67.06,37.33,TREND DOWN,,NEUTRAL,,-4.45,5.10,9.01,-5.72,BEAR,AVOID,0,
2018-09-26,11053.80,11345.81,10760.69,154.04,46.52,31.33,-89.61,-26.75,-62.87,36.88,TREND DOWN,,NEUTRAL,,-4.56,4.97,8.93,-5.83,BEAR,AVOID,0,
2018-09-27,10977.55,11344.98,10764.99,152.76,46.32,32.24,-103.70,-42.14,-61.57,34.37,TREND DOWN,,NEUTRAL,,-5.22,4.24,8.25,-6.48,PANIC,NO-TOUCH,0,
2018-09-28,10930.45,11344.86,10769.42,154.97,46.36,33.47,-117.32,-57.17,-60.14,32.88,TREND DOWN,,NEUTRAL,,-5.63,3.80,7.99,-6.88,PANIC,NO-TOUCH,0,
2018-10-01,11008.30,11344.86,10773.63,159.20,47.82,34.72,-120.44,-69.83,-50.61,37.68,TREND DOWN,,NEUTRAL,,0.00,4.54,10.48,-6.22,BEAR,AVOID,0,
2018-10-03,10858.25,11342.42,10776.59,159.58,50.45,35.88,-133.48,-82.56,-50.92,32.81,TREND DOWN,,NEUTRAL,,-1.36,3.11,9.98,-7.50,PANIC,NO-TOUCH,0,
2018-10-04,10599.25,11335.26,10777.97,170.39,39.42,37.86,-162.84,-98.61,-64.22,26.45,TREND DOWN,,OVERSOLD,,-3.72,0.65,7.37,-9.71,PANIC,NO-TOUCH,0,
2018-10-05,10316.45,11321.39,10778.36,182.32,32.44,40.24,-206.54,-120.20,-86.34,21.54,TREND DOWN,,OVERSOLD,,-6.28,-2.03,5.96,-12.11,PANIC,NO-TOUCH,0,
2018-10-08,10348.05,11306.65,10779.13,183.58,32.88,42.55,-235.91,-143.34,-92.57,23.26,TREND DOWN,,OVERSOLD,,-6.00,-1.73,5.93,-11.85,PANIC,NO-TOUCH,0,
2018-10-09,10301.05,11289.99,10779.38,178.91,34.13,44.69,-259.98,-166.67,-93.31,22.47,TREND DOWN,,OVERSOLD,,-6.42,-2.18,5.24,-12.25,PANIC,NO-TOUCH,0,
2018-10-10,10460.10,11276.55,10780.01,179.08,36.70,45.84,-263.19,-185.97,-77.21,30.97,TREND DOWN,,NEUTRAL,,-4.98,-0.67,6.09,-10.89,PANIC,NO-TOUCH,0,
2018-10-11,10234.65,11257.90,10779.24,189.26,37.20,47.28,-280.68,-204.91,-75.77,26.53,TREND DOWN,,OVERSOLD,,-7.03,-2.81,3.22,-12.81,PANIC,NO-TOUCH,0,
2018-10-12,10472.50,11241.78,10779.29,194.15,40.48,47.27,-272.22,-218.38,-53.85,36.83,TREND DOWN,,NEUTRAL,,-4.87,-0.55,5.90,-10.79,BEAR,AVOID,0,
2018-10-15,10512.50,11225.64,10779.63,188.58,39.98,47.00,-259.30,-226.56,-32.74,38.39,TREND DOWN,,NEUTRAL,,-4.50,-0.17,5.34,-10.44,BEAR,AVOID,0,
2018-10-16,10584.75,11210.20,10780.35,181.71,38.57,46.13,-240.45,-229.34,-11.11,41.22,TREND DOWN,,NEUTRAL,,-3.85,0.51,5.97,-9.83,BEAR,AVOID,0,
2018-10-17,10453.05,11192.34,10780.15,188.28,42.36,44.55,-233.46,-230.16,-3.29,37.81,TREND DOWN,,NEUTRAL,,-5.04,-0.74,4.35,-10.95,BEAR,AVOID,0,
2018-10-19,10303.55,11173.52,10779.01,189.36,45.43,43.80,-237.24,-231.58,-5.66,34.34,TREND DOWN,,NEUTRAL,,-6.40,-2.16,3.19,-12.22,PANIC,NO-TOUCH,0,
2018-10-22,10245.25,11151.21,10777.78,189.02,45.44,42.90,-242.15,-233.69,-8.46,33.06,TREND DOWN,,NEUTRAL,,-6.93,-2.71,1.47,-12.72,PANIC,NO-TOUCH,0,
2018-10-23,10146.80,11126.40,10776.13,185.73,44.96,42.50,-251.09,-237.17,-13.92,30.97,TREND DOWN,,NEUTRAL,,-7.83,-3.65,-0.20,-13.56,PANIC,NO-TOUCH,0,
2018-10-24,10224.75,11103.11,10774.60,184.17,56.59,41.63,-249.02,-239.54,-9.48,34.50,TREND DOWN,,NEUTRAL,,-7.12,-2.91,-0.06,-12.90,PANIC,NO-TOUCH,0,
2018-10-25,10124.90,11076.60,10773.01,181.41,55.63,41.01,-252.52,-242.14,-10.38,32.23,TREND DOWN,,NEUTRAL,,-8.02,-3.85,-1.07,-13.75,PANIC,NO-TOUCH,0,
2018-10-26,10030.00,11047.79,10770.94,177.33,48.32,40.71,-259.96,-245.70,-14.26,30.19,TREND DOWN,,NEUTRAL,BULL_DIV,-8.89,-4.75,-1.77,-14.55,PANIC,NO-TOUCH,0,
2018-10-29,10250.85,11024.22,10769.68,182.87,49.14,39.35,-245.20,-245.60,0.40,39.74,TREND DOWN,CROSS_UP,NEUTRAL,,-6.88,-2.66,1.03,-12.67,BEAR,AVOID,0,
2018-10-30,10198.40,11001.07,10767.87,177.65,49.01,38.02,-235.03,-243.49,8.45,38.40,TREND DOWN,,NEUTRAL,,-7.36,-3.16,0.13,-13.12,BEAR,AVOID,0,
2018-10-31,10386.60,10980.10,10766.69,185.74,50.59,36.03,-209.37,-236.66,27.29,45.51,TREND DOWN,,NEUTRAL,,-5.65,-1.37,1.75,-11.52,BEAR,AVOID,0,
2018-11-01,10380.45,10960.01,10765.41,179.61,47.33,33.88,-187.37,-226.81,39.43,45.33,TREND DOWN,,NEUTRAL,,0.00,-1.43,0.83,-11.57,BEAR,AVOID,0,
2018-11-02,10553.00,10941.65,10765.01,182.96,46.84,32.00,-154.24,-212.29,58.05,51.29,TREND UP,,NEUTRAL,,1.66,0.21,2.02,-10.10,EARLY-UP,HOLD,1,
2018-11-05,10524.00,10921.10,10764.37,175.74,46.30,30.25,-128.83,-195.60,66.77,50.30,TREND UP,,NEUTRAL,,1.38,-0.06,1.95,-10.35,EARLY-UP,HOLD,0,
2018-11-06,10530.00,10900.28,10763.62,170.96,46.56,28.87,-106.98,-177.88,70.89,50.51,TREND UP,,NEUTRAL,,1.44,-0.01,1.61,-10.30,EARLY-UP,HOLD,0,
2018-11-07,10598.40,10880.59,10762.90,164.92,48.90,27.67,-83.19,-158.94,75.75,52.99,TREND UP,,NEUTRAL,,2.10,0.64,2.55,-9.71,EARLY-UP,HOLD,0,
2018-11-09,10585.20,10861.16,10762.33,158.47,46.44,26.28,-64.65,-140.08,75.43,52.44,TREND UP,,NEUTRAL,,1.97,0.52,1.39,-9.82,EARLY-UP,HOLD,0,
2018-11-12,10482.20,10836.96,10760.79,160.12,44.82,24.41,-57.61,-123.59,65.98,48.27,RANGE,,NEUTRAL,,0.98,-0.46,0.56,-10.70,CHOP-MID,STAND-ASIDE,0,
2018-11-13,10582.50,10813.84,10759.62,159.80,45.05,22.84,-43.43,-107.55,64.13,52.25,RANGE,,NEUTRAL,,1.95,0.49,1.24,-9.85,CHOP-UP,WATCH,0,
2018-11-14,10576.30,10791.53,10758.03,156.88,43.87,21.44,-32.32,-92.51,60.19,51.99,RANGE,,NEUTRAL,,1.89,0.43,1.19,-9.90,CHOP-MID,STAND-ASIDE,0,
2018-11-15,10616.70,10770.33,10756.28,152.03,42.82,20.15,-20.03,-78.01,57.98,53.65,RANGE,,NEUTRAL,,2.28,0.82,2.58,-9.56,CHOP-UP,WATCH,0,
2018-11-16,10682.20,10750.36,10754.27,146.77,40.35,19.32,-4.94,-63.40,58.46,56.29,RANGE,,NEUTRAL,,2.91,1.44,3.68,-9.00,CHOP-UP,WATCH,0,
2018-11-19,10763.40,10733.98,10752.66,142.90,37.36,19.11,13.41,-48.04,61.45,59.37,RANGE,,NEUTRAL,,3.69,2.21,4.41,-8.31,CHOP-UP,WATCH,0,
2018-11-20,10656.20,10716.70,10750.59,141.44,37.63,18.48,19.08,-34.61,53.70,53.95,RANGE,,NEUTRAL,,2.66,1.19,3.24,-9.22,CHOP-UP,WATCH,0,
2018-11-21,10600.05,10699.16,10747.94,139.12,50.15,17.22,18.83,-23.92,42.76,51.31,RANGE,,NEUTRAL,,2.12,0.66,3.67,-9.70,CHOP-MID,STAND-ASIDE,0,
2018-11-22,10526.75,10678.96,10745.33,138.78,60.74,16.34,12.58,-16.62,29.20,48.01,CHOP,,NEUTRAL,,1.41,-0.04,3.34,-10.32,CHOP-MID,STAND-ASIDE,0,
2018-11-26,10628.60,10659.75,10743.33,139.44,58.91,15.69,15.65,-10.17,25.82,52.58,CHOP,,NEUTRAL,,2.39,0.93,5.05,-9.46,CHOP-UP,WATCH,0,
2018-11-27,10685.60,10644.70,10741.68,136.54,59.31,14.58,22.43,-3.65,26.08,54.96,CHOP,,NEUTRAL,,2.94,1.47,4.61,-8.97,CHOP-UP,WATCH,0,
2018-11-28,10728.85,10633.52,10741.52,131.94,58.43,14.06,30.94,3.27,27.67,56.74,CHOP,,NEUTRAL,,3.36,1.88,4.33,-8.60,CHOP-UP,WATCH,0,
2018-11-29,10858.70,10623.30,10742.48,133.53,49.40,14.47,47.61,12.14,35.47,61.64,RANGE,,NEUTRAL,,4.61,3.11,5.44,-7.49,CHOP-UP,WATCH,0,
2018-11-30,10876.75,10610.53,10744.37,130.23,46.46,15.11,61.57,22.02,39.54,62.28,RANGE,,NEUTRAL,,4.78,3.29,5.32,-7.34,CHOP-UP,WATCH,0,
2018-12-03,10883.75,10600.65,10746.40,127.78,42.99,15.82,72.36,32.09,40.27,62.54,RANGE,,NEUTRAL,,0.00,3.35,5.24,-7.28,CHOP-UP,WATCH,0,
2018-12-04,10869.50,10592.46,10747.87,122.76,44.44,16.35,78.86,41.44,37.41,61.61,RANGE,,NEUTRAL,,-0.13,3.22,5.03,-7.40,CHOP-UP,WATCH,0,
2018-12-05,10782.90,10583.43,10749.51,122.68,44.51,15.93,76.14,48.38,27.75,56.12,RANGE,,NEUTRAL,,-0.93,2.39,3.78,-8.14,CHOP-UP,WATCH,0,
2018-12-06,10601.15,10572.60,10749.82,127.82,47.15,15.40,58.64,50.43,8.21,46.72,RANGE,,NEUTRAL,,-2.60,0.67,1.94,-9.69,CHOP-MID,STAND-ASIDE,0,
2018-12-07,10693.70,10567.12,10750.78,126.20,47.80,14.91,51.65,50.68,0.97,51.21,RANGE,,NEUTRAL,,-1.75,1.55,3.12,-8.90,CHOP-MID,STAND-ASIDE,0,
2018-12-10,10488.45,10555.54,10750.49,132.81,49.46,15.34,29.21,46.38,-17.18,42.64,RANGE,CROSS_DOWN,NEUTRAL,,-3.63,-0.40,1.23,-10.65,CHOP-DOWN,STAND-ASIDE,0,
2018-12-11,10549.15,10545.45,10750.98,139.99,41.81,16.53,16.13,40.33,-24.20,45.54,RANGE,,NEUTRAL,,-3.07,0.18,3.15,-10.13,CHOP-DOWN,STAND-ASIDE,0,
2018-12-12,10737.60,10540.65,10752.77,144.49,43.71,16.07,20.74,36.42,-15.67,53.42,RANGE,,NEUTRAL,,-1.34,1.96,6.08,-8.53,CHOP-DOWN,STAND-ASIDE,0,
2018-12-13,10791.55,10537.87,10754.93,141.39,43.05,15.03,28.42,34.82,-6.40,55.41,RANGE,,NEUTRAL,,-0.85,2.48,6.55,-8.07,CHOP-MID,STAND-ASIDE,0,
2018-12-14,10805.45,10533.82,10756.97,135.84,41.32,14.07,35.22,34.90,0.32,55.93,RANGE,CROSS_UP,NEUTRAL,,-0.72,2.61,6.79,-7.95,CHOP-UP,WATCH,0,
2018-12-17,10888.35,10534.42,10759.50,132.91,41.24,13.54,46.76,37.27,9.49,59.01,RANGE,,NEUTRAL,,0.04,3.40,8.41,-7.24,CHOP-UP,WATCH,0,
2018-12-18,10908.70,10540.61,10761.59,130.30,41.74,12.85,56.89,41.19,15.70,59.76,RANGE,,NEUTRAL,,0.23,3.59,7.30,-7.07,CHOP-UP,WATCH,0,
2018-12-19,10967.30,10553.62,10763.51,126.45,37.44,12.68,68.85,46.72,22.13,61.90,RANGE,,NEUTRAL,BEAR_DIV,0.77,4.15,6.83,-6.57,TOP-WARNING,NO-NEW,0,
2018-12-20,10951.70,10565.70,10765.50,123.65,37.44,12.14,76.20,52.62,23.58,60.97,RANGE,,NEUTRAL,,0.62,4.00,6.10,-6.70,CHOP-UP,WATCH,0,
2018-12-21,10754.00,10574.76,10766.80,130.89,40.14,11.92,65.31,55.16,10.15,50.58,RANGE,,NEUTRAL,,-1.19,2.12,5.02,-8.39,CHOP-MID,STAND-ASIDE,0,
2018-12-24,10663.50,10578.82,10767.83,131.04,41.63,12.27,48.82,53.89,-5.07,46.66,RANGE,CROSS_DOWN,NEUTRAL,,-2.02,1.26,4.62,-9.16,CHOP-MID,STAND-ASIDE,0,
2018-12-26,10729.85,10588.73,10769.68,136.89,43.36,13.20,40.64,51.24,-10.60,49.74,RANGE,,NEUTRAL,,-1.41,1.89,4.66,-8.59,CHOP-MID,STAND-ASIDE,0,
2018-12-27,10779.80,10594.87,10772.34,134.57,41.65,13.37,37.74,48.54,-10.80,51.98,RANGE,,NEUTRAL,,-0.96,2.37,4.32,-8.17,CHOP-MID,STAND-ASIDE,0,
2018-12-28,10859.90,10601.82,10775.86,133.09,41.82,13.08,41.44,47.12,-5.68,55.42,RANGE,,NEUTRAL,,-0.22,3.13,4.54,-7.48,CHOP-MID,STAND-ASIDE,0,
2018-12-31,10862.55,10607.38,10778.96,128.60,38.84,12.58,44.07,46.51,-2.44,55.53,RANGE,,NEUTRAL,,-0.19,3.15,3.82,-7.46,CHOP-MID,STAND-ASIDE,0,
2019-01-02,10792.50,10614.17,10781.79,130.87,51.25,12.85,40.05,45.22,-5.17,51.78,RANGE,,NEUTRAL,,0.00,-0.64,3.33,-8.06,CHOP-MID,STAND-ASIDE,0,
2019-01-03,10672.25,10621.54,10783.05,132.44,50.14,13.51,26.84,41.54,-14.70,46.03,RANGE,,NEUTRAL,,-1.11,-1.75,2.22,-9.08,CHOP-MID,STAND-ASIDE,0,
2019-01-04,10727.35,10631.18,10784.55,131.00,50.39,14.30,20.59,37.35,-16.76,48.84,RANGE,,NEUTRAL,,-0.60,-1.24,2.23,-8.61,CHOP-DOWN,STAND-ASIDE,0,
2019-01-07,10771.80,10643.68,10786.35,129.40,51.38,14.23,19.00,33.68,-14.68,51.04,RANGE,,NEUTRAL,,-0.19,-0.84,2.28,-8.24,CHOP-MID,STAND-ASIDE,0,
2019-01-08,10802.15,10655.23,10788.56,126.25,51.17,14.27,19.96,30.94,-10.98,52.55,RANGE,,NEUTRAL,,0.09,-0.56,2.97,-7.98,CHOP-MID,STAND-ASIDE,0,
2019-01-09,10855.15,10669.84,10791.86,125.87,51.70,13.87,24.71,29.69,-4.98,55.15,RANGE,,NEUTRAL,,0.58,-0.07,3.60,-7.53,CHOP-MID,STAND-ASIDE,0,
2019-01-10,10821.60,10685.67,10795.50,120.99,53.15,13.50,25.47,28.85,-3.37,53.16,RANGE,,NEUTRAL,,0.27,-0.38,2.76,-7.81,CHOP-MID,STAND-ASIDE,0,
2019-01-11,10794.95,10696.55,10798.85,120.26,53.65,13.61,23.66,27.81,-4.15,51.58,RANGE,,NEUTRAL,,0.02,-0.62,3.38,-8.04,CHOP-MID,STAND-ASIDE,0,
2019-01-14,10737.60,10707.33,10801.76,119.93,54.95,14.03,17.39,25.72,-8.34,48.24,RANGE,,NEUTRAL,,-0.51,-1.15,2.82,-8.53,CHOP-MID,STAND-ASIDE,0,
2019-01-15,10886.80,10717.34,10805.63,122.75,55.55,13.59,24.18,25.42,-1.23,56.18,CHOP,,NEUTRAL,,0.87,0.22,3.64,-7.26,CHOP-MID,STAND-ASIDE,0,
2019-01-16,10890.30,10727.53,10810.09,117.64,61.63,12.91,29.51,26.23,3.27,56.35,CHOP,CROSS_UP,NEUTRAL,,0.91,0.26,3.14,-7.23,CHOP-UP,WATCH,0,
2019-01-17,10905.20,10734.58,10813.96,115.38,60.86,12.54,34.53,27.89,6.64,57.11,CHOP,,NEUTRAL,,1.04,0.39,2.65,-7.10,CHOP-UP,WATCH,0,
2019-01-18,10906.95,10742.24,10817.57,112.57,59.90,12.19,38.22,29.96,8.26,57.20,CHOP,,NEUTRAL,,1.06,0.41,2.54,-7.08,CHOP-UP,WATCH,0,
2019-01-21,10961.85,10750.87,10821.81,111.79,54.17,11.35,45.05,32.98,12.07,60.16,RANGE,,NEUTRAL,,1.57,0.91,3.10,-6.62,CHOP-UP,WATCH,0,
2019-01-22,10922.75,10757.36,10825.37,110.78,52.55,10.72,46.76,35.73,11.03,57.13,RANGE,,NEUTRAL,,1.21,0.55,2.55,-6.95,CHOP-UP,WATCH,0,
2019-01-23,10831.50,10762.29,10828.30,112.36,52.02,10.61,40.30,36.65,3.65,50.72,RANGE,,NEUTRAL,,0.36,-0.29,1.41,-7.73,CHOP-MID,STAND-ASIDE,0,
2019-01-24,10849.80,10769.64,10831.91,109.19,58.22,10.63,36.23,36.56,-0.33,51.89,CHOP,CROSS_DOWN,NEUTRAL,,0.53,-0.12,1.01,-7.57,CHOP-MID,STAND-ASIDE,0,
2019-01-25,10780.55,10773.60,10834.19,113.91,60.02,9.95,27.11,34.67,-7.56,47.33,CHOP,,NEUTRAL,,-0.11,-0.75,0.75,-8.16,CHOP-MID,STAND-ASIDE,0,
2019-01-28,10661.55,10775.30,10835.83,118.16,55.11,10.41,10.16,29.77,-19.61,40.70,CHOP,,NEUTRAL,,-1.21,-1.85,-1.18,-9.17,CHOP-DOWN,STAND-ASIDE,0,
2019-01-29,10652.20,10776.01,10837.20,117.34,50.03,11.21,-3.98,23.02,-27.00,40.23,RANGE,,NEUTRAL,,-1.30,-1.94,-1.52,-9.25,CHOP-DOWN,STAND-ASIDE,0,
2019-01-30,10651.80,10775.41,10838.45,115.92,51.02,11.71,-15.04,15.41,-30.45,40.21,RANGE,,NEUTRAL,,-1.30,-1.94,-2.23,-9.26,CHOP-DOWN,STAND-ASIDE,0,
2019-01-31,10830.95,10776.76,10840.52,120.94,52.82,10.88,-9.25,10.48,-19.73,52.54,RANGE,,NEUTRAL,,0.36,-0.29,-1.23,-7.73,CHOP-DOWN,STAND-ASIDE,0,
2019-02-01,10893.65,10781.51,10842.69,124.44,54.06,11.23,0.39,8.46,-8.06,55.96,RANGE,,NEUTRAL,,0.00,0.29,-1.71,-7.20,CHOP-MID,STAND-ASIDE,0,
2019-02-04,10912.25,10787.75,10844.85,123.68,53.02,11.56,9.43,8.65,0.78,56.96,RANGE,CROSS_UP,NEUTRAL,,0.17,0.46,-1.57,-7.04,CHOP-UP,WATCH,0,
2019-02-05,10934.35,10795.90,10846.88,119.85,53.45,12.08,18.17,10.56,7.61,58.16,RANGE,,NEUTRAL,,0.37,0.66,-1.22,-6.85,CHOP-UP,WATCH,0,
2019-02-06,11062.45,10804.58,10849.45,121.16,47.38,13.33,35.02,15.45,19.57,64.39,RANGE,,NEUTRAL,,1.55,1.84,-0.61,-5.76,CHOP-UP,WATCH,0,
2019-02-07,11069.40,10812.26,10852.16,117.83,43.97,14.75,48.38,22.04,26.35,64.70,RANGE,,NEUTRAL,,1.61,1.90,0.18,-5.70,CHOP-UP,WATCH,0,
2019-02-08,10943.60,10816.55,10854.06,119.69,44.90,14.85,48.27,27.28,20.98,55.39,RANGE,,NEUTRAL,,0.46,0.75,-0.76,-6.77,CHOP-UP,WATCH,0,
2019-02-11,10888.80,10817.15,10855.68,117.32,44.66,14.32,43.25,30.48,12.78,51.89,RANGE,,NEUTRAL,,-0.04,0.24,-1.16,-7.24,CHOP-MID,STAND-ASIDE,0,
2019-02-12,10831.40,10816.25,10856.91,115.16,43.65,13.54,34.25,31.23,3.02,48.43,RANGE,,NEUTRAL,,-0.57,-0.29,0.66,-7.73,CHOP-MID,STAND-ASIDE,0,
2019-02-14,10746.05,10813.49,10857.57,114.98,44.64,13.16,20.00,28.98,-8.98,43.76,RANGE,CROSS_DOWN,NEUTRAL,,-1.35,-1.07,0.75,-8.45,CHOP-DOWN,STAND-ASIDE,0,
2019-02-15,10724.40,10810.59,10858.34,118.58,44.42,13.49,6.88,24.56,-17.68,42.64,RANGE,,NEUTRAL,,-1.55,-1.27,2.15,-8.64,CHOP-DOWN,STAND-ASIDE,0,
2019-02-18,10640.95,10807.75,10858.46,119.50,43.49,13.79,-10.13,17.62,-27.76,38.54,RANGE,,NEUTRAL,,-2.32,-2.04,1.57,-9.35,CHOP-DOWN,STAND-ASIDE,0,
2019-02-19,10604.35,10807.81,10858.02,120.77,44.31,14.36,-26.27,8.85,-35.11,36.86,RANGE,,NEUTRAL,,-2.66,-2.38,0.26,-9.66,WEAK,NO-BUY,0,
2019-02-20,10735.45,10808.65,10858.00,122.74,45.42,14.58,-28.15,1.45,-29.60,45.93,RANGE,,NEUTRAL,,-1.45,-1.17,2.68,-8.54,CHOP-DOWN,STAND-ASIDE,0,
2019-02-21,10789.85,10814.68,10858.36,120.21,43.23,14.21,-24.97,-3.84,-21.13,49.19,RANGE,,NEUTRAL,,-0.95,-0.67,2.37,-8.08,CHOP-DOWN,STAND-ASIDE,0,
2019-02-22,10791.65,10819.53,10858.92,114.71,40.23,13.88,-22.04,-7.48,-14.57,49.30,RANGE,,NEUTRAL,,-0.94,-0.65,2.77,-8.07,CHOP-MID,STAND-ASIDE,0,
2019-02-25,10880.10,10822.38,10860.23,113.59,39.87,13.04,-12.45,-8.47,-3.98,54.47,RANGE,,NEUTRAL,,-0.12,0.16,3.17,-7.31,CHOP-MID,STAND-ASIDE,0,
2019-02-26,10835.30,10823.25,10860.82,116.86,42.03,12.49,-8.36,-8.45,0.09,51.60,RANGE,CROSS_UP,NEUTRAL,,-0.54,-0.25,3.66,-7.69,CHOP-MID,STAND-ASIDE,0,
2019-02-27,10806.65,10823.28,10861.27,121.98,43.19,11.69,-7.35,-8.23,0.88,49.79,RANGE,,NEUTRAL,,-0.80,-0.51,4.13,-7.94,CHOP-MID,STAND-ASIDE,0,
2019-02-28,10792.50,10821.36,10861.52,119.04,49.25,10.96,-7.60,-8.10,0.50,48.88,RANGE,,NEUTRAL,,-0.93,-0.64,4.17,-8.06,CHOP-MID,STAND-ASIDE,0,
2019-03-01,10863.50,10820.46,10862.26,116.64,57.45,10.40,-2.05,-6.89,4.85,53.48,CHOP,,NEUTRAL,,0.00,0.01,4.48,-7.45,CHOP-UP,WATCH,0,
2019-03-05,10987.45,10820.86,10863.16,121.02,54.05,10.93,12.22,-3.07,15.29,60.20,RANGE,,NEUTRAL,,1.14,1.15,5.82,-6.40,CHOP-UP,WATCH,0,
2019-03-06,11053.00,10822.88,10864.39,117.72,48.00,11.93,28.48,3.24,25.24,63.23,RANGE,,NEUTRAL,,1.74,1.75,5.36,-5.84,CHOP-UP,WATCH,0,
2019-03-07,11058.20,10828.97,10865.68,113.73,44.77,13.05,41.31,10.85,30.46,63.47,RANGE,,NEUTRAL,,1.79,1.80,4.49,-5.80,CHOP-UP,WATCH,0,
2019-03-08,11035.40,10836.41,10867.15,109.13,41.99,13.86,49.08,18.50,30.58,61.59,RANGE,,NEUTRAL,,1.58,1.59,4.56,-5.99,CHOP-UP,WATCH,0,
2019-03-11,11168.05,10845.17,10869.57,111.73,35.99,15.51,65.18,27.83,37.35,67.59,RANGE,,NEUTRAL,,2.80,2.81,6.43,-4.86,CHOP-UP,WATCH,0,
2019-03-12,11301.20,10855.60,10873.10,114.63,31.65,17.75,87.68,39.80,47.87,72.28,RANGE,,OVERBOUGHT,,4.03,4.04,8.06,-3.73,TOP-WARNING,NO-NEW,0,
2019-03-13,11341.70,10865.24,10877.22,111.85,32.35,19.98,107.54,53.35,54.19,73.53,RANGE,,OVERBOUGHT,,4.40,4.41,9.49,-3.38,TOP-WARNING,NO-NEW,0,
2019-03-14,11343.25,10874.85,10881.26,108.84,30.52,22.18,121.99,67.08,54.91,73.58,RANGE,,OVERBOUGHT,,4.42,4.43,10.67,-3.37,TOP-WARNING,NO-NEW,0,
2019-03-15,11426.85,10887.54,10886.24,111.33,27.47,24.65,138.60,81.38,57.21,76.16,RANGE,,OVERBOUGHT,,5.19,5.19,12.53,-2.65,TOP-WARNING,NO-NEW,0,
2019-03-18,11462.20,10903.33,10890.98,111.78,25.82,27.10,152.85,95.67,57.17,77.17,TREND UP,,OVERBOUGHT,,5.51,5.52,11.91,-2.35,TOP-WARNING,NO-NEW,1,
2019-03-19,11532.40,10919.44,10895.62,110.41,24.57,29.42,167.87,110.11,57.76,79.07,TREND UP,,OVERBOUGHT,,6.16,6.17,12.77,-1.76,TOP-WARNING,NO-NEW,0,
2019-03-20,11521.05,10934.42,10899.78,106.31,22.06,31.63,176.82,123.45,53.37,77.94,TREND UP,,OVERBOUGHT,,6.05,6.06,10.55,-1.85,TOP-WARNING,NO-NEW,0,
2019-03-22,11456.90,10947.52,10903.90,108.59,24.37,32.66,176.70,134.10,42.60,71.70,TREND UP,,OVERBOUGHT,,5.46,5.47,9.88,-2.40,ALL-ALIGN BULL,BUY,0,
2019-03-25,11354.25,10957.50,10907.60,111.21,25.92,32.08,166.41,140.56,25.84,63.00,TREND UP,,NEUTRAL,,4.52,4.53,9.06,-3.27,ALL-ALIGN BULL,BUY,0,
2019-03-26,11483.25,10970.73,10911.33,113.58,35.49,32.16,166.73,145.80,20.94,68.22,TREND UP,,NEUTRAL,,5.70,5.71,10.84,-2.17,ALL-ALIGN BULL,BUY,0,
2019-03-27,11445.05,10983.73,10915.08,114.98,37.64,32.51,162.04,149.05,13.00,65.28,TREND UP,,NEUTRAL,,5.35,5.36,12.26,-2.50,ALL-ALIGN BULL,BUY,0,
2019-03-28,11570.00,11000.38,10919.78,117.01,38.57,33.06,166.49,152.54,13.95,69.85,TREND UP,,NEUTRAL,,6.50,6.51,14.62,-1.44,ALL-ALIGN BULL,BUY,0,
2019-04-01,11669.15,11016.03,10925.16,120.66,35.32,34.25,175.98,157.23,18.76,72.90,TREND UP,,OVERBOUGHT,,0.00,7.43,15.26,-0.59,TOP-WARNING,NO-NEW,0,
2019-04-02,11713.20,11032.49,10930.31,117.29,44.43,35.36,184.93,162.77,22.17,74.15,TREND UP,,OVERBOUGHT,BEAR_DIV,0.38,7.83,15.34,-0.22,TOP-WARNING,NO-NEW,0,
2019-04-03,11643.95,11047.26,10934.68,118.33,45.99,36.53,184.31,167.08,17.24,68.78,TREND UP,,NEUTRAL,,-0.22,7.19,15.12,-0.81,ALL-ALIGN BULL,BUY,0,
2019-04-04,11598.00,11061.08,10938.84,117.26,49.47,36.72,178.06,169.27,8.79,65.39,TREND UP,,NEUTRAL,,-0.61,6.77,16.00,-1.20,ALL-ALIGN BULL,BUY,0,
2019-04-05,11665.95,11075.16,10943.23,115.43,49.97,37.04,176.55,170.73,5.82,67.91,TREND UP,,NEUTRAL,,-0.03,7.40,15.15,-0.62,ALL-ALIGN BULL,BUY,0,
2019-04-08,11604.50,11088.80,10947.04,118.70,50.36,36.59,168.46,170.27,-1.82,63.42,TREND UP,CROSS_DOWN,NEUTRAL,,-0.55,6.83,13.95,-1.14,ALL-ALIGN BULL,BUY,0,
2019-04-09,11671.95,11105.61,10951.12,118.38,50.28,36.17,165.57,169.33,-3.76,66.07,TREND UP,,NEUTRAL,,0.02,7.45,15.41,-0.57,ALL-ALIGN BULL,BUY,0,
2019-04-10,11584.30,11120.30,10955.00,117.66,50.63,35.78,154.44,166.35,-11.92,59.99,TREND UP,,NEUTRAL,,-0.73,6.64,13.44,-1.31,ALL-ALIGN BULL,BUY,0,
2019-04-11,11596.70,11136.62,10958.89,113.27,50.70,35.13,144.94,162.07,-17.13,60.54,TREND UP,,NEUTRAL,,-0.62,6.76,13.19,-1.21,ALL-ALIGN BULL,BUY,0,
2019-04-12,11643.45,11156.26,10963.11,110.79,49.35,34.91,139.58,157.57,-17.99,62.64,TREND UP,,NEUTRAL,,-0.22,7.19,14.96,-0.81,ALL-ALIGN BULL,BUY,0,
2019-04-15,11690.35,11177.02,10968.01,107.24,50.99,35.05,137.53,153.56,-16.04,64.67,TREND UP,,NEUTRAL,,0.18,7.62,13.22,-0.41,ALL-ALIGN BULL,BUY,0,
2019-04-16,11787.15,11199.73,10973.08,108.20,51.41,35.83,142.08,151.27,-9.19,68.48,TREND UP,,NEUTRAL,BEAR_DIV,1.01,8.51,14.09,0.00,TOP-WARNING,NO-NEW,0,
2019-04-18,11752.80,11218.17,10978.14,108.87,50.48,36.80,141.28,149.27,-7.99,65.77,TREND UP,,NEUTRAL,,0.72,8.20,13.23,-0.29,ALL-ALIGN BULL,BUY,0,
2019-04-22,11594.45,11232.18,10982.01,113.16,61.47,35.71,126.42,144.70,-18.28,54.97,TREND UP,,NEUTRAL,,-0.64,6.74,11.46,-1.63,EARLY-UP,HOLD,0,
2019-04-23,11575.95,11245.46,10986.07,110.87,59.29,34.49,111.85,138.13,-26.28,53.86,TREND UP,,NEUTRAL,,-0.80,6.57,11.12,-1.79,EARLY-UP,HOLD,0,
2019-04-24,11726.15,11261.29,10990.86,114.73,61.58,34.02,111.15,132.73,-21.58,60.80,TREND UP,,NEUTRAL,,0.49,7.95,12.12,-0.52,ALL-ALIGN BULL,BUY,0,
2019-04-25,11641.80,11272.88,10995.71,118.85,62.55,33.93,102.60,126.71,-24.10,55.73,TREND UP,,NEUTRAL,,-0.23,7.17,11.08,-1.23,ALL-ALIGN BULL,BUY,0,
2019-04-26,11754.65,11286.58,11001.54,119.01,62.97,33.85,103.74,122.11,-18.37,60.48,TREND UP,,NEUTRAL,,0.73,8.21,11.65,-0.28,ALL-ALIGN BULL,BUY,0,
2019-04-30,11748.15,11302.68,11006.71,117.68,63.18,33.70,102.93,118.28,-15.35,60.08,TREND UP,,NEUTRAL,,0.68,8.15,11.37,-0.33,ALL-ALIGN BULL,BUY,0,
2019-05-02,11724.75,11319.39,11012.04,115.68,61.65,33.79,99.26,114.47,-15.22,58.58,TREND UP,,NEUTRAL,,0.00,7.94,11.39,-0.53,ALL-ALIGN BULL,BUY,0,
2019-05-03,11712.25,11337.01,11017.11,112.53,60.60,33.87,94.25,110.43,-16.18,57.75,TREND UP,,NEUTRAL,,-0.11,7.82,10.86,-0.64,ALL-ALIGN BULL,BUY,0,
2019-05-06,11598.25,11354.06,11021.25,114.56,61.41,32.26,80.16,104.38,-24.22,50.69,TREND UP,,NEUTRAL,,-1.08,6.77,9.79,-1.60,EARLY-UP,HOLD,0,
2019-05-07,11497.90,11369.53,11024.99,118.70,56.74,30.05,60.20,95.54,-35.34,45.44,TREND DOWN,,NEUTRAL,,-1.93,5.85,8.63,-2.45,BEAR,AVOID,0,
2019-05-08,11359.45,11383.90,11027.92,121.01,46.43,29.14,32.83,83.00,-50.17,39.37,TREND DOWN,,NEUTRAL,,-3.12,4.57,7.02,-3.63,BEAR,AVOID,0,
2019-05-09,11301.80,11397.84,11030.17,119.82,41.08,28.92,6.42,67.68,-61.26,37.14,TREND DOWN,,NEUTRAL,,-3.61,4.04,6.92,-4.12,BEAR,AVOID,0,
2019-05-10,11278.90,11408.71,11031.83,118.03,40.27,28.73,-16.18,50.91,-67.09,36.27,TREND DOWN,,NEUTRAL,,-3.80,3.83,6.23,-4.31,BEAR,AVOID,0,
2019-05-13,11148.20,11415.88,11032.83,122.07,37.56,29.30,-44.12,31.90,-76.03,31.67,TREND DOWN,,NEUTRAL,,-4.92,2.63,4.26,-5.42,PANIC,NO-TOUCH,0,
2019-05-14,11222.05,11424.49,11033.82,126.67,36.96,29.93,-59.62,13.60,-73.22,36.56,TREND DOWN,,NEUTRAL,,-4.29,3.31,4.49,-4.79,BEAR,AVOID,0,
2019-05-15,11157.00,11430.03,11034.51,128.33,38.36,30.51,-76.27,-4.38,-71.90,34.24,TREND DOWN,,NEUTRAL,,-4.84,2.71,4.10,-5.35,PANIC,NO-TOUCH,0,
2019-05-16,11257.10,11438.46,11036.11,129.03,37.82,31.05,-80.47,-19.59,-60.87,40.51,TREND DOWN,,NEUTRAL,,-3.99,3.63,5.41,-4.50,BEAR,AVOID,0,
2019-05-17,11407.15,11450.47,11038.11,131.89,38.16,29.81,-70.87,-29.85,-41.02,48.44,TREND DOWN,,NEUTRAL,,-2.71,5.01,7.43,-3.22,BEAR,AVOID,0,
2019-05-20,11828.25,11471.19,11042.35,153.76,41.12,29.59,-28.94,-29.67,0.72,63.25,TREND UP,CROSS_UP,NEUTRAL,,0.88,8.89,10.38,0.00,ALL-ALIGN BULL,BUY,1,
2019-05-21,11709.10,11488.10,11046.11,157.11,40.91,29.56,-5.27,-24.79,19.51,58.16,TREND UP,,NEUTRAL,,-0.13,7.79,9.25,-1.01,ALL-ALIGN BULL,BUY,0,
2019-05-22,11737.90,11503.11,11049.74,153.21,41.12,29.53,15.63,-16.71,32.33,59.02,TREND UP,,NEUTRAL,,0.11,8.06,9.27,-0.76,ALL-ALIGN BULL,BUY,0,
2019-05-23,11657.05,11515.19,11052.61,172.74,39.56,30.56,25.38,-8.29,33.67,55.57,TREND UP,,NEUTRAL,,-0.58,7.31,8.78,-1.45,ALL-ALIGN BULL,BUY,0,Lok Sabha BJP 303
2019-05-24,11844.10,11530.91,11056.15,174.82,40.42,31.51,47.65,2.90,44.75,61.22,TREND UP,,NEUTRAL,,1.02,9.04,9.60,0.00,ALL-ALIGN BULL,BUY,0,
2019-05-27,11924.75,11548.69,11060.12,172.68,40.03,32.73,70.99,16.52,54.47,63.38,TREND UP,,NEUTRAL,,1.71,9.78,10.35,0.00,ALL-ALIGN BULL,BUY,0,
2019-05-28,11928.75,11563.91,11063.93,167.03,39.21,33.87,88.78,30.97,57.81,63.48,TREND UP,,NEUTRAL,,1.74,9.82,10.43,0.00,ALL-ALIGN BULL,BUY,0,
2019-05-29,11861.10,11575.11,11066.84,161.89,39.08,34.64,96.32,44.04,52.28,60.23,TREND UP,,NEUTRAL,,1.16,9.19,10.43,-0.57,ALL-ALIGN BULL,BUY,0,
2019-05-30,11945.90,11587.19,11069.97,158.13,39.28,35.50,107.89,56.81,51.08,62.80,TREND UP,,NEUTRAL,,1.89,9.97,11.82,0.00,ALL-ALIGN BULL,BUY,0,
2019-05-31,11922.80,11598.78,11072.80,161.82,39.79,36.57,113.88,68.22,45.66,61.63,TREND UP,,NEUTRAL,,1.69,9.76,12.52,-0.19,ALL-ALIGN BULL,BUY,0,
2019-06-03,12088.55,11612.02,11076.51,163.33,38.41,37.79,130.50,80.68,49.82,66.46,TREND UP,,NEUTRAL,,0.00,11.29,14.95,0.00,ALL-ALIGN BULL,BUY,0,
2019-06-04,12021.65,11623.20,11080.40,158.04,37.79,38.93,136.69,91.88,44.81,63.02,TREND UP,,NEUTRAL,,-0.55,10.67,14.09,-0.55,ALL-ALIGN BULL,BUY,0,
2019-06-06,11843.75,11629.43,11082.81,161.72,43.72,38.10,125.80,98.66,27.14,54.87,TREND UP,,NEUTRAL,,-2.03,9.03,13.55,-2.03,EARLY-UP,HOLD,0,
2019-06-07,11870.65,11636.42,11085.23,159.31,62.09,36.79,117.98,102.53,15.45,55.80,TREND UP,,NEUTRAL,,-1.80,9.28,12.90,-1.80,ALL-ALIGN BULL,BUY,0,
2019-06-10,11922.70,11645.74,11087.90,155.39,58.68,36.01,114.66,104.95,9.70,57.62,TREND UP,,NEUTRAL,,-1.37,9.76,12.42,-1.37,ALL-ALIGN BULL,BUY,0,
2019-06-11,11965.60,11657.97,11090.48,151.15,56.91,35.43,114.17,106.80,7.37,59.11,TREND UP,,NEUTRAL,,-1.02,10.15,11.95,-1.02,ALL-ALIGN BULL,BUY,0,
2019-06-12,11906.20,11666.43,11092.65,147.44,56.86,34.51,107.75,106.99,0.76,56.16,TREND UP,,NEUTRAL,,-1.51,9.61,11.97,-1.51,ALL-ALIGN BULL,BUY,0,
2019-06-13,11914.05,11675.81,11095.08,145.07,54.57,33.19,102.12,106.01,-3.90,56.47,TREND UP,CROSS_DOWN,NEUTRAL,,-1.44,9.68,12.24,-1.44,ALL-ALIGN BULL,BUY,0,
2019-06-14,11823.30,11680.87,11097.41,143.02,63.72,31.79,89.30,102.67,-13.37,51.90,TREND UP,,NEUTRAL,,-2.19,8.84,10.13,-2.19,EARLY-UP,HOLD,0,
2019-06-17,11672.15,11680.93,11098.60,146.11,53.64,29.74,66.18,95.37,-29.19,45.33,TREND DOWN,,NEUTRAL,,-3.44,7.45,9.12,-3.44,BEAR,AVOID,0,
2019-06-18,11691.50,11680.50,11100.13,141.82,52.10,27.97,48.86,86.07,-37.21,46.27,TREND DOWN,,NEUTRAL,,-3.28,7.63,10.00,-3.28,BEAR,AVOID,0,
2019-06-19,11691.45,11681.45,11101.23,144.36,52.47,26.24,34.73,75.80,-41.07,46.27,TREND UP,,NEUTRAL,,-3.28,7.63,10.37,-3.28,EARLY-UP,HOLD,1,
2019-06-20,11831.75,11686.12,11102.63,148.94,54.39,24.95,34.46,67.53,-33.08,53.04,RANGE,,NEUTRAL,,-2.12,8.92,10.74,-2.12,CHOP-DOWN,STAND-ASIDE,0,
2019-06-21,11724.10,11687.29,11103.40,147.35,52.79,23.75,25.26,59.08,-33.82,48.04,RANGE,,NEUTRAL,,-3.01,7.93,8.88,-3.01,CHOP-DOWN,STAND-ASIDE,0,
2019-06-24,11699.65,11689.19,11103.99,142.81,51.41,22.30,15.82,50.43,-34.61,46.95,RANGE,,NEUTRAL,,-3.22,7.71,8.66,-3.22,CHOP-DOWN,STAND-ASIDE,0,
2019-06-25,11796.45,11691.68,11105.18,144.28,57.67,21.47,15.96,43.53,-27.57,51.61,CHOP,,NEUTRAL,,-2.42,8.60,9.36,-2.42,CHOP-DOWN,STAND-ASIDE,0,
2019-06-26,11847.55,11696.94,11105.96,142.14,59.51,21.16,19.97,38.82,-18.85,53.91,CHOP,,NEUTRAL,,-1.99,9.07,9.27,-1.99,CHOP-DOWN,STAND-ASIDE,0,
2019-06-27,11841.55,11701.84,11106.48,138.42,58.71,21.16,22.40,35.53,-13.14,53.59,CHOP,,NEUTRAL,,-2.04,9.01,9.07,-2.04,CHOP-MID,STAND-ASIDE,0,
2019-06-28,11788.85,11704.75,11106.96,135.41,58.53,20.66,19.85,32.40,-12.55,50.72,CHOP,,NEUTRAL,,-2.48,8.53,9.07,-2.48,CHOP-MID,STAND-ASIDE,0,
2019-07-01,11865.60,11708.25,11107.90,132.58,62.56,20.30,23.74,30.67,-6.92,54.53,CHOP,,NEUTRAL,,0.00,9.23,9.69,-1.84,CHOP-MID,STAND-ASIDE,0,
2019-07-02,11910.30,11710.72,11109.05,130.45,66.30,20.24,30.09,30.55,-0.46,56.64,CHOP,,NEUTRAL,,0.38,9.65,10.28,-1.47,CHOP-MID,STAND-ASIDE,0,
2019-07-03,11916.75,11714.00,11110.73,125.28,63.40,20.42,35.23,31.49,3.75,56.95,CHOP,CROSS_UP,NEUTRAL,,0.43,9.70,11.26,-1.42,STRONG-FLOW,BUY,0,
2019-07-04,11946.75,11721.04,11112.86,120.08,59.21,20.78,41.26,33.44,7.82,58.43,CHOP,,NEUTRAL,,0.68,9.98,10.91,-1.17,STRONG-FLOW,BUY,0,
2019-07-05,11811.15,11725.75,11114.53,124.64,57.80,19.61,34.69,33.69,1.00,50.02,CHOP,,NEUTRAL,,-0.46,8.73,9.96,-2.29,CHOP-MID,STAND-ASIDE,0,
2019-07-08,11558.60,11722.39,11114.64,136.30,52.68,20.02,9.00,28.75,-19.75,38.82,RANGE,CROSS_DOWN,NEUTRAL,,-2.59,6.41,6.81,-4.38,CHOP-DOWN,STAND-ASIDE,0,
2019-07-09,11555.90,11720.68,11114.47,135.24,46.69,20.75,-11.44,20.71,-32.16,38.72,RANGE,,NEUTRAL,,-2.61,6.38,7.37,-4.41,CHOP-DOWN,STAND-ASIDE,0,
2019-07-10,11498.90,11715.56,11114.77,134.02,44.72,21.31,-31.88,10.19,-42.07,36.58,RANGE,,NEUTRAL,,-3.09,5.86,6.78,-4.88,WEAK,NO-BUY,0,
2019-07-11,11582.90,11712.26,11116.25,131.59,44.12,21.78,-40.82,-0.01,-40.81,41.69,RANGE,,NEUTRAL,,-2.38,6.63,8.54,-4.18,CHOP-DOWN,STAND-ASIDE,0,
2019-07-12,11552.50,11708.81,11117.16,129.40,44.51,21.76,-49.79,-9.97,-39.83,40.42,RANGE,,NEUTRAL,,-2.64,6.35,9.10,-4.43,CHOP-DOWN,STAND-ASIDE,0,
2019-07-15,11588.35,11706.33,11117.53,126.31,42.73,21.79,-53.39,-18.65,-34.74,42.64,RANGE,,NEUTRAL,,-2.34,6.68,8.16,-4.14,CHOP-DOWN,STAND-ASIDE,0,
2019-07-16,11662.60,11707.62,11118.95,124.15,42.30,21.23,-49.68,-24.86,-24.82,47.04,RANGE,,NEUTRAL,,-1.71,7.37,9.43,-3.52,CHOP-DOWN,STAND-ASIDE,0,
2019-07-17,11687.50,11711.41,11121.00,119.25,41.46,20.31,-44.22,-28.73,-15.49,48.47,RANGE,,NEUTRAL,,-1.50,7.59,9.23,-3.32,CHOP-DOWN,STAND-ASIDE,0,
2019-07-18,11596.90,11716.16,11122.81,118.24,41.68,20.04,-46.66,-32.32,-14.35,43.84,RANGE,,NEUTRAL,,-2.26,6.76,7.68,-4.07,CHOP-DOWN,STAND-ASIDE,0,
2019-07-19,11419.25,11718.51,11124.19,127.01,40.80,21.02,-62.22,-38.30,-23.92,36.48,RANGE,,NEUTRAL,,-3.76,5.12,6.23,-5.54,WEAK,NO-BUY,0,
2019-07-22,11346.20,11719.86,11126.09,126.37,35.24,22.43,-79.53,-46.54,-32.98,33.96,RANGE,,NEUTRAL,,-4.38,4.45,5.32,-6.14,WEAK,NO-BUY,0,
2019-07-23,11331.05,11723.51,11127.40,124.15,36.05,23.74,-93.39,-55.91,-37.48,33.44,RANGE,,NEUTRAL,,-4.51,4.31,4.41,-6.27,WEAK,NO-BUY,0,
2019-07-24,11271.30,11724.50,11128.49,124.57,33.90,25.31,-107.95,-66.32,-41.63,31.41,TREND DOWN,,NEUTRAL,,-5.01,3.76,2.96,-6.76,PANIC,NO-TOUCH,0,
2019-07-25,11252.15,11726.40,11129.86,124.39,45.00,26.74,-119.65,-76.99,-42.67,30.76,TREND DOWN,,NEUTRAL,,-5.17,3.59,2.78,-6.92,PANIC,NO-TOUCH,0,
2019-07-26,11284.30,11726.94,11131.63,122.47,44.03,28.22,-124.90,-86.57,-38.33,33.24,TREND DOWN,,NEUTRAL,,-4.90,3.88,2.37,-6.65,PANIC,NO-TOUCH,0,
2019-07-29,11189.20,11722.59,11132.54,125.05,40.74,29.87,-135.17,-96.29,-38.88,29.84,TREND DOWN,,OVERSOLD,,-5.70,3.01,1.55,-7.44,PANIC,NO-TOUCH,0,
2019-07-30,11085.40,11707.73,11133.67,130.03,37.40,31.74,-149.96,-107.02,-42.93,26.64,TREND DOWN,,OVERSOLD,,-6.58,2.05,1.36,-8.30,PANIC,NO-TOUCH,0,
2019-07-31,11118.00,11695.91,11136.27,131.16,34.26,33.76,-157.23,-117.06,-40.17,29.21,TREND DOWN,,OVERSOLD,,-6.30,2.35,1.00,-8.03,PANIC,NO-TOUCH,0,
2019-08-01,10980.00,11680.75,11139.58,138.72,31.24,36.02,-172.15,-128.08,-44.07,25.18,TREND DOWN,,OVERSOLD,,0.00,1.08,-0.00,-9.17,PANIC,NO-TOUCH,0,
2019-08-02,10997.35,11667.56,11142.83,145.33,32.61,38.21,-180.49,-138.56,-41.93,26.55,TREND DOWN,,OVERSOLD,,0.16,1.24,0.37,-9.03,PANIC,NO-TOUCH,0,
2019-08-05,10862.60,11647.92,11145.64,150.29,31.94,40.43,-195.72,-149.99,-45.72,23.03,TREND DOWN,,OVERSOLD,,-1.07,0.00,-1.34,-10.14,PANIC,NO-TOUCH,0,
2019-08-06,10948.25,11628.40,11148.08,154.18,35.72,40.87,-198.59,-159.71,-38.87,29.44,TREND DOWN,,OVERSOLD,,-0.29,0.79,-1.23,-9.43,PANIC,NO-TOUCH,0,
2019-08-07,10855.50,11606.93,11151.18,153.15,37.88,41.29,-205.97,-168.96,-37.00,26.83,TREND DOWN,,OVERSOLD,,-1.13,-0.06,-2.50,-10.20,PANIC,NO-TOUCH,0,
2019-08-08,11032.45,11590.36,11153.98,157.57,50.03,40.68,-195.29,-174.23,-21.06,38.10,TREND DOWN,,NEUTRAL,,0.48,1.56,-0.89,-8.74,BEAR,AVOID,0,
2019-08-09,11109.65,11573.63,11156.97,156.96,50.53,38.87,-178.54,-175.09,-3.45,42.27,TREND DOWN,,NEUTRAL,,1.18,2.27,-0.52,-8.10,BEAR,AVOID,0,
2019-08-13,10925.85,11553.69,11158.68,163.20,55.21,38.14,-178.04,-175.68,-2.36,36.04,TREND DOWN,,NEUTRAL,,-0.49,0.58,-3.13,-9.62,BEAR,AVOID,0,
2019-08-14,11029.40,11532.51,11161.56,162.42,55.55,37.45,-167.36,-174.02,6.65,41.29,TREND DOWN,CROSS_UP,NEUTRAL,,0.45,1.54,-2.56,-8.76,BEAR,AVOID,0,
2019-08-16,11047.80,11513.03,11165.28,161.13,59.34,36.88,-155.62,-170.34,14.72,42.20,TREND DOWN,,NEUTRAL,,0.62,1.71,-2.72,-8.61,BEAR,AVOID,0,
2019-08-19,11053.90,11497.24,11169.32,157.41,59.51,35.56,-144.16,-165.10,20.94,42.52,TREND DOWN,,NEUTRAL,,0.67,1.76,-2.58,-8.56,BEAR,AVOID,0,
2019-08-20,11017.00,11480.16,11173.67,152.67,61.74,34.67,-136.49,-159.38,22.89,41.05,TREND DOWN,,NEUTRAL,,0.34,1.42,-2.02,-8.86,BEAR,AVOID,0,
2019-08-21,10918.70,11460.08,11177.14,150.87,68.10,34.32,-136.76,-154.86,18.10,37.35,TREND DOWN,,NEUTRAL,,-0.56,0.52,-3.89,-9.68,BEAR,AVOID,0,
2019-08-22,10741.35,11435.60,11180.22,154.41,63.28,34.91,-149.56,-153.80,4.24,31.78,TREND DOWN,,NEUTRAL,BULL_DIV,-2.17,-1.12,-5.67,-11.14,BEAR,AVOID,0,
2019-08-23,10829.35,11414.06,11184.22,159.48,56.99,35.77,-150.87,-153.21,2.35,36.81,TREND DOWN,,NEUTRAL,,-1.37,-0.31,-4.92,-10.42,BEAR,AVOID,0,
2019-08-26,11057.85,11396.94,11188.26,170.50,58.24,34.72,-131.94,-148.96,17.02,47.62,TREND DOWN,,NEUTRAL,,0.71,1.80,-3.42,-8.53,BEAR,AVOID,0,
2019-08-27,11105.35,11382.58,11192.79,164.91,56.36,33.21,-111.82,-141.53,29.71,49.55,TREND DOWN,,NEUTRAL,,1.14,2.24,-3.19,-8.13,BEAR,AVOID,0,
2019-08-28,11046.10,11370.06,11196.09,163.27,55.36,32.14,-99.51,-133.13,33.62,47.21,TREND DOWN,,NEUTRAL,,0.60,1.69,-3.35,-8.62,BEAR,AVOID,0,
2019-08-29,10948.30,11355.19,11198.93,160.45,55.10,31.49,-96.53,-125.81,29.27,43.56,TREND DOWN,,NEUTRAL,,-0.29,0.79,-3.59,-9.43,BEAR,AVOID,0,
2019-08-30,11023.25,11341.83,11201.28,160.97,54.33,31.13,-87.12,-118.07,30.95,46.95,TREND DOWN,,NEUTRAL,,0.39,1.48,-3.60,-8.81,BEAR,AVOID,0,
2019-09-03,10797.90,11321.15,11202.65,167.37,58.46,31.27,-96.73,-113.80,17.07,39.31,TREND DOWN,,NEUTRAL,,0.00,-0.60,-5.16,-10.68,BEAR,AVOID,0,
2019-09-04,10844.65,11303.56,11204.22,163.44,56.30,31.52,-99.43,-110.93,11.50,41.44,TREND DOWN,,NEUTRAL,,0.43,-0.16,-5.46,-10.29,BEAR,AVOID,0,
2019-09-05,10847.90,11286.53,11205.47,159.21,55.48,31.18,-100.15,-108.77,8.62,41.59,TREND DOWN,,NEUTRAL,,0.46,-0.13,-6.09,-10.26,BEAR,AVOID,0,
2019-09-06,10946.20,11269.52,11207.27,155.63,54.87,30.55,-91.73,-105.36,13.63,46.18,TREND DOWN,,NEUTRAL,,1.37,0.77,-5.40,-9.45,BEAR,AVOID,0,
2019-09-09,11003.05,11252.63,11209.88,154.45,55.78,29.33,-79.56,-100.20,20.65,48.70,TREND DOWN,,NEUTRAL,,1.90,1.29,-5.00,-8.98,BEAR,AVOID,0,
2019-09-11,11035.70,11236.52,11212.14,147.11,55.10,27.99,-66.50,-93.46,26.96,50.14,TREND DOWN,,NEUTRAL,,2.20,1.59,-4.51,-8.71,BEAR,AVOID,0,
2019-09-12,10982.80,11220.40,11214.18,144.95,54.91,27.06,-59.74,-86.72,26.98,47.79,TREND DOWN,,NEUTRAL,,1.71,1.11,-6.07,-9.15,BEAR,AVOID,0,
2019-09-13,11075.90,11204.60,11216.47,144.50,53.80,26.32,-46.34,-78.64,32.31,52.04,TREND DOWN,,NEUTRAL,,2.57,1.96,-5.64,-8.38,BEAR,AVOID,0,
2019-09-16,11003.50,11186.47,11218.08,141.87,60.85,25.64,-41.08,-71.13,30.05,48.72,TREND DOWN,,NEUTRAL,,1.90,1.30,-5.89,-8.98,BEAR,AVOID,0,
2019-09-17,10817.60,11164.48,11218.35,146.52,58.73,26.09,-51.32,-67.17,15.84,41.42,TREND DOWN,,NEUTRAL,,0.18,-0.41,-7.36,-10.51,BEAR,AVOID,0,
2019-09-18,10840.65,11142.36,11219.27,141.79,59.67,26.51,-56.93,-65.12,8.19,42.57,TREND DOWN,,NEUTRAL,,0.40,-0.20,-7.19,-10.32,BEAR,AVOID,0,
2019-09-19,10704.80,11120.23,11219.80,144.16,57.40,27.58,-71.50,-66.40,-5.11,37.86,TREND DOWN,CROSS_DOWN,NEUTRAL,,-0.86,-1.45,-7.58,-11.45,BEAR,AVOID,0,
2019-09-20,11274.20,11114.55,11223.53,183.21,46.86,26.47,-36.69,-60.45,23.77,58.56,TREND UP,CROSS_UP,NEUTRAL,,4.41,3.79,-2.14,-6.74,ALL-ALIGN BULL,BUY,1,Corporate tax cut +5.32% historic
2019-09-23,11600.20,11115.43,11228.39,200.17,36.77,26.65,17.01,-44.96,61.98,65.63,TREND UP,,NEUTRAL,,7.43,6.79,1.07,-4.04,ALL-ALIGN BULL,BUY,0,
2019-09-24,11588.20,11117.22,11232.90,194.15,34.84,26.81,57.94,-24.38,82.32,65.19,TREND UP,,NEUTRAL,,7.32,6.68,0.44,-4.14,ALL-ALIGN BULL,BUY,0,
2019-09-25,11440.20,11114.36,11236.46,192.58,35.71,26.22,77.53,-4.00,81.53,59.85,TREND UP,,NEUTRAL,,5.95,5.32,-1.28,-5.36,ALL-ALIGN BULL,BUY,0,
2019-09-26,11571.20,11114.74,11240.02,191.01,36.65,25.86,102.45,17.29,85.16,62.76,TREND UP,,NEUTRAL,,7.16,6.52,1.16,-4.28,ALL-ALIGN BULL,BUY,0,
2019-09-27,11512.40,11113.22,11243.20,184.07,36.44,25.52,116.12,37.06,79.06,60.64,TREND UP,,NEUTRAL,,6.62,5.98,1.99,-4.77,ALL-ALIGN BULL,BUY,0,
2019-09-30,11474.45,11109.46,11246.16,179.61,36.19,24.51,122.47,54.14,68.33,59.24,RANGE,,NEUTRAL,,6.27,5.63,0.92,-5.08,CHOP-UP,WATCH,0,
2019-10-01,11359.90,11102.90,11248.61,188.66,39.65,22.78,116.92,66.70,50.22,55.13,RANGE,,NEUTRAL,,0.00,4.58,-1.35,-6.03,CHOP-UP,WATCH,0,
2019-10-03,11314.00,11097.25,11251.26,183.26,39.60,21.17,107.57,74.87,32.70,53.53,RANGE,,NEUTRAL,,-0.40,4.16,-0.56,-6.41,CHOP-UP,WATCH,0,
2019-10-04,11174.75,11092.36,11254.13,187.45,40.92,20.18,87.92,77.48,10.44,48.88,RANGE,,NEUTRAL,,-1.63,2.87,-0.92,-7.56,CHOP-MID,STAND-ASIDE,0,
2019-10-07,11126.40,11087.96,11256.29,182.72,41.09,19.49,67.66,75.52,-7.86,47.34,RANGE,CROSS_DOWN,NEUTRAL,,-2.06,2.43,-0.96,-7.96,CHOP-MID,STAND-ASIDE,0,
2019-10-09,11313.30,11087.60,11260.42,186.20,41.39,18.31,65.92,73.60,-7.67,53.44,RANGE,,NEUTRAL,,-0.41,4.15,1.53,-6.41,CHOP-MID,STAND-ASIDE,0,
2019-10-10,11234.55,11086.87,11263.85,180.38,41.70,17.22,57.53,70.38,-12.85,50.77,RANGE,,NEUTRAL,,-1.10,3.42,2.44,-7.06,CHOP-MID,STAND-ASIDE,0,
2019-10-11,11305.05,11087.93,11266.68,179.89,42.45,16.22,55.93,67.49,-11.57,53.03,RANGE,,NEUTRAL,,-0.48,4.07,2.15,-6.48,CHOP-MID,STAND-ASIDE,0,
2019-10-14,11341.15,11089.06,11269.43,176.35,54.04,15.63,56.91,65.38,-8.47,54.19,RANGE,,NEUTRAL,,-0.17,4.41,2.60,-6.18,CHOP-MID,STAND-ASIDE,0,
2019-10-15,11428.30,11093.85,11272.55,172.41,51.82,15.35,63.98,65.10,-1.11,56.95,RANGE,,NEUTRAL,,0.60,5.21,4.11,-5.46,CHOP-MID,STAND-ASIDE,0,
2019-10-16,11464.00,11101.42,11275.42,165.10,54.12,15.19,71.65,66.41,5.24,58.07,RANGE,CROSS_UP,NEUTRAL,,0.92,5.54,4.88,-5.17,CHOP-UP,WATCH,0,
2019-10-17,11586.35,11110.79,11278.81,164.69,53.90,15.73,86.59,70.44,16.15,61.73,RANGE,,NEUTRAL,,1.99,6.66,5.25,-4.15,CHOP-UP,WATCH,0,
2019-10-18,11661.85,11124.42,11282.28,162.32,48.18,16.65,103.34,77.02,26.31,63.83,RANGE,,NEUTRAL,,2.66,7.36,7.40,-3.53,CHOP-UP,WATCH,0,
2019-10-22,11588.35,11136.24,11285.47,160.78,47.16,17.66,109.42,83.50,25.91,60.36,RANGE,,NEUTRAL,,2.01,6.68,9.33,-4.14,CHOP-UP,WATCH,0,
2019-10-23,11604.10,11151.07,11289.72,156.24,46.73,18.41,114.19,89.64,24.55,60.85,RANGE,,NEUTRAL,,2.15,6.83,12.48,-4.01,CHOP-UP,WATCH,0,
2019-10-24,11582.60,11163.76,11294.31,155.43,43.77,19.26,114.91,94.69,20.22,59.76,RANGE,,NEUTRAL,,1.96,6.63,11.93,-4.19,CHOP-UP,WATCH,0,
2019-10-25,11583.90,11178.33,11298.58,155.48,44.58,19.61,114.27,98.61,15.66,59.81,RANGE,,NEUTRAL,,1.97,6.64,12.45,-4.17,CHOP-UP,WATCH,0,
2019-10-29,11786.85,11193.42,11303.62,160.48,38.90,20.80,128.66,104.62,24.04,66.38,RANGE,,NEUTRAL,,3.76,8.51,12.68,-2.50,STRONG-FLOW,BUY,0,
2019-10-30,11844.10,11208.10,11308.54,156.13,34.75,22.23,143.03,112.30,30.73,67.97,RANGE,,NEUTRAL,,4.26,9.04,15.73,-2.02,STRONG-FLOW,BUY,0,
2019-10-31,11877.45,11227.14,11313.61,152.18,34.05,23.82,155.32,120.90,34.42,68.90,RANGE,,NEUTRAL,,4.56,9.34,13.42,-1.75,STRONG-FLOW,BUY,0,
2019-11-01,11890.60,11244.36,11319.11,146.67,33.43,25.17,164.23,129.57,34.66,69.27,TREND UP,,NEUTRAL,,0.00,9.46,13.11,-1.64,ALL-ALIGN BULL,BUY,1,
2019-11-04,11941.30,11262.23,11325.45,143.23,34.79,26.73,173.38,138.33,35.05,70.74,TREND UP,,OVERBOUGHT,,0.43,9.93,12.82,-1.22,ALL-ALIGN BULL,BUY,0,
2019-11-05,11917.20,11279.50,11331.40,141.36,37.43,27.68,176.65,146.00,30.66,69.05,TREND UP,,NEUTRAL,,0.22,9.71,14.01,-1.42,ALL-ALIGN BULL,BUY,0,
2019-11-06,11966.05,11298.48,11337.37,142.17,41.49,28.68,181.10,153.02,28.08,70.59,TREND UP,,OVERBOUGHT,,0.63,10.16,16.14,-1.01,ALL-ALIGN BULL,BUY,0,
2019-11-07,12012.05,11320.34,11343.42,137.34,42.24,29.70,186.19,159.65,26.54,71.99,TREND UP,,OVERBOUGHT,,1.02,10.58,17.25,-0.63,ALL-ALIGN BULL,BUY,0,
2019-11-08,11908.15,11343.68,11348.69,137.91,44.52,29.94,179.77,163.68,16.09,64.48,TREND UP,,NEUTRAL,,0.15,9.63,17.36,-1.49,ALL-ALIGN BULL,BUY,0,
2019-11-11,11913.45,11365.36,11354.14,133.68,43.37,29.75,173.11,165.56,7.55,64.69,TREND UP,,NEUTRAL,,0.19,9.67,16.52,-1.45,ALL-ALIGN BULL,BUY,0,
2019-11-13,11840.45,11381.01,11359.37,132.96,42.99,29.23,160.10,164.47,-4.37,59.65,TREND UP,CROSS_DOWN,NEUTRAL,,-0.42,9.00,16.94,-2.05,ALL-ALIGN BULL,BUY,0,
2019-11-14,11872.10,11396.35,11365.04,130.11,42.89,28.50,150.61,161.70,-11.09,61.06,TREND UP,,NEUTRAL,,-0.16,9.29,18.37,-1.79,ALL-ALIGN BULL,BUY,0,
2019-11-15,11895.45,11413.34,11370.09,128.07,41.90,28.40,143.31,158.02,-14.71,62.12,TREND UP,,NEUTRAL,,0.04,9.51,16.04,-1.60,ALL-ALIGN BULL,BUY,0,
2019-11-18,11884.50,11432.06,11375.06,124.54,51.04,28.17,135.09,153.44,-18.34,61.28,TREND UP,,NEUTRAL,,-0.05,9.41,16.53,-1.69,ALL-ALIGN BULL,BUY,0,
2019-11-19,11940.10,11450.40,11380.23,121.15,65.76,28.05,131.55,149.06,-17.51,63.95,TREND UP,,NEUTRAL,,0.42,9.92,14.96,-1.23,ALL-ALIGN BULL,BUY,0,
2019-11-20,11999.10,11474.42,11385.69,119.53,67.88,28.52,131.98,145.64,-13.66,66.57,TREND UP,,NEUTRAL,,0.91,10.46,15.59,-0.74,ALL-ALIGN BULL,BUY,0,
2019-11-21,11968.40,11496.90,11390.73,116.08,67.08,28.83,128.36,142.19,-13.82,63.96,TREND UP,,NEUTRAL,,0.65,10.18,13.41,-0.99,ALL-ALIGN BULL,BUY,0,
2019-11-22,11914.40,11518.23,11395.69,113.86,67.35,28.13,119.76,137.70,-17.94,59.53,TREND UP,,NEUTRAL,,0.20,9.68,13.21,-1.44,ALL-ALIGN BULL,BUY,0,
2019-11-25,12073.75,11540.78,11401.90,117.87,62.51,28.35,124.37,135.03,-10.67,66.83,TREND UP,,NEUTRAL,,1.54,11.15,14.66,-0.12,ALL-ALIGN BULL,BUY,0,
2019-11-26,12037.70,11561.47,11407.84,118.46,56.79,28.86,123.68,132.76,-9.08,64.02,TREND UP,,NEUTRAL,,1.24,10.82,13.58,-0.42,ALL-ALIGN BULL,BUY,0,
2019-11-27,12100.70,11582.77,11414.44,115.51,54.80,29.34,126.76,131.56,-4.80,66.66,TREND UP,,NEUTRAL,,1.77,11.40,14.32,0.00,ALL-ALIGN BULL,BUY,0,
2019-11-28,12151.15,11606.14,11421.88,111.47,51.46,30.07,131.76,131.60,0.15,68.64,TREND UP,CROSS_UP,NEUTRAL,BEAR_DIV,2.19,11.86,15.92,0.00,TOP-WARNING,NO-NEW,0,
2019-11-29,12056.05,11625.74,11428.90,113.06,51.14,29.63,126.58,130.60,-4.02,61.24,TREND UP,CROSS_DOWN,NEUTRAL,,1.39,10.99,13.92,-0.78,ALL-ALIGN BULL,BUY,0,
2019-12-02,12048.20,11646.63,11435.89,113.09,52.09,29.22,120.46,128.57,-8.11,60.66,TREND UP,,NEUTRAL,,0.00,10.92,13.92,-0.85,ALL-ALIGN BULL,BUY,0,
2019-12-03,11994.20,11670.17,11441.70,113.02,51.78,27.99,109.98,124.85,-14.87,56.68,TREND UP,,NEUTRAL,,-0.45,10.42,12.97,-1.29,ALL-ALIGN BULL,BUY,0,
2019-12-04,12043.20,11694.22,11447.45,113.48,60.12,26.59,104.42,120.77,-16.34,59.29,TREND UP,,NEUTRAL,,-0.04,10.87,12.74,-0.89,ALL-ALIGN BULL,BUY,0,
2019-12-05,12018.40,11720.49,11452.98,111.26,59.60,25.56,96.90,115.99,-19.09,57.40,TREND UP,,NEUTRAL,,-0.25,10.64,11.66,-1.09,ALL-ALIGN BULL,BUY,0,
2019-12-06,11921.50,11733.44,11457.92,115.33,63.84,24.10,82.18,109.23,-27.05,50.62,CHOP,,NEUTRAL,,-1.05,9.75,11.87,-1.89,CHOP-DOWN,STAND-ASIDE,0,
2019-12-09,11937.50,11740.18,11462.29,113.80,64.50,22.75,70.98,101.58,-30.60,51.64,CHOP,,NEUTRAL,,-0.92,9.90,12.62,-1.76,CHOP-DOWN,STAND-ASIDE,0,
2019-12-10,11856.80,11745.55,11466.23,113.42,59.75,21.94,54.96,92.26,-37.30,46.45,CHOP,,NEUTRAL,,-1.59,9.15,12.63,-2.42,CHOP-DOWN,STAND-ASIDE,0,
2019-12-11,11910.15,11754.95,11471.06,111.81,58.77,21.32,46.04,83.01,-36.97,50.02,CHOP,,NEUTRAL,,-1.15,9.64,12.06,-1.98,CHOP-DOWN,STAND-ASIDE,0,
2019-12-12,11971.80,11762.96,11476.48,110.64,59.03,19.86,43.44,75.10,-31.66,53.86,CHOP,,NEUTRAL,,-0.63,10.21,12.04,-1.48,CHOP-DOWN,STAND-ASIDE,0,
2019-12-13,12086.70,11774.45,11482.75,111.81,57.96,19.43,50.08,70.10,-20.02,60.02,CHOP,,NEUTRAL,,0.32,11.27,12.66,-0.53,CHOP-DOWN,STAND-ASIDE,0,
2019-12-16,12053.95,11786.04,11489.29,110.13,57.00,19.36,52.10,66.50,-14.40,57.65,CHOP,,NEUTRAL,,0.05,10.97,11.01,-0.80,CHOP-MID,STAND-ASIDE,0,
2019-12-17,12165.00,11802.14,11496.50,111.47,55.63,19.69,61.94,65.58,-3.64,62.98,CHOP,,NEUTRAL,,0.97,11.99,11.84,0.00,CHOP-UP,WATCH,0,
2019-12-18,12221.65,11820.30,11504.40,108.81,50.49,20.43,73.47,67.16,6.31,65.37,RANGE,CROSS_UP,NEUTRAL,,1.44,12.51,12.29,0.00,STRONG-FLOW,BUY,0,
2019-12-19,12259.70,11841.99,11512.68,106.55,46.31,21.34,84.70,70.67,14.03,66.91,RANGE,,NEUTRAL,,1.76,12.86,12.79,0.00,STRONG-FLOW,BUY,0,
2019-12-20,12271.80,11864.90,11520.36,101.88,42.25,22.38,93.49,75.23,18.26,67.41,RANGE,,NEUTRAL,BEAR_DIV,1.86,12.97,13.81,0.00,TOP-WARNING,NO-NEW,0,
2019-12-23,12262.75,11883.89,11527.72,99.88,41.21,22.74,98.60,79.91,18.69,66.60,RANGE,,NEUTRAL,,1.78,12.89,15.67,-0.07,STRONG-FLOW,BUY,0,
2019-12-24,12214.55,11903.49,11534.84,98.57,40.14,22.92,97.63,83.45,14.18,62.32,RANGE,,NEUTRAL,,1.38,12.45,14.22,-0.47,STRONG-FLOW,BUY,0,
2019-12-26,12126.55,11919.92,11541.07,98.87,40.72,21.94,88.74,84.51,4.23,55.33,RANGE,,NEUTRAL,,0.65,11.64,15.62,-1.18,STRONG-FLOW,BUY,0,
2019-12-27,12245.80,11938.01,11548.12,101.23,39.69,21.41,90.27,85.66,4.61,61.61,RANGE,,NEUTRAL,,1.64,12.73,16.08,-0.21,STRONG-FLOW,BUY,0,
2019-12-30,12255.85,11954.56,11555.37,99.19,39.07,21.18,91.25,86.78,4.47,62.10,RANGE,,NEUTRAL,,1.72,12.83,14.14,-0.13,STRONG-FLOW,BUY,0,
2019-12-31,12168.45,11968.65,11562.25,99.53,38.94,20.16,84.00,86.22,-2.22,55.54,RANGE,CROSS_DOWN,NEUTRAL,,1.00,12.02,12.76,-0.84,CHOP-MID,STAND-ASIDE,0,
2020-01-01,12182.50,11980.58,11568.84,96.49,47.36,19.21,78.49,84.68,-6.19,56.34,RANGE,,NEUTRAL,,0.00,0.12,12.74,-0.73,CHOP-MID,STAND-ASIDE,0,
2020-01-02,12282.20,11992.98,11575.32,97.27,58.57,19.05,81.23,83.99,-2.76,61.61,CHOP,,NEUTRAL,BEAR_DIV,0.82,0.93,12.80,0.00,TOP-WARNING,NO-NEW,0,
2020-01-03,12226.65,12005.75,11581.18,96.81,60.79,18.85,78.01,82.79,-4.78,57.45,CHOP,,NEUTRAL,,0.36,0.48,12.08,-0.45,CHOP-MID,STAND-ASIDE,0,
2020-01-06,11993.05,12013.53,11585.86,107.93,55.85,18.73,55.97,77.43,-21.45,43.99,CHOP,,NEUTRAL,,-1.56,-1.44,9.35,-2.35,CHOP-DOWN,STAND-ASIDE,0,
2020-01-07,12052.95,12022.94,11590.95,111.58,56.66,18.61,42.85,70.51,-27.67,47.40,CHOP,,NEUTRAL,,-1.06,-0.95,10.06,-1.87,CHOP-DOWN,STAND-ASIDE,0,
2020-01-08,12025.35,12031.77,11595.23,112.42,53.00,19.12,29.87,62.38,-32.51,46.01,RANGE,,NEUTRAL,,-1.29,-1.18,11.82,-2.09,CHOP-DOWN,STAND-ASIDE,0,
2020-01-09,12215.90,12040.35,11599.81,118.59,55.99,17.80,34.57,56.82,-22.25,55.66,CHOP,,NEUTRAL,,0.27,0.39,14.56,-0.54,CHOP-DOWN,STAND-ASIDE,0,
2020-01-10,12256.80,12048.60,11604.38,117.12,55.56,17.27,41.11,53.68,-12.57,57.41,CHOP,,NEUTRAL,,0.61,0.73,14.23,-0.21,CHOP-MID,STAND-ASIDE,0,
2020-01-13,12329.55,12057.64,11609.31,114.53,53.17,16.98,51.58,53.26,-1.68,60.42,RANGE,,NEUTRAL,,1.21,1.32,14.38,0.00,CHOP-UP,WATCH,0,
2020-01-14,12362.30,12067.08,11613.99,111.03,49.56,16.99,61.80,54.97,6.83,61.73,RANGE,CROSS_UP,NEUTRAL,,1.48,1.59,13.83,0.00,CHOP-UP,WATCH,0,
2020-01-15,12343.30,12075.12,11618.40,109.07,49.12,16.68,67.59,57.49,10.10,60.48,RANGE,,NEUTRAL,,1.32,1.44,13.63,-0.15,CHOP-UP,WATCH,0,
2020-01-16,12355.50,12083.88,11622.51,106.51,46.48,16.67,72.33,60.46,11.87,61.03,RANGE,,NEUTRAL,,1.42,1.54,14.48,-0.06,CHOP-UP,WATCH,0,
2020-01-17,12352.35,12091.61,11626.67,103.48,46.28,16.66,74.97,63.36,11.61,60.79,RANGE,,NEUTRAL,,1.39,1.51,15.74,-0.08,CHOP-UP,WATCH,0,
2020-01-20,12224.55,12095.86,11630.51,111.34,45.58,15.51,65.98,63.88,2.10,52.08,RANGE,,NEUTRAL,,0.35,0.46,13.96,-1.11,CHOP-UP,WATCH,0,
2020-01-21,12169.85,12101.09,11634.58,108.23,45.82,14.87,53.83,61.87,-8.04,48.86,RANGE,CROSS_DOWN,NEUTRAL,,-0.10,0.01,12.98,-1.56,CHOP-MID,STAND-ASIDE,0,
2020-01-22,12106.90,12104.96,11637.70,110.30,46.49,14.90,38.67,57.23,-18.56,45.37,RANGE,,NEUTRAL,,-0.62,-0.51,12.08,-2.07,CHOP-DOWN,STAND-ASIDE,0,
2020-01-23,12180.35,12111.76,11641.38,109.20,46.58,14.93,32.22,52.23,-20.01,49.87,RANGE,,NEUTRAL,,-0.02,0.10,12.21,-1.47,CHOP-DOWN,STAND-ASIDE,0,
2020-01-24,12248.25,12119.28,11644.77,110.15,43.59,14.06,32.21,48.23,-16.02,53.66,RANGE,,NEUTRAL,,0.54,0.66,13.18,-0.92,CHOP-DOWN,STAND-ASIDE,0,
2020-01-27,12119.00,12123.75,11647.02,112.37,43.16,13.65,21.52,42.89,-21.36,46.45,RANGE,,NEUTRAL,,-0.52,-0.41,12.27,-1.97,CHOP-DOWN,STAND-ASIDE,0,
2020-01-28,12055.80,12127.18,11648.73,114.27,51.50,13.96,7.86,35.88,-28.02,43.39,RANGE,,NEUTRAL,,-1.04,-0.93,12.28,-2.48,CHOP-DOWN,STAND-ASIDE,0,
2020-01-29,12129.50,12130.97,11651.16,114.24,49.40,14.18,2.95,29.30,-26.34,47.72,RANGE,,NEUTRAL,,-0.44,-0.32,11.41,-1.88,CHOP-DOWN,STAND-ASIDE,0,
2020-01-30,12035.80,12131.70,11653.35,116.06,49.17,15.10,-8.40,21.76,-30.16,43.19,RANGE,,NEUTRAL,,-1.20,-1.09,10.52,-2.64,CHOP-DOWN,STAND-ASIDE,0,
2020-01-31,11962.10,12131.58,11654.83,119.03,45.58,16.38,-23.08,12.79,-35.87,39.98,RANGE,,NEUTRAL,,-1.81,-1.70,9.69,-3.24,CHOP-DOWN,STAND-ASIDE,0,
2020-02-03,11707.90,12127.44,11655.35,135.36,31.94,19.08,-54.60,-0.69,-53.91,31.32,RANGE,,NEUTRAL,,0.00,-3.78,7.34,-5.29,WEAK,NO-BUY,0,
2020-02-04,11979.65,12125.56,11656.89,145.57,35.65,19.44,-56.99,-11.95,-45.04,45.03,RANGE,,NEUTRAL,,2.32,-1.55,9.28,-3.10,CHOP-DOWN,STAND-ASIDE,0,
2020-02-05,12089.15,12126.59,11659.41,145.51,36.92,18.98,-49.48,-19.46,-30.03,49.41,RANGE,,NEUTRAL,,3.26,-0.65,10.68,-2.21,CHOP-DOWN,STAND-ASIDE,0,
2020-02-06,12137.95,12127.34,11662.12,140.54,37.13,18.14,-39.14,-23.39,-15.75,51.27,RANGE,,NEUTRAL,,3.67,-0.25,12.06,-1.81,CHOP-DOWN,STAND-ASIDE,0,
2020-02-07,12098.35,12126.28,11664.39,136.27,42.92,17.41,-33.75,-25.47,-8.29,49.67,RANGE,,NEUTRAL,,3.33,-0.58,11.51,-2.14,CHOP-MID,STAND-ASIDE,0,
2020-02-10,12031.50,12125.79,11666.10,134.60,43.74,17.22,-34.48,-27.27,-7.21,47.01,RANGE,,NEUTRAL,,2.76,-1.13,11.60,-2.68,CHOP-MID,STAND-ASIDE,0,
2020-02-11,12107.90,12126.98,11667.70,135.04,43.81,16.55,-28.56,-27.53,-1.03,50.29,RANGE,,NEUTRAL,,3.42,-0.50,13.57,-2.06,CHOP-MID,STAND-ASIDE,0,
2020-02-12,12201.20,12131.12,11669.94,134.24,44.33,15.51,-16.16,-25.25,9.10,54.03,RANGE,CROSS_UP,NEUTRAL,,4.21,0.27,14.54,-1.30,CHOP-UP,WATCH,0,
2020-02-13,12174.65,12133.75,11672.84,130.78,46.07,14.57,-8.37,-21.88,13.51,52.82,RANGE,,NEUTRAL,,3.99,0.05,14.30,-1.52,CHOP-UP,WATCH,0,
2020-02-14,12113.45,12135.65,11675.53,132.55,45.42,14.04,-7.06,-18.91,11.86,50.01,RANGE,,NEUTRAL,,3.46,-0.45,11.84,-2.01,CHOP-MID,STAND-ASIDE,0,
2020-02-17,12045.80,12138.14,11677.13,131.84,45.13,13.90,-11.34,-17.40,6.05,47.04,RANGE,,NEUTRAL,,2.89,-1.01,10.58,-2.56,CHOP-MID,STAND-ASIDE,0,
2020-02-18,11992.50,12139.24,11678.88,132.26,45.56,14.55,-18.83,-17.68,-1.14,44.79,RANGE,CROSS_DOWN,NEUTRAL,,2.43,-1.45,9.90,-2.99,CHOP-DOWN,STAND-ASIDE,0,
2020-02-19,12125.90,12144.62,11680.74,132.97,45.60,14.31,-13.83,-16.91,3.08,51.11,RANGE,CROSS_UP,NEUTRAL,,3.57,-0.35,10.90,-1.91,CHOP-MID,STAND-ASIDE,0,
2020-02-20,12080.85,12148.04,11682.40,129.23,44.19,13.95,-13.35,-16.20,2.85,49.07,RANGE,,NEUTRAL,,3.19,-0.72,9.21,-2.28,CHOP-MID,STAND-ASIDE,0,
2020-02-24,11829.40,12145.19,11682.93,139.10,54.44,15.00,-32.89,-19.54,-13.35,39.56,RANGE,CROSS_DOWN,NEUTRAL,,1.04,-2.79,6.87,-4.31,CHOP-DOWN,STAND-ASIDE,0,
2020-02-25,11797.90,12139.41,11683.35,136.53,50.59,16.13,-50.33,-25.70,-24.63,38.55,RANGE,,NEUTRAL,,0.77,-3.05,7.81,-4.57,CHOP-DOWN,STAND-ASIDE,0,
2020-02-26,11678.50,12131.90,11683.75,138.09,40.92,17.75,-72.95,-35.15,-37.80,34.92,RANGE,,NEUTRAL,,-0.25,-4.03,7.25,-5.53,WEAK,NO-BUY,0,
2020-02-27,11633.30,12121.27,11684.43,138.35,36.36,19.62,-93.44,-46.81,-46.63,33.63,RANGE,,NEUTRAL,,-0.64,-4.40,7.40,-5.90,WEAK,NO-BUY,0,
2020-02-28,11201.75,12100.87,11683.64,161.20,27.78,22.32,-142.86,-66.02,-76.84,24.36,RANGE,,OVERSOLD,,-4.32,-7.94,4.24,-9.39,WEAK,NO-BUY,0,
2020-03-02,11132.75,12078.33,11682.80,178.03,27.71,25.11,-185.45,-89.90,-95.55,23.26,TREND DOWN,,OVERSOLD,,0.00,-8.51,3.81,-9.95,PANIC,NO-TOUCH,0,
2020-03-03,11303.30,12058.96,11682.92,180.27,28.73,27.70,-203.10,-112.54,-90.56,31.52,TREND DOWN,,NEUTRAL,,1.53,-7.11,6.22,-8.57,PANIC,NO-TOUCH,0,
2020-03-04,11251.00,12038.73,11683.43,187.00,30.88,30.24,-218.79,-133.79,-85.00,30.44,TREND DOWN,,NEUTRAL,,1.06,-7.54,6.10,-8.99,PANIC,NO-TOUCH,0,
2020-03-05,11269.00,12019.82,11683.67,183.99,31.68,32.31,-227.15,-152.46,-74.69,31.31,TREND DOWN,,NEUTRAL,,1.22,-7.39,4.97,-8.84,PANIC,NO-TOUCH,0,
2020-03-06,10989.45,11997.07,11682.83,202.39,31.75,34.97,-253.41,-172.65,-80.76,25.87,TREND DOWN,,OVERSOLD,,-1.29,-9.69,1.85,-11.11,PANIC,NO-TOUCH,0,
2020-03-09,10451.45,11961.19,11678.80,237.58,25.61,38.00,-314.02,-200.93,-113.09,19.03,TREND DOWN,,OVERSOLD,,-6.12,-14.11,-3.15,-15.46,PANIC,NO-TOUCH,0,
2020-03-11,10458.40,11925.24,11674.06,235.69,26.37,40.82,-357.37,-232.22,-125.15,19.33,TREND DOWN,,OVERSOLD,,-6.06,-14.05,-3.88,-15.40,PANIC,NO-TOUCH,0,
2020-03-12,9590.15,11873.67,11662.87,286.74,20.43,43.95,-456.52,-277.08,-179.45,12.94,TREND DOWN,,OVERSOLD,,-13.86,-21.19,-11.49,-22.42,PANIC,NO-TOUCH,0,Covid Black Thursday
2020-03-13,9955.20,11829.13,11654.10,380.85,21.25,47.16,-499.88,-321.64,-178.25,24.27,TREND DOWN,,OVERSOLD,,-10.58,-18.19,-7.88,-19.47,PANIC,NO-TOUCH,0,
2020-03-16,9197.40,11767.43,11641.40,410.08,25.83,50.14,-588.61,-375.03,-213.58,18.80,TREND DOWN,,OVERSOLD,,-17.38,-24.42,-14.78,-25.60,PANIC,NO-TOUCH,0,
2020-03-17,8967.05,11702.24,11627.95,415.66,29.14,52.98,-669.79,-433.99,-235.81,17.51,TREND DOWN,,OVERSOLD,,-19.45,-26.31,-17.46,-27.46,PANIC,NO-TOUCH,0,
2020-03-18,8468.80,11631.75,11611.07,437.43,31.74,55.72,-765.51,-500.29,-265.22,15.09,TREND DOWN,,OVERSOLD,,-23.93,-30.40,-22.92,-31.49,PANIC,NO-TOUCH,0,
2020-03-19,8263.45,11555.96,11592.76,459.25,30.85,58.36,-848.16,-569.87,-278.30,14.22,TREND DOWN,,OVERSOLD,,-25.77,-32.09,-25.24,-33.16,PANIC,NO-TOUCH,0,
2020-03-20,8745.45,11490.37,11576.85,476.79,31.99,59.69,-864.80,-628.85,-235.95,25.14,TREND DOWN,,OVERSOLD,,-21.44,-28.13,-20.91,-29.26,PANIC,NO-TOUCH,0,
2020-03-23,7610.25,11398.25,11555.59,525.72,33.20,61.17,-958.54,-694.79,-263.75,19.01,TREND DOWN,,OVERSOLD,,-31.64,-37.46,-31.04,-38.44,PANIC,NO-TOUCH,0,Covid Bottom 7511
2020-03-24,7801.05,11309.14,11534.87,525.73,33.77,62.57,-1005.84,-757.00,-248.84,22.43,TREND DOWN,,OVERSOLD,,-29.93,-35.89,-30.15,-36.90,PANIC,NO-TOUCH,0,
2020-03-25,8317.85,11228.90,11516.84,535.47,35.29,62.76,-990.21,-803.64,-186.56,30.95,TREND DOWN,,NEUTRAL,,-25.28,-31.64,-26.40,-32.72,PANIC,NO-TOUCH,0,
2020-03-26,8641.45,11154.49,11499.61,528.94,40.06,61.86,-940.86,-831.08,-109.77,35.71,TREND DOWN,,NEUTRAL,,-22.38,-28.98,-23.81,-30.10,BEAR,AVOID,0,
2020-03-27,8660.25,11080.83,11482.80,528.02,43.51,60.25,-889.98,-842.86,-47.11,35.99,TREND DOWN,,NEUTRAL,,-22.21,-28.83,-23.65,-29.95,BEAR,AVOID,0,
2020-03-30,8281.10,10999.34,11464.99,520.04,44.96,59.06,-870.21,-848.33,-21.88,32.92,TREND DOWN,,NEUTRAL,,-25.61,-31.95,-27.53,-33.01,PANIC,NO-TOUCH,0,
2020-03-31,8597.75,10924.25,11448.62,511.26,50.81,57.68,-819.55,-842.58,23.02,37.70,TREND DOWN,CROSS_UP,NEUTRAL,,-22.77,-29.34,-24.99,-30.45,BEAR,AVOID,0,
2020-04-01,8253.80,10844.83,11430.28,503.27,48.69,56.58,-797.96,-833.65,35.69,34.80,TREND DOWN,,NEUTRAL,,0.00,-32.17,-28.43,-33.23,BEAR,AVOID,0,
2020-04-03,8083.80,10763.11,11410.87,488.81,52.10,55.72,-785.51,-824.02,38.51,33.43,TREND DOWN,,NEUTRAL,,-2.06,-33.57,-29.83,-34.61,BEAR,AVOID,0,
2020-04-07,8792.20,10696.82,11395.30,506.43,55.63,53.68,-710.29,-801.28,90.98,43.42,TREND DOWN,,NEUTRAL,,6.52,-27.75,-23.26,-28.88,BEAR,AVOID,0,
2020-04-08,8748.75,10628.18,11379.47,504.39,61.46,51.04,-646.73,-770.37,123.63,43.00,TREND DOWN,,NEUTRAL,,6.00,-28.10,-22.95,-29.23,BEAR,AVOID,0,
2020-04-09,9111.90,10565.46,11365.92,495.48,59.85,48.60,-560.60,-728.42,167.82,47.62,TREND DOWN,,NEUTRAL,,10.40,-25.12,-20.65,-26.29,BEAR,AVOID,0,
2020-04-13,8993.85,10502.95,11352.52,474.35,57.14,46.33,-496.14,-681.96,185.82,46.31,TREND DOWN,,NEUTRAL,,8.97,-26.09,-21.42,-27.25,BEAR,AVOID,0,
2020-04-15,8925.30,10440.34,11338.69,468.11,52.55,43.83,-445.46,-634.66,189.20,45.52,TREND DOWN,,NEUTRAL,,8.14,-26.65,-22.86,-27.80,BEAR,AVOID,0,
2020-04-16,8992.80,10377.61,11325.20,451.24,47.15,41.63,-395.28,-586.78,191.50,46.49,TREND DOWN,,NEUTRAL,,8.95,-26.10,-22.94,-27.26,BEAR,AVOID,0,
2020-04-17,9266.75,10322.23,11312.38,442.66,49.09,38.88,-329.62,-535.35,205.73,50.33,TREND DOWN,,NEUTRAL,,12.27,-23.85,-20.89,-25.04,BEAR,AVOID,0,
2020-04-20,9261.85,10268.22,11300.06,422.48,52.79,36.16,-274.80,-483.24,208.44,50.26,TREND DOWN,,NEUTRAL,,12.21,-23.89,-20.46,-25.08,BEAR,AVOID,0,
2020-04-21,8981.45,10213.69,11286.47,417.47,52.14,34.38,-251.09,-436.81,185.72,46.32,TREND DOWN,,NEUTRAL,,8.82,-26.19,-22.56,-27.35,BEAR,AVOID,0,
2020-04-22,9187.30,10157.85,11273.43,406.48,50.28,32.28,-213.24,-392.10,178.86,49.45,TREND DOWN,,NEUTRAL,,11.31,-24.50,-21.25,-25.68,BEAR,AVOID,0,
2020-04-23,9313.90,10102.34,11260.76,389.83,48.41,30.00,-171.05,-347.89,176.84,51.33,TREND DOWN,,NEUTRAL,,12.84,-23.46,-19.74,-24.66,BEAR,AVOID,0,
2020-04-24,9154.40,10042.67,11247.32,374.32,46.59,27.95,-148.76,-308.06,159.30,48.86,TREND DOWN,,NEUTRAL,,10.91,-24.77,-21.57,-25.95,BEAR,AVOID,0,
2020-04-27,9282.30,9986.35,11234.79,363.49,45.09,26.08,-119.41,-270.33,150.92,50.90,TREND UP,,NEUTRAL,,12.46,-23.72,-19.87,-24.91,EARLY-UP,HOLD,1,
2020-04-28,9380.90,9933.34,11222.37,347.84,53.05,24.42,-87.19,-233.70,146.52,52.48,RANGE,,NEUTRAL,,13.66,-22.91,-19.11,-24.12,CHOP-UP,WATCH,0,
2020-04-29,9553.35,9882.25,11210.58,338.63,51.84,23.42,-47.19,-196.40,149.21,55.18,RANGE,,NEUTRAL,,15.74,-21.49,-17.95,-22.72,CHOP-UP,WATCH,0,
2020-04-30,9859.90,9835.42,11200.30,338.42,45.79,23.20,9.14,-155.29,164.43,59.58,RANGE,,NEUTRAL,,19.46,-18.97,-15.66,-20.24,CHOP-UP,WATCH,0,
2020-05-04,9293.50,9777.80,11187.03,356.60,47.99,21.62,7.99,-122.64,130.62,49.84,RANGE,,NEUTRAL,,0.00,-23.63,-21.16,-24.82,CHOP-MID,STAND-ASIDE,0,
2020-05-05,9205.60,9719.64,11174.00,349.71,48.59,20.20,-0.02,-98.11,98.09,48.51,RANGE,,NEUTRAL,,-0.95,-24.35,-21.67,-25.53,CHOP-MID,STAND-ASIDE,0,
2020-05-06,9270.90,9664.14,11162.57,341.19,47.01,19.09,-1.09,-78.71,77.62,49.59,RANGE,,NEUTRAL,,-0.24,-23.81,-20.04,-25.01,CHOP-MID,STAND-ASIDE,0,
2020-05-07,9199.05,9608.27,11150.78,324.10,48.90,18.05,-7.64,-64.49,56.85,48.39,RANGE,,NEUTRAL,,-1.02,-24.40,-20.53,-25.59,CHOP-MID,STAND-ASIDE,0,
2020-05-08,9251.50,9550.79,11139.54,314.07,47.29,16.76,-8.50,-53.30,44.79,49.35,RANGE,,NEUTRAL,,-0.45,-23.97,-21.10,-25.16,CHOP-MID,STAND-ASIDE,0,
2020-05-11,9239.20,9493.95,11127.83,307.34,47.95,15.75,-10.06,-44.65,34.59,49.12,RANGE,,NEUTRAL,,-0.58,-24.07,-20.64,-25.26,CHOP-MID,STAND-ASIDE,0,
2020-05-12,9196.55,9441.30,11116.05,299.45,47.67,15.01,-14.57,-38.63,24.06,48.28,RANGE,,NEUTRAL,,-1.04,-24.42,-21.76,-25.61,CHOP-MID,STAND-ASIDE,0,
2020-05-13,9383.55,9393.01,11105.02,305.78,53.21,14.61,-3.02,-31.51,28.49,52.15,RANGE,,NEUTRAL,,0.97,-22.89,-20.13,-24.10,CHOP-UP,WATCH,0,
2020-05-14,9142.75,9342.29,11092.42,302.78,54.19,13.61,-13.15,-27.84,14.69,47.25,RANGE,,NEUTRAL,,-1.62,-24.87,-22.02,-26.04,CHOP-MID,STAND-ASIDE,0,
2020-05-15,9136.85,9292.36,11079.67,290.61,53.76,12.90,-21.40,-26.55,5.15,47.13,RANGE,,NEUTRAL,,-1.69,-24.91,-21.99,-26.09,CHOP-MID,STAND-ASIDE,0,
2020-05-18,8823.25,9244.80,11065.80,294.96,45.76,12.91,-52.64,-31.77,-20.87,41.27,RANGE,CROSS_DOWN,NEUTRAL,,-5.06,-27.49,-23.93,-28.63,CHOP-DOWN,STAND-ASIDE,0,
2020-05-19,8879.10,9199.72,11053.10,288.68,46.41,12.92,-72.06,-39.83,-32.23,42.64,RANGE,,NEUTRAL,,-4.46,-27.03,-22.78,-28.18,CHOP-DOWN,STAND-ASIDE,0,
2020-05-20,9066.55,9154.99,11041.70,283.67,46.40,12.69,-71.50,-46.16,-25.34,47.09,RANGE,,NEUTRAL,,-2.44,-25.49,-20.18,-26.66,CHOP-DOWN,STAND-ASIDE,0,
2020-05-21,9106.25,9112.09,11030.58,272.15,56.66,12.17,-67.08,-50.35,-16.74,48.01,CHOP,,NEUTRAL,,-2.01,-25.17,-19.43,-26.34,CHOP-DOWN,STAND-ASIDE,0,
2020-05-22,9039.25,9067.50,11019.42,265.65,51.88,11.98,-68.20,-53.92,-14.28,46.54,RANGE,,NEUTRAL,,-2.74,-25.72,-19.86,-26.88,CHOP-MID,STAND-ASIDE,0,
2020-05-26,9029.05,9028.29,11008.30,258.46,50.68,11.75,-69.11,-56.96,-12.16,46.31,RANGE,,NEUTRAL,,-2.85,-25.80,-19.01,-26.96,CHOP-MID,STAND-ASIDE,0,
2020-05-27,9314.95,9005.56,10998.46,263.55,51.93,10.97,-46.23,-54.81,8.58,53.34,RANGE,CROSS_UP,NEUTRAL,,0.23,-23.45,-16.99,-24.65,CHOP-UP,WATCH,0,
2020-05-28,9490.10,8986.19,10989.96,258.75,53.08,10.87,-13.81,-46.61,32.80,57.06,RANGE,,NEUTRAL,,2.12,-22.01,-14.94,-23.23,CHOP-UP,WATCH,0,
2020-05-29,9580.30,8986.00,10982.43,256.12,52.84,11.07,18.95,-33.50,52.45,58.87,RANGE,,NEUTRAL,,3.09,-21.27,-14.90,-22.50,CHOP-UP,WATCH,0,
2020-06-01,9826.15,8983.41,10975.98,262.92,41.08,12.22,64.01,-14.00,78.01,63.41,RANGE,,NEUTRAL,,0.00,-19.25,-13.86,-20.52,CHOP-UP,WATCH,0,
2020-06-02,9979.10,8999.05,10970.97,256.39,38.69,13.45,110.78,10.96,99.83,65.93,RANGE,,NEUTRAL,,1.56,-17.99,-15.63,-19.28,CHOP-UP,WATCH,0,
2020-06-03,10061.55,9020.94,10966.29,252.15,31.08,15.02,152.75,39.32,113.43,67.24,RANGE,,NEUTRAL,,2.40,-17.31,-14.07,-18.61,CHOP-UP,WATCH,0,
2020-06-04,10029.10,9052.14,10962.12,246.97,30.04,16.05,181.29,67.71,113.58,66.16,RANGE,,NEUTRAL,,2.07,-17.58,-14.56,-18.87,CHOP-UP,WATCH,0,
2020-06-05,10142.15,9089.72,10958.09,239.95,30.20,17.15,210.61,96.29,114.32,68.08,RANGE,,NEUTRAL,,3.22,-16.65,-13.00,-17.96,CHOP-UP,WATCH,0,
2020-06-08,10167.45,9118.16,10954.65,237.69,25.64,18.55,233.20,123.67,109.53,68.51,RANGE,,NEUTRAL,,3.47,-16.44,-14.16,-17.75,CHOP-UP,WATCH,0,
2020-06-09,10046.65,9166.89,10949.73,239.97,26.97,19.34,238.60,146.66,91.94,64.07,RANGE,,NEUTRAL,,2.24,-17.44,-15.75,-18.73,CHOP-UP,WATCH,0,
2020-06-10,10116.15,9213.19,10944.76,230.83,28.10,20.07,245.66,166.46,79.20,65.46,RANGE,,NEUTRAL,,2.95,-16.87,-15.20,-18.17,CHOP-UP,WATCH,0,
2020-06-11,9902.00,9244.87,10939.64,230.85,29.51,19.97,231.31,179.43,51.88,58.02,RANGE,,NEUTRAL,,0.77,-18.63,-16.52,-19.90,CHOP-UP,WATCH,0,
2020-06-12,9972.90,9271.50,10934.36,246.62,33.62,18.65,223.08,188.16,34.92,59.65,RANGE,,NEUTRAL,,1.49,-18.04,-16.52,-19.33,CHOP-UP,WATCH,0,
2020-06-15,9813.70,9294.57,10928.19,246.62,34.78,17.42,201.40,190.81,10.59,54.52,RANGE,,NEUTRAL,,-0.13,-19.35,-17.69,-20.62,CHOP-UP,WATCH,0,
2020-06-16,9914.00,9327.23,10922.49,251.69,45.58,16.48,190.11,190.67,-0.56,57.03,RANGE,CROSS_DOWN,NEUTRAL,,0.89,-18.53,-17.99,-19.80,CHOP-MID,STAND-ASIDE,0,
2020-06-17,9881.15,9352.90,10916.81,245.84,46.85,15.60,176.48,187.83,-11.35,55.94,RANGE,,NEUTRAL,,0.56,-18.80,-17.81,-20.07,CHOP-MID,STAND-ASIDE,0,
2020-06-18,10091.65,9389.65,10912.67,247.29,54.70,15.22,180.59,186.38,-5.80,61.07,RANGE,,NEUTRAL,,2.70,-17.07,-14.79,-18.37,CHOP-UP,WATCH,0,
2020-06-19,10244.40,9432.87,10910.19,243.90,52.93,15.47,193.93,187.89,6.04,64.31,RANGE,CROSS_UP,NEUTRAL,,4.26,-15.81,-13.70,-17.13,CHOP-UP,WATCH,0,
2020-06-22,10311.20,9463.25,10907.60,237.14,49.63,16.11,207.50,191.81,15.69,65.66,RANGE,,NEUTRAL,,4.94,-15.26,-13.52,-16.59,CHOP-UP,WATCH,0,
2020-06-23,10471.00,9497.69,10904.66,233.26,45.60,16.99,228.52,199.16,29.36,68.71,RANGE,,NEUTRAL,,6.56,-13.95,-12.49,-15.30,CHOP-UP,WATCH,0,
2020-06-24,10305.30,9521.56,10900.66,235.97,44.03,18.02,229.16,205.16,24.00,62.52,RANGE,,NEUTRAL,,4.88,-15.31,-13.45,-16.64,CHOP-UP,WATCH,0,
2020-06-25,10288.90,9547.46,10896.88,231.07,44.25,18.47,225.75,209.27,16.47,61.92,RANGE,,NEUTRAL,,4.71,-15.45,-13.64,-16.77,CHOP-UP,WATCH,0,
2020-06-26,10383.00,9576.61,10894.05,223.20,43.22,19.05,228.00,213.02,14.98,64.04,RANGE,,NEUTRAL,,5.67,-14.67,-12.18,-16.01,CHOP-UP,WATCH,0,
2020-06-29,10312.40,9603.01,10890.49,218.65,41.87,19.08,221.54,214.72,6.82,61.29,RANGE,,NEUTRAL,,4.95,-15.25,-11.65,-16.58,CHOP-UP,WATCH,0,
2020-06-30,10302.10,9623.71,10888.02,212.58,42.14,19.34,213.13,214.41,-1.27,60.88,RANGE,CROSS_DOWN,NEUTRAL,,4.84,-15.34,-11.88,-16.67,CHOP-UP,WATCH,0,
2020-07-01,10430.05,9647.08,10885.94,207.93,41.09,19.77,214.32,214.39,-0.07,64.09,RANGE,,NEUTRAL,,0.00,-14.29,-10.79,-15.63,CHOP-UP,WATCH,0,
2020-07-02,10551.70,9678.48,10884.46,205.09,42.84,20.71,222.52,216.02,6.50,66.88,RANGE,CROSS_UP,NEUTRAL,,1.17,-13.29,-10.82,-14.65,CHOP-UP,WATCH,0,
2020-07-03,10607.35,9706.88,10882.77,196.12,39.10,21.71,230.84,218.98,11.86,68.10,RANGE,,NEUTRAL,,1.70,-12.83,-9.53,-14.20,CHOP-UP,WATCH,0,
2020-07-06,10763.65,9735.88,10881.57,196.69,34.34,23.20,247.20,224.62,22.58,71.30,RANGE,,OVERBOUGHT,,3.20,-11.54,-8.00,-12.93,CHOP-UP,WATCH,0,
2020-07-07,10799.65,9768.78,10880.39,191.50,33.96,24.54,260.07,231.71,28.36,72.00,RANGE,,OVERBOUGHT,,3.54,-11.25,-8.45,-12.64,TOP-WARNING,NO-NEW,0,
2020-07-08,10705.75,9797.25,10879.00,190.06,40.86,25.90,259.70,237.31,22.39,67.40,TREND UP,,NEUTRAL,,2.64,-12.02,-9.64,-13.40,EARLY-UP,HOLD,1,
2020-07-09,10813.45,9825.90,10877.69,185.85,46.19,27.15,265.04,242.86,22.19,69.79,TREND UP,,NEUTRAL,,3.68,-11.14,-8.68,-12.53,EARLY-UP,HOLD,0,
2020-07-10,10768.05,9850.20,10876.52,180.17,45.44,28.15,262.59,246.80,15.78,67.55,TREND UP,,NEUTRAL,,3.24,-11.51,-8.66,-12.90,EARLY-UP,HOLD,0,
2020-07-13,10802.70,9869.05,10876.44,177.16,42.06,29.34,260.43,249.53,10.90,68.38,TREND UP,,NEUTRAL,,3.57,-11.22,-8.96,-12.62,EARLY-UP,HOLD,0,
2020-07-14,10607.35,9895.33,10875.27,181.64,41.50,28.86,240.20,247.66,-7.47,59.14,TREND UP,CROSS_DOWN,NEUTRAL,,1.70,-12.83,-10.94,-14.20,EARLY-UP,HOLD,0,
2020-07-15,10618.20,9923.58,10874.84,186.50,44.57,28.73,222.47,242.62,-20.16,59.47,TREND UP,,NEUTRAL,,1.80,-12.74,-10.90,-14.11,EARLY-UP,HOLD,0,
2020-07-16,10739.95,9952.96,10872.17,184.61,45.25,28.61,215.76,237.25,-21.49,63.05,TREND UP,,NEUTRAL,,2.97,-11.74,-10.10,-13.12,EARLY-UP,HOLD,0,
2020-07-17,10901.70,9987.02,10868.68,185.25,46.07,29.25,220.94,233.99,-13.05,67.19,TREND UP,,NEUTRAL,,4.52,-10.41,-7.70,-11.81,ALL-ALIGN BULL,BUY,0,
2020-07-20,11022.20,10022.43,10865.85,181.74,42.22,30.21,232.10,233.61,-1.51,69.90,TREND UP,,NEUTRAL,,5.68,-9.42,-4.64,-10.84,ALL-ALIGN BULL,BUY,0,
2020-07-21,11162.25,10060.89,10864.46,180.00,44.73,31.54,249.37,236.76,12.61,72.72,TREND UP,CROSS_UP,OVERBOUGHT,,7.02,-8.27,-3.41,-9.71,TOP-WARNING,NO-NEW,0,
2020-07-22,11132.60,10099.61,10862.26,180.11,45.98,32.95,257.69,240.95,16.74,71.20,TREND UP,,OVERBOUGHT,,6.74,-8.51,-3.19,-9.95,ALL-ALIGN BULL,BUY,0,
2020-07-23,11215.45,10136.25,10860.78,177.01,46.84,34.26,267.88,246.33,21.55,72.91,TREND UP,,OVERBOUGHT,,7.53,-7.83,-3.17,-9.28,TOP-WARNING,NO-NEW,0,
2020-07-24,11194.15,10177.28,10859.38,174.01,45.70,35.35,271.12,251.29,19.83,71.73,TREND UP,,OVERBOUGHT,,7.33,-8.01,-3.10,-9.45,ALL-ALIGN BULL,BUY,0,
2020-07-27,11131.80,10217.18,10858.24,171.38,45.92,36.34,265.59,254.15,11.44,68.26,TREND UP,,NEUTRAL,,6.73,-8.52,-3.94,-9.95,ALL-ALIGN BULL,BUY,0,
2020-07-28,11300.55,10266.72,10858.17,172.42,42.03,37.57,271.69,257.66,14.03,72.18,TREND UP,,OVERBOUGHT,,8.35,-7.13,-3.10,-8.59,TOP-WARNING,NO-NEW,0,
2020-07-29,11202.85,10313.20,10858.31,173.79,41.85,38.80,265.58,259.24,6.34,67.02,TREND UP,,NEUTRAL,,7.41,-7.94,-4.15,-9.38,ALL-ALIGN BULL,BUY,0,
2020-07-30,11102.15,10353.91,10858.19,176.74,43.56,39.22,249.73,257.34,-7.61,62.09,TREND UP,CROSS_DOWN,NEUTRAL,,6.44,-8.76,-4.27,-10.19,ALL-ALIGN BULL,BUY,0,
2020-07-31,11073.45,10393.25,10856.99,172.95,43.34,39.00,232.18,252.31,-20.12,60.72,TREND UP,,NEUTRAL,,6.17,-9.00,-3.03,-10.43,ALL-ALIGN BULL,BUY,0,
2020-08-03,10891.60,10430.30,10855.28,174.26,43.31,37.47,201.28,242.10,-40.82,52.77,TREND UP,,NEUTRAL,,0.00,-10.49,-4.01,-11.90,EARLY-UP,HOLD,0,
2020-08-04,11095.25,10471.62,10854.23,177.57,43.72,36.36,191.02,231.89,-40.87,59.21,TREND UP,,NEUTRAL,,1.87,-8.82,-2.08,-10.25,ALL-ALIGN BULL,BUY,0,
2020-08-05,11101.65,10507.36,10853.03,176.43,52.53,35.91,181.32,221.77,-40.46,59.40,TREND UP,,NEUTRAL,,1.93,-8.77,-1.51,-10.20,ALL-ALIGN BULL,BUY,0,
2020-08-06,11200.15,10541.56,10851.89,174.91,61.53,35.65,179.51,213.32,-33.81,62.27,TREND UP,,NEUTRAL,,2.83,-7.96,-0.46,-9.40,ALL-ALIGN BULL,BUY,0,
2020-08-07,11214.05,10574.23,10850.64,168.83,60.77,35.40,177.15,206.09,-28.94,62.67,TREND UP,,NEUTRAL,,2.96,-7.84,-0.62,-9.29,ALL-ALIGN BULL,BUY,0,
2020-08-10,11270.15,10603.11,10849.06,165.58,60.20,35.69,177.76,200.42,-22.66,64.32,TREND UP,,NEUTRAL,,3.48,-7.38,0.72,-8.83,ALL-ALIGN BULL,BUY,0,
2020-08-11,11322.50,10629.98,10847.36,161.14,56.29,36.11,180.39,196.41,-16.03,65.84,TREND UP,,NEUTRAL,,3.96,-6.95,2.14,-8.41,ALL-ALIGN BULL,BUY,0,
2020-08-12,11308.40,10654.92,10845.96,155.33,55.28,35.91,179.27,192.98,-13.72,65.04,TREND UP,,NEUTRAL,,3.83,-7.07,1.71,-8.53,ALL-ALIGN BULL,BUY,0,
2020-08-13,11300.45,10680.35,10844.44,150.62,54.46,35.91,175.71,189.53,-13.82,64.56,TREND UP,,NEUTRAL,,3.75,-7.13,2.92,-8.59,ALL-ALIGN BULL,BUY,0,
2020-08-14,11178.40,10701.07,10842.42,158.06,56.55,34.39,161.19,183.86,-22.67,57.57,TREND UP,,NEUTRAL,,2.63,-8.14,1.65,-9.58,ALL-ALIGN BULL,BUY,0,
2020-08-17,11247.10,10722.66,10840.74,155.53,55.44,32.98,153.45,177.78,-24.33,60.18,TREND UP,,NEUTRAL,,3.26,-7.57,3.54,-9.02,ALL-ALIGN BULL,BUY,0,
2020-08-18,11385.35,10749.44,10838.73,155.46,52.66,32.49,156.67,173.56,-16.89,64.87,TREND UP,,NEUTRAL,,4.53,-6.44,3.99,-7.90,ALL-ALIGN BULL,BUY,0,
2020-08-19,11408.40,10775.28,10836.55,149.72,45.98,32.34,159.24,170.69,-11.45,65.60,TREND UP,,NEUTRAL,,4.74,-6.25,5.09,-7.72,ALL-ALIGN BULL,BUY,0,
2020-08-20,11312.20,10803.49,10833.73,147.49,45.88,31.25,151.77,166.91,-15.14,60.01,TREND UP,,NEUTRAL,,3.86,-7.04,2.54,-8.49,ALL-ALIGN BULL,BUY,0,
2020-08-21,11371.60,10831.46,10831.13,144.55,45.91,30.58,148.93,163.31,-14.39,62.16,TREND UP,,NEUTRAL,,4.41,-6.55,2.36,-8.01,ALL-ALIGN BULL,BUY,0,
2020-08-24,11466.45,10864.52,10828.76,143.20,53.12,30.39,152.57,161.17,-8.60,65.35,TREND UP,,NEUTRAL,,5.28,-5.77,4.95,-7.25,ALL-ALIGN BULL,BUY,0,
2020-08-25,11472.25,10895.68,10826.53,140.30,53.50,30.36,154.15,159.76,-5.62,65.54,TREND UP,,NEUTRAL,,5.33,-5.72,4.02,-7.20,ALL-ALIGN BULL,BUY,0,
2020-08-26,11549.60,10929.05,10824.45,137.41,49.11,30.53,159.79,159.77,0.03,68.07,TREND UP,CROSS_UP,NEUTRAL,,6.04,-5.09,4.54,-6.57,ALL-ALIGN BULL,BUY,0,
2020-08-27,11559.25,10958.40,10822.19,133.08,44.40,30.97,163.17,160.45,2.72,68.39,TREND UP,,NEUTRAL,,6.13,-5.01,4.57,-6.50,ALL-ALIGN BULL,BUY,0,
2020-08-28,11647.60,10986.47,10820.88,132.63,39.65,31.72,171.00,162.56,8.44,71.17,TREND UP,,OVERBOUGHT,BEAR_DIV,6.94,-4.28,5.72,-5.78,TOP-WARNING,NO-NEW,0,
2020-08-31,11387.50,11007.99,10818.25,156.61,40.74,30.05,154.44,160.93,-6.50,55.65,TREND UP,CROSS_DOWN,NEUTRAL,,4.55,-6.42,4.29,-7.89,ALL-ALIGN BULL,BUY,0,
2020-09-01,11470.25,11027.98,10816.40,158.76,42.71,28.50,146.31,158.01,-11.70,58.73,TREND UP,,NEUTRAL,,0.00,-5.74,6.79,-7.22,ALL-ALIGN BULL,BUY,0,
2020-09-02,11535.00,11052.57,10814.72,156.30,43.34,27.07,143.43,155.09,-11.66,61.02,TREND UP,,NEUTRAL,,0.56,-5.21,6.52,-6.69,ALL-ALIGN BULL,BUY,0,
2020-09-03,11527.45,11077.34,10812.88,150.66,41.94,25.95,138.94,151.86,-12.92,60.59,TREND UP,,NEUTRAL,,0.50,-5.27,4.25,-6.75,ALL-ALIGN BULL,BUY,0,
2020-09-04,11333.85,11096.36,10810.12,155.88,50.78,24.80,118.40,145.17,-26.77,50.90,RANGE,,NEUTRAL,,-1.19,-6.86,2.06,-8.32,CHOP-DOWN,STAND-ASIDE,0,
2020-09-07,11355.05,11117.21,10807.20,153.99,50.21,24.04,102.64,136.66,-34.02,51.81,RANGE,,NEUTRAL,,-1.00,-6.68,2.80,-8.15,CHOP-DOWN,STAND-ASIDE,0,
2020-09-08,11317.35,11137.52,10803.79,153.48,51.52,22.90,86.12,126.56,-40.43,50.03,RANGE,,NEUTRAL,,-1.33,-6.99,3.37,-8.45,CHOP-DOWN,STAND-ASIDE,0,
2020-09-09,11278.00,11154.48,10800.34,151.96,47.38,22.49,69.06,115.06,-46.00,48.17,RANGE,,NEUTRAL,,-1.68,-7.32,2.31,-8.77,CHOP-DOWN,STAND-ASIDE,0,
2020-09-10,11449.25,11172.43,10798.01,154.40,48.78,20.91,68.56,105.76,-37.19,55.85,RANGE,,NEUTRAL,,-0.18,-5.91,6.03,-7.39,CHOP-DOWN,STAND-ASIDE,0,
2020-09-11,11464.45,11189.57,10794.97,148.62,47.87,19.59,68.61,98.33,-29.72,56.46,RANGE,,NEUTRAL,,-0.05,-5.79,5.72,-7.26,CHOP-DOWN,STAND-ASIDE,0,
2020-09-14,11440.05,11203.10,10791.98,151.25,49.30,18.84,65.91,91.84,-25.93,55.13,RANGE,,NEUTRAL,,-0.26,-5.99,5.46,-7.46,CHOP-DOWN,STAND-ASIDE,0,
2020-09-15,11521.80,11217.54,10789.08,147.29,49.23,18.15,69.57,87.39,-17.82,58.65,RANGE,,NEUTRAL,,0.45,-5.31,5.26,-6.80,CHOP-DOWN,STAND-ASIDE,0,
2020-09-16,11604.55,11235.52,10786.35,144.01,49.65,18.02,78.25,85.56,-7.31,61.90,RANGE,,NEUTRAL,,1.17,-4.63,5.47,-6.13,CHOP-UP,WATCH,0,
2020-09-17,11516.10,11249.57,10783.65,141.30,49.30,17.75,77.10,83.87,-6.77,56.76,RANGE,,NEUTRAL,,0.40,-5.36,4.35,-6.85,CHOP-MID,STAND-ASIDE,0,
2020-09-18,11504.95,11264.31,10780.93,141.07,56.18,17.05,74.43,81.98,-7.55,56.13,CHOP,,NEUTRAL,,0.30,-5.45,4.75,-6.94,CHOP-MID,STAND-ASIDE,0,
2020-09-21,11250.55,11273.26,10777.22,153.61,58.68,16.84,51.19,75.82,-24.63,44.06,CHOP,,NEUTRAL,,-1.92,-7.54,1.58,-8.99,CHOP-DOWN,STAND-ASIDE,0,
2020-09-22,11153.65,11284.19,10772.77,158.18,52.47,17.35,24.68,65.59,-40.92,40.49,RANGE,,NEUTRAL,,-2.76,-8.34,1.36,-9.78,CHOP-DOWN,STAND-ASIDE,0,
2020-09-23,11131.85,11294.46,10768.33,163.68,51.12,18.11,1.88,52.85,-50.97,39.71,RANGE,,NEUTRAL,,-2.95,-8.52,2.90,-9.95,CHOP-DOWN,STAND-ASIDE,0,
2020-09-24,10805.55,11295.77,10762.76,176.39,40.42,19.74,-42.03,33.88,-75.90,30.30,RANGE,,NEUTRAL,,-5.79,-11.20,-0.32,-12.59,WEAK,NO-BUY,0,
2020-09-25,11050.25,11298.75,10758.32,182.87,42.53,20.80,-56.43,15.81,-72.25,41.49,RANGE,,NEUTRAL,,-3.66,-9.19,3.23,-10.61,CHOP-DOWN,STAND-ASIDE,0,
2020-09-28,11227.55,11302.85,10755.17,183.31,43.15,20.59,-52.93,2.06,-55.00,48.01,RANGE,,NEUTRAL,,-2.12,-7.73,-0.41,-9.18,CHOP-DOWN,STAND-ASIDE,0,
2020-09-29,11222.40,11304.06,10751.73,179.10,43.04,19.97,-49.99,-8.35,-41.65,47.84,RANGE,,NEUTRAL,,-2.16,-7.77,-3.26,-9.22,CHOP-DOWN,STAND-ASIDE,0,
2020-09-30,11247.55,11306.35,10748.11,174.23,41.92,19.39,-45.12,-15.70,-29.42,48.78,RANGE,,NEUTRAL,,-1.94,-7.57,-2.94,-9.02,CHOP-DOWN,STAND-ASIDE,0,
2020-10-01,11416.95,11310.38,10744.76,174.72,43.51,18.01,-27.27,-18.02,-9.26,54.67,RANGE,,NEUTRAL,,0.00,-6.18,-0.20,-7.65,CHOP-MID,STAND-ASIDE,0,
2020-10-05,11503.35,11316.57,10742.01,173.74,43.16,17.52,-6.08,-15.63,9.54,57.37,RANGE,CROSS_UP,NEUTRAL,,0.76,-5.47,-0.59,-6.95,CHOP-UP,WATCH,0,
2020-10-06,11662.40,11327.18,10739.50,173.97,41.58,17.57,23.27,-7.85,31.12,61.86,RANGE,,NEUTRAL,,2.15,-4.16,1.30,-5.66,CHOP-UP,WATCH,0,
2020-10-07,11738.85,11335.95,10737.08,171.10,38.67,17.97,52.11,4.14,47.96,63.84,RANGE,,NEUTRAL,,2.82,-3.53,2.30,-5.04,CHOP-UP,WATCH,0,
2020-10-08,11834.60,11348.58,10734.96,170.79,34.33,18.92,81.74,19.66,62.08,66.20,RANGE,,NEUTRAL,,3.66,-2.74,4.18,-4.27,CHOP-UP,WATCH,0,
2020-10-09,11914.20,11364.82,10733.17,168.12,33.17,19.93,110.38,37.80,72.57,68.06,RANGE,,NEUTRAL,,4.36,-2.09,5.30,-3.62,CHOP-UP,WATCH,0,
2020-10-12,11930.95,11381.97,10731.51,167.17,28.21,21.17,132.89,56.82,76.07,68.46,RANGE,,NEUTRAL,,4.50,-1.95,6.77,-3.49,STRONG-FLOW,BUY,0,
2020-10-13,11934.50,11402.83,10730.11,162.33,26.44,22.32,149.30,75.32,73.98,68.55,RANGE,,NEUTRAL,,4.53,-1.92,7.26,-3.46,STRONG-FLOW,BUY,0,
2020-10-14,11971.05,11420.35,10729.33,163.23,25.51,22.84,163.37,92.93,70.44,69.50,RANGE,,NEUTRAL,,4.85,-1.62,5.81,-3.16,STRONG-FLOW,BUY,0,
2020-10-15,11680.35,11431.92,10726.51,177.59,27.80,22.14,149.34,104.21,45.13,55.20,RANGE,,NEUTRAL,,2.31,-4.01,3.97,-5.52,STRONG-FLOW,BUY,0,
2020-10-16,11762.45,11443.17,10724.04,173.61,34.37,21.48,143.20,112.01,31.19,57.84,RANGE,,NEUTRAL,,3.03,-3.34,4.05,-4.85,STRONG-FLOW,BUY,0,
2020-10-19,11873.05,11456.35,10722.56,170.91,36.95,21.44,145.57,118.72,26.85,61.16,RANGE,,NEUTRAL,,3.99,-2.43,4.69,-3.96,STRONG-FLOW,BUY,0,
2020-10-20,11896.80,11468.88,10721.13,166.70,36.90,21.65,147.67,124.51,23.16,61.85,RANGE,,NEUTRAL,,4.20,-2.23,4.10,-3.77,STRONG-FLOW,BUY,0,
2020-10-21,11937.65,11481.18,10719.41,172.14,47.22,22.18,150.89,129.79,21.11,63.07,RANGE,,NEUTRAL,,4.56,-1.90,4.13,-3.44,STRONG-FLOW,BUY,0,
2020-10-22,11896.45,11492.94,10717.76,168.14,52.55,22.66,148.41,133.51,14.90,60.95,RANGE,,NEUTRAL,,4.20,-2.24,2.68,-3.77,STRONG-FLOW,BUY,0,
2020-10-23,11930.35,11505.54,10717.45,161.71,59.40,23.29,147.48,136.30,11.17,62.08,CHOP,,NEUTRAL,,4.50,-1.96,2.30,-3.49,STRONG-FLOW,BUY,0,
2020-10-26,11767.75,11517.33,10716.02,166.67,66.08,22.25,132.09,135.46,-3.37,54.01,CHOP,CROSS_DOWN,NEUTRAL,,3.07,-3.29,1.55,-4.81,CHOP-MID,STAND-ASIDE,0,
2020-10-27,11889.40,11530.17,10715.34,167.34,69.96,21.29,128.24,134.02,-5.78,58.37,CHOP,,NEUTRAL,,4.14,-2.29,2.46,-3.83,CHOP-MID,STAND-ASIDE,0,
2020-10-28,11729.60,11537.06,10712.91,172.85,71.22,20.11,111.01,129.42,-18.40,51.47,CHOP,,NEUTRAL,,2.74,-3.61,1.27,-5.12,CHOP-DOWN,STAND-ASIDE,0,
2020-10-29,11670.80,11542.31,10709.98,170.34,65.97,18.90,91.56,121.85,-30.29,49.16,CHOP,,NEUTRAL,,2.22,-4.09,0.75,-5.59,CHOP-DOWN,STAND-ASIDE,0,
2020-10-30,11642.40,11548.91,10706.54,173.43,60.96,18.26,73.01,112.08,-39.07,48.04,CHOP,,NEUTRAL,,1.97,-4.32,-1.23,-5.82,CHOP-DOWN,STAND-ASIDE,0,
2020-11-02,11669.15,11554.86,10703.08,173.06,62.01,17.66,59.78,101.62,-41.84,49.21,CHOP,,NEUTRAL,,0.00,-4.10,-1.48,-5.61,CHOP-DOWN,STAND-ASIDE,0,
2020-11-03,11813.50,11561.80,10700.43,172.63,61.89,16.56,60.25,93.34,-33.10,55.10,CHOP,,NEUTRAL,,1.24,-2.92,-0.54,-4.44,CHOP-DOWN,STAND-ASIDE,0,
2020-11-04,11908.50,11570.53,10698.19,172.67,59.42,16.18,67.50,88.18,-20.67,58.51,CHOP,,NEUTRAL,,2.05,-2.14,0.15,-3.67,CHOP-DOWN,STAND-ASIDE,0,
2020-11-05,12120.30,11581.94,10697.03,176.24,53.10,16.94,89.32,88.40,0.91,64.91,RANGE,CROSS_UP,NEUTRAL,,3.87,-0.40,1.50,-1.96,CHOP-UP,WATCH,0,
2020-11-06,12263.55,11596.03,10697.23,175.08,45.01,18.29,116.82,94.09,22.73,68.45,RANGE,,NEUTRAL,,5.09,0.78,2.91,-0.80,CHOP-UP,WATCH,0,
2020-11-09,12461.05,11612.30,10698.68,177.61,37.75,20.21,152.78,105.83,46.96,72.57,RANGE,,OVERBOUGHT,,6.79,2.40,4.14,0.00,TOP-WARNING,NO-NEW,0,
2020-11-10,12631.10,11637.17,10701.31,177.99,30.54,22.47,192.79,123.22,69.57,75.52,RANGE,,OVERBOUGHT,,8.24,3.80,5.15,0.00,TOP-WARNING,NO-NEW,0,
2020-11-11,12749.15,11662.75,10704.15,179.46,27.71,24.88,231.35,144.85,86.51,77.35,RANGE,,OVERBOUGHT,,9.26,4.77,7.06,0.00,TOP-WARNING,NO-NEW,0,
2020-11-12,12690.80,11685.86,10706.36,175.52,28.38,27.11,254.27,166.73,87.54,74.40,TREND UP,,OVERBOUGHT,,8.76,4.29,6.52,-0.46,TOP-WARNING,NO-NEW,1,
2020-11-13,12719.95,11709.71,10709.37,172.15,26.86,29.03,271.66,187.72,83.94,74.91,TREND UP,,OVERBOUGHT,,9.00,4.53,7.43,-0.23,TOP-WARNING,NO-NEW,0,
2020-11-17,12874.20,11740.52,10713.46,175.14,22.69,31.29,294.49,209.07,85.42,77.49,TREND UP,,OVERBOUGHT,,10.33,5.80,8.44,0.00,TOP-WARNING,NO-NEW,0,
2020-11-18,12938.25,11772.18,10717.50,171.88,20.54,33.42,314.13,230.08,84.05,78.48,TREND UP,,OVERBOUGHT,,10.88,6.33,8.77,0.00,TOP-WARNING,NO-NEW,0,
2020-11-19,12771.70,11801.27,10721.18,175.12,21.39,34.73,312.65,246.60,66.06,69.87,TREND UP,,NEUTRAL,,9.45,4.96,7.47,-1.29,ALL-ALIGN BULL,BUY,0,
2020-11-20,12859.05,11832.89,10725.67,174.20,21.19,35.80,314.90,260.26,54.64,71.63,TREND UP,,OVERBOUGHT,,10.20,5.68,7.70,-0.61,ALL-ALIGN BULL,BUY,0,
2020-11-23,12926.45,11862.44,10731.76,171.98,25.38,37.03,318.45,271.90,46.55,72.94,TREND UP,,OVERBOUGHT,,10.77,6.23,7.73,-0.09,TOP-WARNING,NO-NEW,0,
2020-11-24,13055.15,11894.25,10737.14,170.60,22.88,38.48,327.87,283.09,44.78,75.29,TREND UP,,OVERBOUGHT,,11.88,7.29,9.08,0.00,TOP-WARNING,NO-NEW,0,
2020-11-25,12858.40,11922.62,10740.98,180.72,31.36,38.53,315.82,289.64,26.18,65.87,TREND UP,,NEUTRAL,,10.19,5.67,7.92,-1.51,ALL-ALIGN BULL,BUY,0,
2020-11-26,12987.00,11951.92,10745.23,184.06,35.14,38.23,313.03,294.32,18.72,68.64,TREND UP,,NEUTRAL,,11.29,6.73,7.56,-0.52,ALL-ALIGN BULL,BUY,0,
2020-11-27,12968.95,11979.21,10749.58,179.56,44.57,38.02,305.84,296.62,9.22,67.81,TREND UP,,NEUTRAL,,11.14,6.58,7.74,-0.66,ALL-ALIGN BULL,BUY,0,
2020-12-01,13109.05,12011.07,10754.97,178.56,49.55,38.20,307.90,298.88,9.03,70.76,TREND UP,,OVERBOUGHT,,0.00,7.73,8.33,0.00,ALL-ALIGN BULL,BUY,0,
2020-12-02,13113.75,12043.25,10760.00,176.16,54.81,38.36,306.38,300.38,6.00,70.86,TREND UP,,OVERBOUGHT,,0.04,7.77,7.92,0.00,ALL-ALIGN BULL,BUY,0,
2020-12-03,13133.90,12080.91,10764.66,171.34,51.20,38.86,303.31,300.96,2.34,71.29,TREND UP,,OVERBOUGHT,,0.19,7.93,8.94,0.00,ALL-ALIGN BULL,BUY,0,
2020-12-04,13258.55,12123.01,10770.08,169.54,47.79,39.56,307.38,302.25,5.14,73.91,TREND UP,,OVERBOUGHT,,1.14,8.96,10.05,0.00,TOP-WARNING,NO-NEW,0,
2020-12-07,13355.75,12167.49,10776.29,166.34,49.82,40.50,314.83,304.76,10.07,75.76,TREND UP,,OVERBOUGHT,,1.88,9.76,11.35,0.00,TOP-WARNING,NO-NEW,0,
2020-12-08,13392.95,12219.24,10783.03,163.35,44.47,41.59,320.04,307.82,12.22,76.45,TREND UP,,OVERBOUGHT,,2.17,10.06,11.21,0.00,TOP-WARNING,NO-NEW,0,
2020-12-09,13529.10,12268.81,10790.71,162.82,39.25,42.92,331.34,312.52,18.82,78.82,TREND UP,,OVERBOUGHT,,3.20,11.18,12.57,0.00,TOP-WARNING,NO-NEW,0,
2020-12-10,13478.30,12313.83,10797.47,160.46,37.79,43.63,332.36,316.49,15.87,75.75,TREND UP,,OVERBOUGHT,,2.82,10.76,13.06,-0.38,TOP-WARNING,NO-NEW,0,
2020-12-11,13513.85,12359.66,10804.64,161.60,39.43,44.52,332.21,319.64,12.58,76.44,TREND UP,,OVERBOUGHT,,3.09,11.06,13.21,-0.11,TOP-WARNING,NO-NEW,0,
2020-12-14,13558.15,12405.87,10813.28,158.99,38.26,45.41,331.84,322.08,9.77,77.31,TREND UP,,OVERBOUGHT,,3.43,11.42,14.35,0.00,TOP-WARNING,NO-NEW,0,
2020-12-15,13567.85,12448.89,10822.13,157.82,38.09,45.94,328.55,323.37,5.18,77.51,TREND UP,,OVERBOUGHT,,3.50,11.50,13.92,0.00,TOP-WARNING,NO-NEW,0,
2020-12-16,13682.70,12492.47,10832.15,155.44,30.51,46.77,331.38,324.97,6.41,79.73,TREND UP,,OVERBOUGHT,,4.38,12.44,14.29,0.00,TOP-WARNING,NO-NEW,0,
2020-12-17,13740.70,12534.04,10842.69,151.46,29.87,47.79,334.45,326.87,7.58,80.77,TREND UP,,OVERBOUGHT,,4.82,12.92,13.68,0.00,TOP-WARNING,NO-NEW,0,
2020-12-18,13760.55,12574.47,10855.48,148.80,31.94,48.56,334.63,328.42,6.21,81.12,TREND UP,,OVERBOUGHT,,4.97,13.08,14.16,0.00,TOP-WARNING,NO-NEW,0,
2020-12-21,13328.40,12604.35,10866.46,184.32,41.33,45.13,296.48,322.03,-25.55,56.61,TREND DOWN,CROSS_DOWN,NEUTRAL,,1.67,9.53,9.56,-3.14,BEAR,AVOID,0,
2020-12-22,13466.30,12635.39,10877.28,192.52,50.18,41.94,274.22,312.47,-38.25,60.69,TREND DOWN,,NEUTRAL,,2.73,10.67,10.18,-2.14,BEAR,AVOID,0,
2020-12-23,13601.10,12668.80,10889.03,192.15,52.70,39.59,264.40,302.86,-38.46,64.23,TREND UP,,NEUTRAL,,3.75,11.77,10.94,-1.16,ALL-ALIGN BULL,BUY,1,
2020-12-24,13749.25,12705.09,10901.43,190.61,53.06,38.10,265.52,295.39,-29.87,67.68,TREND UP,,NEUTRAL,,4.88,12.99,12.04,-0.08,ALL-ALIGN BULL,BUY,0,
2020-12-28,13873.20,12743.13,10915.85,186.71,47.38,37.19,273.25,290.96,-17.71,70.26,TREND UP,,OVERBOUGHT,,5.83,14.01,13.13,0.00,ALL-ALIGN BULL,BUY,0,
2020-12-29,13932.60,12788.18,10933.25,181.07,43.21,36.66,280.93,288.96,-8.02,71.44,TREND UP,,OVERBOUGHT,,6.28,14.50,14.07,0.00,ALL-ALIGN BULL,BUY,0,
2020-12-30,13981.95,12832.57,10950.87,177.57,41.55,36.28,287.69,288.70,-1.01,72.42,TREND UP,,OVERBOUGHT,,6.66,14.90,15.30,0.00,TOP-WARNING,NO-NEW,0,
2020-12-31,13981.75,12874.74,10972.83,171.20,39.74,36.03,289.69,288.90,0.79,72.41,TREND UP,CROSS_UP,OVERBOUGHT,,6.66,14.90,14.18,-0.00,TOP-WARNING,NO-NEW,0,
2021-01-01,14018.50,12917.18,10993.15,163.83,37.05,35.90,290.89,289.30,1.59,73.20,TREND UP,,OVERBOUGHT,,0.00,0.26,14.38,0.00,TOP-WARNING,NO-NEW,0,
2021-01-04,14132.90,12961.08,11017.82,166.00,34.26,36.16,297.63,290.96,6.67,75.55,TREND UP,,OVERBOUGHT,,0.82,1.08,16.14,0.00,TOP-WARNING,NO-NEW,0,
2021-01-05,14199.50,13007.14,11043.99,166.11,32.19,36.65,304.84,293.74,11.10,76.83,TREND UP,,OVERBOUGHT,,1.29,1.56,16.56,0.00,TOP-WARNING,NO-NEW,0,
2021-01-06,14146.25,13051.46,11072.37,168.83,32.38,37.21,302.77,295.55,7.22,73.52,TREND UP,,OVERBOUGHT,,0.91,1.18,15.18,-0.38,TOP-WARNING,NO-NEW,0,
2021-01-07,14137.35,13098.85,11101.74,166.28,32.45,37.77,296.98,295.83,1.15,72.96,TREND UP,,OVERBOUGHT,,0.85,1.11,15.63,-0.44,TOP-WARNING,NO-NEW,0,
2021-01-08,14347.25,13148.01,11129.75,170.83,30.51,38.69,305.81,297.83,7.98,77.37,TREND UP,,OVERBOUGHT,,2.35,2.61,19.63,0.00,TOP-WARNING,NO-NEW,0,
2021-01-11,14484.75,13203.11,11164.12,169.41,20.96,39.94,320.21,302.30,17.90,79.71,TREND UP,,OVERBOUGHT,,3.33,3.60,20.18,0.00,TOP-WARNING,NO-NEW,0,
2021-01-12,14563.45,13260.97,11197.94,168.58,23.04,41.35,334.12,308.67,25.45,80.92,TREND UP,,OVERBOUGHT,,3.89,4.16,21.11,0.00,TOP-WARNING,NO-NEW,0,
2021-01-13,14564.85,13319.41,11229.17,172.09,28.16,42.82,341.32,315.20,26.12,80.94,TREND UP,,OVERBOUGHT,,3.90,4.17,19.23,0.00,TOP-WARNING,NO-NEW,0,
2021-01-14,14595.60,13377.94,11258.94,170.24,35.25,44.18,345.53,321.26,24.26,81.45,TREND UP,,OVERBOUGHT,,4.12,4.39,19.08,0.00,TOP-WARNING,NO-NEW,0,
2021-01-15,14433.70,13430.35,11287.81,176.63,39.62,44.25,331.97,323.40,8.57,70.85,TREND UP,,OVERBOUGHT,,2.96,3.23,17.07,-1.11,ALL-ALIGN BULL,BUY,0,
2021-01-18,14281.30,13477.80,11317.81,180.89,41.96,43.11,305.41,319.81,-14.40,62.60,TREND UP,CROSS_DOWN,NEUTRAL,,1.87,2.14,15.52,-2.15,ALL-ALIGN BULL,BUY,0,
2021-01-19,14521.15,13525.82,11347.43,186.88,47.62,42.43,300.25,315.89,-15.64,68.77,TREND UP,,NEUTRAL,,3.59,3.86,17.64,-0.51,ALL-ALIGN BULL,BUY,0,
2021-01-20,14644.70,13573.44,11379.38,184.17,48.74,42.27,302.64,313.24,-10.60,71.38,TREND UP,,OVERBOUGHT,,4.47,4.74,18.53,0.00,ALL-ALIGN BULL,BUY,0,
2021-01-21,14590.35,13616.03,11411.91,187.89,46.76,42.44,296.73,309.94,-13.21,68.66,TREND UP,,NEUTRAL,,4.08,4.35,18.12,-0.37,ALL-ALIGN BULL,BUY,0,
2021-01-22,14371.90,13650.85,11439.81,193.20,52.01,41.30,271.30,302.21,-30.92,58.92,TREND UP,,NEUTRAL,,2.52,2.79,17.57,-1.86,ALL-ALIGN BULL,BUY,0,
2021-01-25,14238.90,13680.64,11467.26,198.86,53.40,39.28,237.66,289.30,-51.64,53.91,TREND UP,,NEUTRAL,,1.57,1.84,17.00,-2.77,EARLY-UP,HOLD,0,
2021-01-27,13967.50,13706.17,11491.54,206.77,49.28,37.08,186.96,268.83,-81.88,45.42,TREND DOWN,,NEUTRAL,,-0.36,-0.10,15.37,-4.62,BEAR,AVOID,0,
2021-01-28,13817.55,13728.13,11515.66,210.16,41.95,35.91,133.14,241.69,-108.56,41.53,TREND DOWN,,NEUTRAL,,-1.43,-1.17,13.44,-5.65,BEAR,AVOID,0,
2021-01-29,13634.60,13743.33,11539.21,221.59,39.57,35.22,74.86,208.33,-133.47,37.32,TREND DOWN,,NEUTRAL,,-2.74,-2.48,11.32,-6.90,BEAR,AVOID,0,
2021-02-01,14281.20,13770.19,11565.65,255.88,45.44,32.81,79.92,182.65,-102.72,54.75,TREND DOWN,,NEUTRAL,,0.00,2.14,17.84,-2.48,BEAR,AVOID,0,Budget +4.74% best in 22yrs
2021-02-02,14647.85,13807.72,11592.55,269.79,48.23,31.70,112.23,168.56,-56.33,61.32,TREND UP,,NEUTRAL,,2.57,4.76,21.50,0.00,ALL-ALIGN BULL,BUY,1,
2021-02-03,14789.95,13846.33,11620.19,271.56,45.33,31.06,147.60,164.37,-16.77,63.53,TREND UP,,NEUTRAL,,3.56,5.78,21.93,0.00,ALL-ALIGN BULL,BUY,0,
2021-02-04,14895.65,13885.72,11649.77,266.38,44.49,30.58,182.06,167.91,14.15,65.13,TREND UP,CROSS_UP,NEUTRAL,,4.30,6.54,23.76,0.00,ALL-ALIGN BULL,BUY,0,
2021-02-05,14924.25,13923.10,11678.45,258.06,40.70,30.41,209.27,176.18,33.09,65.56,TREND UP,,NEUTRAL,,4.50,6.74,24.76,0.00,ALL-ALIGN BULL,BUY,0,
2021-02-08,15115.80,13968.25,11707.46,256.46,37.00,30.63,243.48,189.64,53.84,68.43,TREND UP,,NEUTRAL,,5.84,8.11,29.11,0.00,ALL-ALIGN BULL,BUY,0,
2021-02-09,15109.30,14010.69,11737.23,251.91,34.05,31.07,266.99,205.11,61.88,68.22,TREND UP,,NEUTRAL,,5.80,8.06,26.12,-0.04,ALL-ALIGN BULL,BUY,0,
2021-02-10,15106.50,14053.44,11766.36,247.56,34.44,31.03,282.14,220.52,61.63,68.13,TREND UP,,NEUTRAL,,5.78,8.04,24.96,-0.06,ALL-ALIGN BULL,BUY,0,
2021-02-11,15173.30,14094.73,11795.32,238.67,33.38,31.05,296.13,235.64,60.49,69.24,TREND UP,,NEUTRAL,,6.25,8.52,25.01,0.00,ALL-ALIGN BULL,BUY,0,
2021-02-12,15163.30,14135.72,11823.37,233.23,32.43,31.23,302.91,249.09,53.82,68.85,TREND UP,,NEUTRAL,,6.18,8.45,25.33,-0.07,ALL-ALIGN BULL,BUY,0,
2021-02-15,15314.70,14179.34,11850.64,229.21,29.64,31.67,316.85,262.65,54.21,71.45,TREND UP,,OVERBOUGHT,,7.24,9.53,27.29,0.00,ALL-ALIGN BULL,BUY,0,
2021-02-16,15313.45,14220.43,11880.74,226.37,26.49,32.32,324.07,274.93,49.14,71.40,TREND UP,,OVERBOUGHT,,7.23,9.52,26.47,-0.01,ALL-ALIGN BULL,BUY,0,
2021-02-17,15208.90,14257.50,11910.76,220.46,25.33,32.48,317.68,283.48,34.20,66.93,TREND UP,,NEUTRAL,,6.50,8.78,24.65,-0.69,ALL-ALIGN BULL,BUY,0,
2021-02-18,15118.95,14292.02,11940.00,217.05,24.55,32.07,301.89,287.16,14.73,63.26,TREND UP,,NEUTRAL,,5.87,8.13,24.18,-1.28,ALL-ALIGN BULL,BUY,0,
2021-02-19,14981.75,14321.07,11968.91,219.10,42.15,30.69,275.13,284.76,-9.63,58.03,TREND UP,CROSS_DOWN,NEUTRAL,,4.91,7.15,23.68,-2.17,ALL-ALIGN BULL,BUY,0,
2021-02-22,14675.70,14345.02,11996.03,230.24,45.54,28.77,226.61,273.13,-46.52,48.42,TREND DOWN,,NEUTRAL,,2.76,4.96,21.83,-4.17,BEAR,AVOID,0,
2021-02-23,14707.80,14368.90,12023.38,228.27,47.08,26.98,188.58,256.22,-67.64,49.37,TREND DOWN,,NEUTRAL,,2.99,5.19,22.64,-3.96,BEAR,AVOID,0,
2021-02-24,14982.00,14397.38,12052.30,247.99,45.31,25.46,178.50,240.67,-62.17,56.68,TREND UP,,NEUTRAL,,4.91,7.15,23.55,-2.17,ALL-ALIGN BULL,BUY,1,
2021-02-25,15097.35,14427.97,12080.87,244.17,45.86,24.69,177.78,228.09,-50.32,59.35,RANGE,,NEUTRAL,,5.71,7.98,24.97,-1.42,CHOP-DOWN,STAND-ASIDE,0,
2021-02-26,14529.15,14444.89,12107.80,271.70,48.90,24.09,129.86,208.45,-78.59,44.76,RANGE,,NEUTRAL,,1.74,3.92,22.82,-5.13,CHOP-DOWN,STAND-ASIDE,0,
2021-03-01,14761.55,14465.31,12135.93,272.12,49.81,23.52,109.37,188.63,-79.26,50.15,RANGE,,NEUTRAL,,0.00,5.58,25.12,-3.61,CHOP-DOWN,STAND-ASIDE,0,
2021-03-02,14919.10,14488.48,12166.41,266.85,49.89,22.39,104.64,171.84,-67.19,53.47,RANGE,,NEUTRAL,,1.07,6.70,27.75,-2.58,CHOP-DOWN,STAND-ASIDE,0,
2021-03-03,15245.60,14526.83,12198.24,273.08,52.24,21.33,125.79,162.63,-36.83,59.49,RANGE,,NEUTRAL,,3.28,9.04,31.05,-0.45,CHOP-DOWN,STAND-ASIDE,0,
2021-03-04,15080.75,14559.11,12228.31,272.53,53.25,20.28,127.78,155.66,-27.88,55.58,RANGE,,NEUTRAL,,2.16,7.86,34.63,-1.53,CHOP-DOWN,STAND-ASIDE,0,
2021-03-05,14938.10,14585.85,12257.47,269.51,53.76,18.88,116.50,147.83,-31.33,52.37,RANGE,,NEUTRAL,,1.20,6.84,34.18,-2.46,CHOP-DOWN,STAND-ASIDE,0,
2021-03-08,14956.20,14609.99,12287.05,263.92,58.70,17.64,107.78,139.82,-32.04,52.75,CHOP,,NEUTRAL,,1.32,6.97,32.32,-2.34,CHOP-DOWN,STAND-ASIDE,0,
2021-03-09,15098.40,14634.50,12317.40,259.45,61.14,16.55,111.06,134.06,-23.00,55.68,CHOP,,NEUTRAL,,2.28,7.99,34.20,-1.41,CHOP-DOWN,STAND-ASIDE,0,
2021-03-10,15174.80,14659.34,12346.70,249.50,60.64,15.90,118.46,130.94,-12.48,57.22,CHOP,,NEUTRAL,,2.80,8.53,34.66,-0.91,CHOP-MID,STAND-ASIDE,0,
2021-03-12,15030.95,14680.32,12374.40,259.01,59.06,14.87,111.43,127.04,-15.61,53.46,CHOP,,NEUTRAL,,1.83,7.50,36.78,-1.85,CHOP-DOWN,STAND-ASIDE,0,
2021-03-15,14929.50,14699.28,12401.15,262.12,58.38,14.69,96.57,120.95,-24.38,50.92,CHOP,,NEUTRAL,,1.14,6.78,42.85,-2.52,CHOP-DOWN,STAND-ASIDE,0,
2021-03-16,14910.45,14717.12,12426.57,254.89,57.99,14.50,82.30,113.22,-30.92,50.43,CHOP,,NEUTRAL,,1.01,6.64,42.57,-2.64,CHOP-DOWN,STAND-ASIDE,0,
2021-03-17,14721.30,14728.88,12450.28,255.30,55.62,15.01,55.09,101.59,-46.50,45.77,CHOP,,NEUTRAL,,-0.27,5.29,53.50,-3.87,CHOP-DOWN,STAND-ASIDE,0,
2021-03-18,14557.85,14736.05,12472.76,265.39,57.60,16.12,20.11,85.29,-65.19,42.15,CHOP,,NEUTRAL,,-1.38,4.12,46.23,-4.94,CHOP-DOWN,STAND-ASIDE,0,
2021-03-19,14744.00,14748.01,12496.34,277.73,50.91,17.49,7.32,69.70,-62.38,47.27,RANGE,,NEUTRAL,,-0.12,5.45,60.31,-3.73,CHOP-DOWN,STAND-ASIDE,0,
2021-03-22,14736.40,14759.99,12519.31,269.75,49.78,18.76,-3.39,55.08,-58.47,47.09,RANGE,,NEUTRAL,,-0.17,5.40,64.34,-3.78,CHOP-DOWN,STAND-ASIDE,0,
2021-03-23,14814.75,14769.34,12542.55,262.74,49.50,19.30,-5.49,42.97,-48.46,49.27,RANGE,,NEUTRAL,,0.36,5.96,74.93,-3.26,CHOP-DOWN,STAND-ASIDE,0,
2021-03-24,14549.40,14770.63,12565.06,263.96,48.72,20.31,-28.24,28.73,-56.97,42.83,RANGE,,NEUTRAL,,-1.44,4.06,76.07,-5.00,CHOP-DOWN,STAND-ASIDE,0,
2021-03-25,14324.90,14765.86,12586.10,267.33,46.04,21.92,-63.65,10.25,-73.90,38.27,RANGE,,NEUTRAL,,-2.96,2.45,63.80,-6.46,CHOP-DOWN,STAND-ASIDE,0,
2021-03-26,14507.30,14764.71,12609.13,265.95,46.23,23.41,-76.12,-7.02,-69.10,43.53,RANGE,,NEUTRAL,,-1.72,3.76,90.63,-5.27,CHOP-DOWN,STAND-ASIDE,0,
2021-03-30,14845.10,14769.70,12633.49,273.31,48.04,23.22,-58.07,-17.23,-40.84,51.73,RANGE,,NEUTRAL,,0.57,6.17,90.30,-3.07,CHOP-DOWN,STAND-ASIDE,0,
2021-03-31,14690.70,14774.84,12657.88,266.28,47.77,23.05,-55.59,-24.90,-30.69,48.28,RANGE,,NEUTRAL,,-0.48,5.07,76.62,-4.07,CHOP-DOWN,STAND-ASIDE,0,
2021-04-01,14867.35,14786.56,12682.64,261.01,48.49,22.55,-38.92,-27.71,-11.21,52.21,RANGE,,NEUTRAL,,0.00,6.33,72.05,-2.92,CHOP-MID,STAND-ASIDE,0,
2021-04-05,14637.80,14788.89,12706.43,271.50,60.44,22.83,-43.73,-30.91,-12.82,47.19,CHOP,,NEUTRAL,,-1.54,4.69,69.02,-4.42,CHOP-MID,STAND-ASIDE,0,
2021-04-06,14683.50,14789.67,12729.39,266.76,59.47,23.09,-43.35,-33.40,-9.95,48.26,CHOP,,NEUTRAL,,-1.24,5.02,77.31,-4.12,CHOP-MID,STAND-ASIDE,0,
2021-04-07,14819.05,14794.24,12752.26,264.13,65.04,22.80,-31.75,-33.07,1.32,51.39,CHOP,CROSS_UP,NEUTRAL,,-0.32,5.99,72.36,-3.24,CHOP-MID,STAND-ASIDE,0,
2021-04-08,14873.80,14804.28,12775.07,257.06,62.60,22.01,-17.93,-30.04,12.11,52.64,CHOP,,NEUTRAL,,0.04,6.38,80.21,-2.88,CHOP-UP,WATCH,0,
2021-04-09,14834.85,14816.20,12796.89,248.18,59.84,21.42,-10.00,-26.03,16.03,51.62,CHOP,,NEUTRAL,,-0.22,6.10,83.51,-3.13,CHOP-MID,STAND-ASIDE,0,
2021-04-12,14310.80,14823.06,12816.92,272.32,60.60,22.49,-45.48,-29.92,-15.56,40.35,CHOP,CROSS_DOWN,NEUTRAL,,-3.74,2.35,62.77,-6.56,CHOP-DOWN,STAND-ASIDE,0,
2021-04-13,14504.80,14836.81,12838.00,271.01,61.50,23.49,-57.29,-35.39,-21.89,45.13,CHOP,,NEUTRAL,,-2.44,3.74,65.79,-5.29,CHOP-DOWN,STAND-ASIDE,0,
2021-04-15,14581.45,14855.75,12858.99,269.11,62.24,24.05,-59.77,-40.27,-19.50,46.93,CHOP,,NEUTRAL,,-1.92,4.29,60.03,-4.79,CHOP-DOWN,STAND-ASIDE,0,
2021-04-16,14617.85,14862.48,12880.52,259.79,60.80,24.05,-58.13,-43.84,-14.29,47.81,CHOP,,NEUTRAL,,-1.68,4.55,62.53,-4.55,CHOP-MID,STAND-ASIDE,0,
2021-04-19,14359.45,14856.71,12900.80,271.70,59.14,25.02,-76.79,-50.43,-26.36,42.44,TREND DOWN,,NEUTRAL,,-3.42,2.70,60.88,-6.24,BEAR,AVOID,0,
2021-04-20,14296.40,14846.84,12920.14,275.12,59.85,25.23,-95.57,-59.46,-36.11,41.22,TREND DOWN,,NEUTRAL,BULL_DIV,-3.84,2.25,58.98,-6.65,BEAR,AVOID,0,
2021-04-22,14406.15,14837.05,12939.41,275.00,57.03,25.57,-100.44,-67.66,-32.78,44.22,TREND DOWN,,NEUTRAL,,-3.10,3.04,55.46,-5.93,BEAR,AVOID,0,
2021-04-23,14341.35,14825.39,12958.08,268.77,57.16,25.70,-108.28,-75.78,-32.50,42.83,TREND DOWN,,NEUTRAL,,-3.54,2.57,54.84,-6.36,BEAR,AVOID,0,
2021-04-26,14485.00,14812.78,12976.68,265.01,57.40,25.34,-101.73,-80.97,-20.76,46.82,TREND DOWN,,NEUTRAL,,-2.57,3.60,61.28,-5.42,BEAR,AVOID,0,
2021-04-27,14653.05,14803.65,12995.95,259.13,55.07,24.48,-82.03,-81.18,-0.85,51.12,CHOP,,NEUTRAL,,-1.44,4.80,59.49,-4.32,CHOP-MID,STAND-ASIDE,0,
2021-04-28,14864.55,14798.81,13016.75,257.57,55.41,22.74,-48.79,-74.70,25.91,55.95,CHOP,CROSS_UP,NEUTRAL,,-0.02,6.31,59.60,-2.94,CHOP-UP,WATCH,0,
2021-04-29,14894.90,14793.24,13037.15,255.59,52.77,21.71,-19.77,-63.72,43.95,56.61,RANGE,,NEUTRAL,,0.19,6.53,62.71,-2.74,CHOP-UP,WATCH,0,
2021-04-30,14631.10,14782.60,13056.47,258.28,54.10,20.40,-17.85,-54.54,36.69,49.63,RANGE,,NEUTRAL,,-1.59,4.64,57.62,-4.46,CHOP-MID,STAND-ASIDE,0,
2021-05-03,14634.15,14768.99,13075.63,258.23,55.34,19.81,-15.90,-46.82,30.91,49.71,CHOP,,NEUTRAL,,0.00,4.67,56.00,-4.44,CHOP-MID,STAND-ASIDE,0,
2021-05-04,14496.50,14752.65,13095.07,258.49,52.01,19.07,-25.18,-42.49,17.31,46.26,RANGE,,NEUTRAL,,-0.94,3.68,51.74,-5.34,CHOP-MID,STAND-ASIDE,0,
2021-05-05,14617.85,14740.83,13115.07,250.13,50.78,18.37,-22.47,-38.48,16.01,49.58,RANGE,,NEUTRAL,,-0.11,4.55,48.26,-4.55,CHOP-MID,STAND-ASIDE,0,
2021-05-06,14724.80,14732.95,13134.99,241.72,49.51,17.26,-11.57,-33.10,21.53,52.37,RANGE,,NEUTRAL,,0.62,5.31,58.44,-3.85,CHOP-UP,WATCH,0,
2021-05-07,14823.15,14729.77,13154.60,234.33,49.51,16.32,4.95,-25.49,30.44,54.85,RANGE,,NEUTRAL,,1.29,6.02,61.02,-3.21,CHOP-UP,WATCH,0,
2021-05-10,14942.35,14735.11,13174.20,227.86,46.11,15.86,27.35,-14.92,42.27,57.72,RANGE,,NEUTRAL,,2.11,6.87,61.17,-2.43,CHOP-UP,WATCH,0,
2021-05-11,14850.75,14737.97,13192.64,223.79,44.20,14.89,37.28,-4.48,41.76,54.83,RANGE,,NEUTRAL,,1.48,6.22,61.44,-3.03,CHOP-UP,WATCH,0,
2021-05-12,14696.50,14732.26,13210.46,222.17,48.79,14.18,32.33,2.88,29.45,50.28,RANGE,,NEUTRAL,,0.43,5.11,58.86,-4.04,CHOP-MID,STAND-ASIDE,0,
2021-05-14,14677.80,14723.87,13227.78,217.57,56.15,13.76,26.59,7.62,18.97,49.74,CHOP,,NEUTRAL,,0.30,4.98,58.86,-4.16,CHOP-MID,STAND-ASIDE,0,
2021-05-17,14923.15,14731.75,13246.42,220.61,56.75,13.02,41.36,14.37,26.99,56.36,CHOP,,NEUTRAL,,1.97,6.73,62.27,-2.56,CHOP-UP,WATCH,0,
2021-05-18,15108.10,14738.68,13266.30,220.15,51.94,13.10,67.22,24.94,42.28,60.57,RANGE,,NEUTRAL,,3.24,8.06,61.01,-1.35,CHOP-UP,WATCH,0,
2021-05-19,15030.15,14740.90,13284.95,213.32,50.41,13.01,80.49,36.05,44.44,58.03,RANGE,,NEUTRAL,,2.71,7.50,64.39,-1.86,CHOP-UP,WATCH,0,
2021-05-20,14906.05,14734.11,13303.47,211.29,49.78,12.34,80.07,44.85,35.22,54.13,RANGE,,NEUTRAL,,1.86,6.61,63.14,-2.67,CHOP-UP,WATCH,0,
2021-05-21,15175.30,14736.00,13323.83,216.48,46.97,12.21,100.31,55.95,44.37,60.35,RANGE,,NEUTRAL,,3.70,8.54,71.99,-0.91,CHOP-UP,WATCH,0,
2021-05-24,15197.70,14741.19,13344.45,208.93,43.82,12.34,116.81,68.12,48.69,60.83,RANGE,,NEUTRAL,,3.85,8.70,71.16,-0.76,CHOP-UP,WATCH,0,
2021-05-25,15208.45,14746.23,13366.04,203.32,42.15,12.61,129.27,80.35,48.92,61.07,RANGE,,NEUTRAL,,3.92,8.77,67.74,-0.69,CHOP-UP,WATCH,0,
2021-05-26,15301.45,14750.30,13387.07,197.73,44.85,12.96,144.97,93.27,51.70,63.19,RANGE,,NEUTRAL,,4.56,9.44,68.03,-0.09,CHOP-UP,WATCH,0,
2021-05-27,15337.85,14753.56,13408.25,191.61,41.30,13.55,158.52,106.32,52.20,64.01,RANGE,,NEUTRAL,,4.81,9.70,69.68,0.00,CHOP-UP,WATCH,0,
2021-05-28,15435.65,14761.65,13429.43,187.33,37.34,14.44,175.14,120.09,55.05,66.20,RANGE,,NEUTRAL,,5.48,10.40,70.96,0.00,CHOP-UP,WATCH,0,
2021-05-31,15582.80,14774.72,13451.27,190.55,33.25,15.75,197.90,135.65,62.25,69.23,RANGE,,NEUTRAL,,6.48,11.45,67.29,0.00,CHOP-UP,WATCH,0,
2021-06-01,15574.85,14788.00,13472.79,186.40,30.67,17.15,212.84,151.09,61.75,68.87,RANGE,,NEUTRAL,,0.00,11.39,64.12,-0.05,CHOP-UP,WATCH,0,
2021-06-02,15576.20,14805.10,13494.06,182.91,29.66,17.98,222.23,165.32,56.91,68.90,RANGE,,NEUTRAL,,0.01,11.40,62.59,-0.04,CHOP-UP,WATCH,0,
2021-06-03,15690.35,14827.75,13515.97,179.06,32.48,19.14,236.16,179.49,56.68,71.38,RANGE,,OVERBOUGHT,,0.74,12.22,59.68,0.00,CHOP-UP,WATCH,0,
2021-06-04,15670.25,14846.28,13537.82,174.21,35.40,20.32,242.78,192.14,50.64,70.32,RANGE,,OVERBOUGHT,,0.61,12.08,57.03,-0.13,STRONG-FLOW,BUY,0,
2021-06-07,15751.65,14866.58,13560.69,169.14,31.66,21.55,251.69,204.05,47.64,72.12,RANGE,,OVERBOUGHT,,1.14,12.66,56.55,0.00,TOP-WARNING,NO-NEW,0,
2021-06-08,15740.10,14885.09,13583.15,164.12,30.96,22.73,254.89,214.22,40.67,71.46,RANGE,,OVERBOUGHT,,1.06,12.58,56.94,-0.07,STRONG-FLOW,BUY,0,
2021-06-09,15635.35,14906.81,13604.40,169.08,35.38,22.89,246.13,220.60,25.52,65.56,RANGE,,NEUTRAL,,0.39,11.83,54.16,-0.74,STRONG-FLOW,BUY,0,
2021-06-10,15737.75,14935.07,13626.05,165.28,40.44,23.05,244.63,225.41,19.22,68.31,RANGE,,NEUTRAL,,1.05,12.56,54.79,-0.09,STRONG-FLOW,BUY,0,
2021-06-11,15799.35,14960.91,13648.49,160.46,39.20,23.59,245.58,229.44,16.14,69.87,RANGE,,NEUTRAL,,1.44,13.00,57.26,0.00,STRONG-FLOW,BUY,0,
2021-06-14,15811.85,14980.24,13670.69,164.46,42.70,22.97,244.52,232.46,12.07,70.19,RANGE,,OVERBOUGHT,,1.52,13.09,56.30,0.00,STRONG-FLOW,BUY,0,
2021-06-15,15869.25,15003.81,13692.70,159.13,42.71,22.80,245.49,235.06,10.42,71.69,RANGE,,OVERBOUGHT,,1.89,13.50,60.26,0.00,STRONG-FLOW,BUY,0,
2021-06-16,15767.55,15021.82,13714.18,157.64,49.89,21.92,235.33,235.12,0.22,65.44,RANGE,,NEUTRAL,,1.24,12.77,58.10,-0.64,STRONG-FLOW,BUY,0,
2021-06-17,15691.40,15042.89,13734.89,157.28,50.28,20.41,218.62,231.82,-13.20,61.14,RANGE,CROSS_DOWN,NEUTRAL,,0.75,12.23,59.89,-1.12,CHOP-UP,WATCH,0,
2021-06-18,15683.35,15062.89,13755.51,168.23,57.72,19.89,202.40,225.93,-23.54,60.69,CHOP,,NEUTRAL,,0.70,12.17,58.19,-1.17,CHOP-DOWN,STAND-ASIDE,0,
2021-06-21,15746.50,15081.43,13776.00,174.75,59.98,19.39,192.41,219.23,-26.82,63.01,CHOP,,NEUTRAL,,1.10,12.62,59.36,-0.77,CHOP-DOWN,STAND-ASIDE,0,
2021-06-22,15772.75,15099.41,13797.93,172.93,60.18,18.09,184.49,212.28,-27.79,63.96,CHOP,,NEUTRAL,,1.27,12.81,56.30,-0.61,CHOP-DOWN,STAND-ASIDE,0,
2021-06-23,15686.95,15116.46,13819.01,174.07,61.19,17.33,169.34,203.69,-34.35,58.65,CHOP,,NEUTRAL,,0.72,12.20,53.13,-1.15,CHOP-DOWN,STAND-ASIDE,0,
2021-06-24,15790.45,15146.05,13840.29,171.24,61.58,16.62,163.80,195.71,-31.92,62.67,CHOP,,NEUTRAL,,1.38,12.94,53.14,-0.50,CHOP-DOWN,STAND-ASIDE,0,
2021-06-25,15860.35,15173.16,13861.95,166.05,61.50,15.62,163.16,189.20,-26.04,65.14,CHOP,,NEUTRAL,,1.83,13.44,51.47,-0.06,CHOP-DOWN,STAND-ASIDE,0,
2021-06-28,15814.70,15197.82,13884.36,163.01,60.75,14.62,157.16,182.80,-25.63,62.25,CHOP,,NEUTRAL,,1.54,13.11,53.46,-0.34,CHOP-DOWN,STAND-ASIDE,0,
2021-06-29,15748.45,15220.44,13906.32,159.35,58.70,13.92,145.39,175.31,-29.93,58.20,CHOP,,NEUTRAL,,1.11,12.64,53.06,-0.76,CHOP-DOWN,STAND-ASIDE,0,
2021-06-30,15721.50,15247.68,13928.34,157.28,58.95,13.37,132.36,166.72,-34.37,56.59,CHOP,,NEUTRAL,,0.94,12.44,51.42,-0.93,CHOP-DOWN,STAND-ASIDE,0,
2021-07-01,15680.00,15275.35,13950.35,152.37,58.78,13.15,117.33,156.84,-39.52,54.11,CHOP,,NEUTRAL,,0.00,12.15,52.05,-1.19,CHOP-DOWN,STAND-ASIDE,0,
2021-07-02,15722.20,15301.67,13971.72,148.80,56.76,13.15,107.58,146.99,-39.41,56.22,CHOP,,NEUTRAL,,0.27,12.45,52.61,-0.93,CHOP-DOWN,STAND-ASIDE,0,
2021-07-05,15834.35,15331.53,13993.57,147.01,57.37,12.27,107.67,139.13,-31.46,61.29,CHOP,,NEUTRAL,,0.98,13.25,51.81,-0.22,CHOP-DOWN,STAND-ASIDE,0,
2021-07-06,15818.25,15358.20,14015.46,144.60,56.92,11.83,105.22,132.35,-27.12,60.21,CHOP,,NEUTRAL,,0.88,13.13,49.91,-0.32,CHOP-DOWN,STAND-ASIDE,0,
2021-07-07,15879.65,15382.73,14037.25,142.40,56.21,11.25,107.00,127.28,-20.27,62.90,CHOP,,NEUTRAL,BEAR_DIV,1.27,13.57,49.70,0.00,TOP-WARNING,NO-NEW,0,
2021-07-08,15727.90,15399.99,14057.87,146.72,58.91,10.92,95.08,120.84,-25.76,53.32,CHOP,,NEUTRAL,,0.31,12.49,46.12,-0.96,CHOP-DOWN,STAND-ASIDE,0,
2021-07-09,15689.80,15415.89,14078.73,143.25,69.68,10.97,81.61,112.99,-31.38,51.22,CHOP,,NEUTRAL,,0.06,12.22,45.28,-1.20,CHOP-DOWN,STAND-ASIDE,0,
2021-07-12,15692.60,15437.12,14099.67,143.33,69.58,10.52,70.35,104.46,-34.11,51.37,CHOP,,NEUTRAL,,0.08,12.24,46.58,-1.18,CHOP-DOWN,STAND-ASIDE,0,
2021-07-13,15812.35,15460.69,14122.48,142.25,68.26,9.84,70.28,97.63,-27.35,57.48,CHOP,,NEUTRAL,,0.84,13.09,46.23,-0.42,CHOP-DOWN,STAND-ASIDE,0,
2021-07-14,15853.95,15487.84,14145.98,140.17,67.79,9.52,72.74,92.65,-19.91,59.38,CHOP,,NEUTRAL,,1.11,13.39,47.23,-0.16,CHOP-DOWN,STAND-ASIDE,0,
2021-07-15,15924.20,15513.96,14169.94,137.19,63.16,9.78,79.45,90.01,-10.56,62.45,CHOP,,NEUTRAL,,1.56,13.89,47.41,0.00,CHOP-UP,WATCH,0,
2021-07-16,15923.40,15537.93,14195.53,133.08,61.01,10.09,83.73,88.75,-5.02,62.39,CHOP,,NEUTRAL,,1.55,13.89,50.12,-0.01,CHOP-UP,WATCH,0,
2021-07-19,15752.40,15556.52,14219.04,138.99,63.33,9.84,72.49,85.50,-13.01,51.44,CHOP,,NEUTRAL,,0.46,12.66,48.35,-1.08,CHOP-MID,STAND-ASIDE,0,
2021-07-20,15632.10,15570.31,14241.07,141.48,58.49,10.44,53.27,79.05,-25.79,45.41,CHOP,,NEUTRAL,,-0.31,11.80,45.55,-1.83,CHOP-DOWN,STAND-ASIDE,0,
2021-07-22,15824.05,15589.78,14264.08,145.86,60.83,10.15,52.91,73.83,-20.92,54.57,CHOP,,NEUTRAL,,0.92,13.18,45.15,-0.63,CHOP-DOWN,STAND-ASIDE,0,
2021-07-23,15856.05,15612.97,14287.12,144.82,61.40,9.44,54.57,69.97,-15.40,55.90,CHOP,,NEUTRAL,,1.12,13.41,43.86,-0.43,CHOP-DOWN,STAND-ASIDE,0,
2021-07-26,15824.45,15635.90,14309.16,141.36,60.86,8.78,52.74,66.53,-13.79,54.21,CHOP,,NEUTRAL,,0.92,13.18,41.77,-0.63,CHOP-MID,STAND-ASIDE,0,
2021-07-27,15746.45,15652.37,14330.37,144.16,62.17,8.82,44.48,62.12,-17.64,50.19,CHOP,,NEUTRAL,,0.42,12.62,41.44,-1.12,CHOP-DOWN,STAND-ASIDE,0,
2021-07-28,15709.40,15664.40,14350.61,152.01,58.82,9.95,34.54,56.60,-22.06,48.35,CHOP,,NEUTRAL,,0.19,12.36,40.07,-1.35,CHOP-DOWN,STAND-ASIDE,0,
2021-07-29,15778.45,15679.36,14370.80,148.86,57.09,10.59,31.87,51.66,-19.78,51.88,CHOP,,NEUTRAL,,0.63,12.85,40.95,-0.92,CHOP-DOWN,STAND-ASIDE,0,
2021-07-30,15763.05,15696.50,14390.45,146.65,57.46,10.82,28.19,46.96,-18.77,51.04,CHOP,,NEUTRAL,,0.53,12.74,41.60,-1.01,CHOP-DOWN,STAND-ASIDE,0,
2021-08-02,15885.15,15710.70,14410.30,145.45,57.19,10.78,34.72,44.51,-9.79,56.98,CHOP,,NEUTRAL,,0.00,13.61,40.57,-0.25,CHOP-MID,STAND-ASIDE,0,
2021-08-03,16130.75,15729.36,14431.30,153.76,46.54,10.95,59.04,47.42,11.62,65.93,RANGE,CROSS_UP,NEUTRAL,,1.55,15.37,43.99,0.00,CHOP-UP,WATCH,0,
2021-08-04,16258.80,15750.37,14452.92,154.17,39.62,11.82,87.63,55.46,32.17,69.49,RANGE,,NEUTRAL,,2.35,16.29,46.45,0.00,CHOP-UP,WATCH,0,
2021-08-05,16294.60,15770.23,14474.54,153.09,37.52,12.89,111.89,66.75,45.14,70.43,RANGE,,OVERBOUGHT,,2.58,16.54,47.15,0.00,CHOP-UP,WATCH,0,
2021-08-06,16238.20,15788.24,14497.33,150.26,38.09,13.89,125.12,78.42,46.70,66.96,RANGE,,NEUTRAL,,2.22,16.14,49.09,-0.35,CHOP-UP,WATCH,0,
2021-08-09,16258.25,15804.69,14519.81,149.65,36.84,14.45,135.66,89.87,45.79,67.57,RANGE,,NEUTRAL,,2.35,16.28,46.53,-0.22,CHOP-UP,WATCH,0,
2021-08-10,16280.10,15818.64,14541.84,150.18,36.11,15.17,144.12,100.72,43.40,68.26,RANGE,,NEUTRAL,,2.49,16.44,46.65,-0.09,CHOP-UP,WATCH,0,
2021-08-11,16282.25,15832.78,14563.77,152.04,35.65,15.50,149.27,110.43,38.84,68.33,RANGE,,NEUTRAL,,2.50,16.45,45.38,-0.08,CHOP-UP,WATCH,0,
2021-08-12,16364.40,15848.55,14585.90,147.84,34.25,16.01,158.16,119.97,38.18,71.01,RANGE,,OVERBOUGHT,,3.02,17.04,45.93,0.00,CHOP-UP,WATCH,0,
2021-08-13,16529.10,15865.32,14609.07,150.08,28.95,17.35,176.46,131.27,45.19,75.49,RANGE,,OVERBOUGHT,,4.05,18.22,46.66,0.00,TOP-WARNING,NO-NEW,0,
2021-08-16,16563.05,15883.18,14632.23,147.12,26.05,18.79,191.50,143.32,48.18,76.30,RANGE,,OVERBOUGHT,,4.27,18.46,46.28,0.00,TOP-WARNING,NO-NEW,0,
2021-08-17,16614.60,15900.44,14656.46,146.12,31.00,20.31,205.21,155.69,49.51,77.52,RANGE,,OVERBOUGHT,,4.59,18.83,46.92,0.00,TOP-WARNING,NO-NEW,0,
2021-08-18,16568.85,15917.01,14679.86,147.54,29.36,22.02,209.96,166.55,43.41,73.89,RANGE,,OVERBOUGHT,,4.30,18.50,46.62,-0.28,TOP-WARNING,NO-NEW,0,
2021-08-20,16450.50,15933.32,14703.47,150.77,34.43,22.12,201.85,173.61,28.24,65.36,RANGE,,NEUTRAL,,3.56,17.66,47.16,-0.99,STRONG-FLOW,BUY,0,
2021-08-23,16496.45,15948.49,14727.59,154.06,39.25,22.62,196.86,178.26,18.60,66.95,RANGE,,NEUTRAL,,3.85,17.99,46.67,-0.71,STRONG-FLOW,BUY,0,
2021-08-24,16624.60,15964.99,14752.51,153.90,51.67,23.34,200.93,182.79,18.14,70.97,RANGE,,OVERBOUGHT,,4.65,18.90,46.02,0.00,STRONG-FLOW,BUY,0,
2021-08-25,16634.65,15981.45,14777.33,149.69,49.75,24.31,202.63,186.76,15.87,71.26,RANGE,,OVERBOUGHT,,4.72,18.97,45.81,0.00,STRONG-FLOW,BUY,0,
2021-08-26,16636.90,15996.80,14801.45,144.73,48.64,25.06,201.84,189.78,12.06,71.33,TREND UP,,OVERBOUGHT,,4.73,18.99,47.07,0.00,ALL-ALIGN BULL,BUY,1,
2021-08-27,16705.20,16015.56,14825.43,145.57,48.80,25.95,204.36,192.69,11.67,73.45,TREND UP,,OVERBOUGHT,,5.16,19.48,46.90,0.00,TOP-WARNING,NO-NEW,0,
2021-08-30,16931.05,16040.35,14849.49,152.76,37.68,27.68,222.03,198.56,23.47,78.99,TREND UP,,OVERBOUGHT,,6.58,21.09,47.66,0.00,TOP-WARNING,NO-NEW,0,
2021-08-31,17132.20,16069.33,14873.83,158.83,30.45,29.85,249.38,208.72,40.66,82.49,TREND UP,,OVERBOUGHT,,7.85,22.53,49.34,0.00,TOP-WARNING,NO-NEW,0,
2021-09-01,17076.25,16095.92,14896.91,159.68,32.41,32.05,263.51,219.68,43.83,78.57,TREND UP,,OVERBOUGHT,,0.00,22.13,47.85,-0.33,TOP-WARNING,NO-NEW,0,
2021-09-02,17234.15,16125.15,14919.92,161.54,36.87,34.13,284.17,232.58,51.59,81.27,TREND UP,,OVERBOUGHT,,0.92,23.26,49.09,0.00,TOP-WARNING,NO-NEW,0,
2021-09-03,17323.60,16157.88,14942.79,159.14,32.10,36.29,304.26,246.92,57.34,82.61,TREND UP,,OVERBOUGHT,,1.45,23.90,48.73,0.00,TOP-WARNING,NO-NEW,0,
2021-09-06,17377.80,16189.63,14966.23,155.34,28.70,38.49,320.85,261.70,59.15,83.39,TREND UP,,OVERBOUGHT,,1.77,24.29,52.60,0.00,TOP-WARNING,NO-NEW,0,
2021-09-07,17362.10,16219.67,14989.44,154.92,28.72,39.93,328.94,275.15,53.79,82.24,TREND UP,,OVERBOUGHT,,1.67,24.18,51.37,-0.09,TOP-WARNING,NO-NEW,0,
2021-09-08,17353.50,16250.44,15011.84,153.09,28.10,40.93,330.85,286.29,44.56,81.58,TREND UP,,OVERBOUGHT,,1.62,24.12,50.44,-0.14,TOP-WARNING,NO-NEW,0,
2021-09-09,17369.25,16282.86,15033.99,147.65,26.78,41.86,329.82,295.00,34.83,81.87,TREND UP,,OVERBOUGHT,,1.72,24.23,50.68,-0.05,TOP-WARNING,NO-NEW,0,
2021-09-13,17355.30,16315.53,15056.91,144.90,28.99,42.34,324.15,300.83,23.32,80.67,TREND UP,,OVERBOUGHT,,1.63,24.13,53.13,-0.13,TOP-WARNING,NO-NEW,0,
2021-09-14,17380.00,16349.53,15079.51,140.50,30.53,43.02,317.98,304.26,13.73,81.20,TREND UP,,OVERBOUGHT,,1.78,24.30,53.06,0.00,TOP-WARNING,NO-NEW,0,
2021-09-15,17519.45,16385.48,15102.48,141.37,27.76,43.98,320.65,307.54,13.12,83.86,TREND UP,,OVERBOUGHT,,2.60,25.30,54.80,0.00,TOP-WARNING,NO-NEW,0,
2021-09-16,17629.50,16421.38,15125.35,140.85,24.61,45.20,327.87,311.60,16.26,85.60,TREND UP,,OVERBOUGHT,,3.24,26.09,56.32,0.00,TOP-WARNING,NO-NEW,0,
2021-09-17,17585.15,16456.72,15148.98,149.03,28.21,46.70,326.25,314.53,11.71,81.78,TREND UP,,OVERBOUGHT,,2.98,25.77,53.59,-0.25,TOP-WARNING,NO-NEW,0,
2021-09-20,17396.90,16487.06,15171.03,157.02,34.49,46.37,306.24,312.87,-6.63,67.93,TREND UP,CROSS_DOWN,NEUTRAL,,1.88,24.43,51.75,-1.32,ALL-ALIGN BULL,BUY,0,
2021-09-21,17562.00,16523.75,15194.00,163.82,41.29,45.76,300.25,310.35,-10.10,72.36,TREND UP,,OVERBOUGHT,,2.84,25.61,53.51,-0.38,TOP-WARNING,NO-NEW,0,
2021-09-22,17546.65,16560.88,15216.19,158.30,40.04,45.32,290.91,306.46,-15.55,71.37,TREND UP,,OVERBOUGHT,,2.75,25.50,52.29,-0.47,ALL-ALIGN BULL,BUY,0,
2021-09-23,17822.95,16603.49,15239.73,168.22,47.64,45.70,302.31,305.63,-3.32,77.35,TREND UP,,OVERBOUGHT,,4.37,27.47,53.59,0.00,TOP-WARNING,NO-NEW,0,
2021-09-24,17853.20,16644.31,15263.33,165.37,44.11,46.35,310.22,306.55,3.67,77.89,TREND UP,CROSS_UP,OVERBOUGHT,,4.55,27.69,55.03,0.00,TOP-WARNING,NO-NEW,0,
2021-09-27,17855.10,16684.33,15286.31,163.60,44.70,46.79,313.03,307.84,5.18,77.93,TREND UP,,OVERBOUGHT,,4.56,27.70,55.19,0.00,TOP-WARNING,NO-NEW,0,
2021-09-28,17748.60,16720.82,15308.28,175.97,47.72,45.37,303.17,306.91,-3.74,70.98,TREND UP,CROSS_DOWN,OVERBOUGHT,,3.94,26.94,57.76,-0.60,ALL-ALIGN BULL,BUY,0,
2021-09-29,17711.30,16756.58,15329.87,175.80,49.23,44.05,289.01,303.33,-14.32,68.67,TREND UP,,NEUTRAL,,3.72,26.67,58.79,-0.81,ALL-ALIGN BULL,BUY,0,
2021-09-30,17618.15,16793.89,15350.31,174.44,50.43,42.64,267.19,296.10,-28.91,63.14,TREND UP,,NEUTRAL,,3.17,26.01,58.27,-1.33,ALL-ALIGN BULL,BUY,0,
2021-10-01,17532.05,16831.89,15370.58,173.78,54.57,40.39,240.19,284.92,-44.73,58.45,TREND UP,,NEUTRAL,,0.00,25.39,62.25,-1.81,ALL-ALIGN BULL,BUY,0,
2021-10-04,17691.25,16869.23,15391.47,177.00,56.48,39.21,228.99,273.73,-44.74,63.80,TREND UP,,NEUTRAL,,0.91,26.53,60.10,-0.92,ALL-ALIGN BULL,BUY,0,
2021-10-05,17822.30,16908.56,15412.79,178.11,57.02,38.46,228.07,264.60,-36.53,67.51,TREND UP,,NEUTRAL,,1.66,27.47,58.74,-0.18,ALL-ALIGN BULL,BUY,0,
2021-10-06,17646.00,16944.99,15433.18,184.78,58.83,37.96,210.68,253.82,-43.14,58.79,TREND UP,,NEUTRAL,,0.65,26.21,57.24,-1.17,ALL-ALIGN BULL,BUY,0,
2021-10-07,17790.35,16985.87,15453.72,186.69,58.27,37.50,206.17,244.29,-38.12,63.00,TREND UP,,NEUTRAL,,1.47,27.24,58.17,-0.36,ALL-ALIGN BULL,BUY,0,
2021-10-08,17895.20,17029.58,15474.49,184.18,56.80,37.42,208.65,237.16,-28.51,65.74,TREND UP,,NEUTRAL,,2.07,27.99,56.74,0.00,ALL-ALIGN BULL,BUY,0,
2021-10-11,17945.95,17072.93,15495.42,185.51,58.16,37.73,212.26,232.18,-19.92,67.02,TREND UP,,NEUTRAL,,2.36,28.35,56.01,0.00,ALL-ALIGN BULL,BUY,0,
2021-10-12,17991.95,17117.51,15518.74,182.53,58.95,38.01,216.35,229.01,-12.67,68.17,TREND UP,,NEUTRAL,,2.62,28.68,54.27,0.00,ALL-ALIGN BULL,BUY,0,
2021-10-13,18161.75,17163.04,15542.21,184.19,48.79,38.91,230.62,229.33,1.29,72.06,TREND UP,CROSS_UP,OVERBOUGHT,,3.59,29.90,54.71,0.00,TOP-WARNING,NO-NEW,0,
2021-10-14,18338.55,17207.20,15565.90,184.54,42.56,40.17,253.29,234.13,19.16,75.43,TREND UP,,OVERBOUGHT,,4.60,31.16,54.96,0.00,TOP-WARNING,NO-NEW,0,
2021-10-18,18477.05,17251.56,15589.54,185.97,36.07,41.76,279.20,243.14,36.06,77.70,TREND UP,,OVERBOUGHT,BEAR_DIV,5.39,32.15,55.08,0.00,TOP-WARNING,NO-NEW,0,
2021-10-19,18418.75,17294.05,15612.27,188.88,32.49,42.67,291.68,252.85,38.83,74.58,TREND UP,,OVERBOUGHT,,5.06,31.73,54.38,-0.32,TOP-WARNING,NO-NEW,0,ATH 18604
2021-10-20,18266.60,17334.62,15633.94,193.17,33.53,42.21,285.99,259.48,26.51,67.01,TREND UP,,NEUTRAL,,4.19,30.65,53.06,-1.14,ALL-ALIGN BULL,BUY,0,
2021-10-21,18178.10,17373.01,15654.92,203.39,35.89,40.74,271.21,261.82,9.39,63.01,TREND UP,,NEUTRAL,,3.68,30.01,51.85,-1.62,ALL-ALIGN BULL,BUY,0,
2021-10-22,18114.90,17409.71,15675.58,208.85,41.81,39.28,251.50,259.76,-8.26,60.24,TREND UP,CROSS_DOWN,NEUTRAL,,3.32,29.56,55.09,-1.96,ALL-ALIGN BULL,BUY,0,
2021-10-25,18125.40,17446.57,15696.12,213.43,43.66,37.51,234.03,254.61,-20.58,60.55,TREND UP,,NEUTRAL,,3.38,29.64,54.10,-1.90,ALL-ALIGN BULL,BUY,0,
2021-10-26,18268.40,17484.65,15716.80,213.27,43.89,36.18,229.09,249.51,-20.42,64.60,TREND UP,,NEUTRAL,,4.20,30.66,53.86,-1.13,ALL-ALIGN BULL,BUY,0,
2021-10-27,18210.95,17518.29,15736.85,210.47,48.95,35.10,218.02,243.21,-25.19,61.85,TREND UP,,NEUTRAL,,3.87,30.25,53.07,-1.44,ALL-ALIGN BULL,BUY,0,
2021-10-28,17857.25,17544.17,15755.41,224.83,52.99,33.15,178.64,230.30,-51.65,48.25,TREND DOWN,,NEUTRAL,,1.85,27.72,49.59,-3.35,BEAR,AVOID,0,
2021-10-29,17671.65,17565.31,15773.08,230.40,46.81,32.09,130.96,210.43,-79.47,42.92,TREND DOWN,,NEUTRAL,,0.80,26.39,48.55,-4.36,BEAR,AVOID,0,
2021-11-01,17929.65,17592.53,15790.99,234.11,47.69,30.90,112.68,190.88,-78.20,51.02,TREND DOWN,,NEUTRAL,,0.00,28.24,50.29,-2.96,BEAR,AVOID,0,
2021-11-02,17888.95,17621.30,15808.01,229.15,47.92,29.48,93.83,171.47,-77.64,49.82,TREND DOWN,,NEUTRAL,,-0.23,27.94,52.02,-3.18,BEAR,AVOID,0,
2021-11-03,17829.20,17647.95,15824.34,229.27,48.18,28.54,73.23,151.82,-78.59,48.03,TREND DOWN,,NEUTRAL,,-0.56,27.52,49.96,-3.51,BEAR,AVOID,0,
2021-11-04,17916.80,17673.80,15841.10,221.35,47.42,27.67,63.24,134.11,-70.86,50.82,TREND DOWN,,NEUTRAL,,-0.07,28.14,52.75,-3.03,BEAR,AVOID,0,
2021-11-08,18068.55,17702.48,15858.47,223.52,47.93,26.04,66.80,120.64,-53.84,55.29,TREND DOWN,,NEUTRAL,,0.77,29.23,54.82,-2.21,BEAR,AVOID,0,
2021-11-09,18044.25,17730.62,15876.52,216.80,52.91,24.39,66.89,109.89,-43.00,54.44,RANGE,,NEUTRAL,,0.64,29.06,54.99,-2.34,CHOP-DOWN,STAND-ASIDE,0,
2021-11-10,18017.20,17756.86,15895.20,211.76,55.23,23.21,64.04,100.72,-36.68,53.45,CHOP,,NEUTRAL,,0.49,28.86,54.40,-2.49,CHOP-DOWN,STAND-ASIDE,0,
2021-11-11,17873.60,17775.71,15911.96,212.28,56.00,22.69,49.62,90.50,-40.88,48.42,CHOP,,NEUTRAL,,-0.31,27.84,51.30,-3.27,CHOP-DOWN,STAND-ASIDE,0,
2021-11-12,18102.75,17795.12,15929.25,214.93,55.63,21.31,56.04,83.61,-27.57,55.60,CHOP,,NEUTRAL,,0.97,29.47,52.02,-2.03,CHOP-DOWN,STAND-ASIDE,0,
2021-11-15,18109.45,17815.79,15946.85,209.50,53.99,20.02,60.96,79.08,-18.12,55.80,RANGE,,NEUTRAL,,1.00,29.52,49.41,-1.99,CHOP-DOWN,STAND-ASIDE,0,
2021-11-16,17999.20,17831.09,15964.98,206.95,53.52,18.96,55.33,74.33,-19.00,51.79,RANGE,,NEUTRAL,,0.39,28.73,46.77,-2.59,CHOP-DOWN,STAND-ASIDE,0,
2021-11-17,17898.65,17842.59,15983.28,202.41,60.70,18.36,42.27,67.92,-25.65,48.38,CHOP,,NEUTRAL,,-0.17,28.01,43.64,-3.13,CHOP-DOWN,STAND-ASIDE,0,
2021-11-18,17764.80,17850.33,16002.27,206.32,58.67,18.64,20.87,58.51,-37.64,44.20,CHOP,,NEUTRAL,,-0.92,27.06,40.64,-3.85,CHOP-DOWN,STAND-ASIDE,0,
2021-11-22,17416.55,17851.42,16020.26,229.07,44.77,20.18,-23.91,42.02,-65.93,35.60,RANGE,,NEUTRAL,,-2.86,24.57,36.61,-5.74,WEAK,NO-BUY,0,
2021-11-23,17503.35,17854.42,16039.61,236.82,42.92,21.77,-51.80,23.26,-75.06,38.79,RANGE,,NEUTRAL,,-2.38,25.19,37.92,-5.27,CHOP-DOWN,STAND-ASIDE,0,
2021-11-24,17415.05,17855.33,16055.28,237.52,43.91,22.96,-80.10,2.59,-82.69,36.79,RANGE,,NEUTRAL,,-2.87,24.56,36.91,-5.75,WEAK,NO-BUY,0,
2021-11-25,17536.25,17858.95,16069.72,235.74,43.69,24.07,-91.69,-16.27,-75.43,41.27,RANGE,,NEUTRAL,,-2.19,25.42,36.21,-5.09,CHOP-DOWN,STAND-ASIDE,0,
2021-11-26,17026.45,17851.88,16080.90,258.23,40.67,26.00,-140.40,-41.09,-99.31,31.24,TREND DOWN,,NEUTRAL,,-5.04,21.78,31.60,-7.85,PANIC,NO-TOUCH,0,
2021-11-29,17053.95,17842.57,16091.69,266.80,36.16,28.18,-174.77,-67.83,-106.94,32.20,TREND DOWN,,NEUTRAL,,-4.88,21.97,33.53,-7.70,PANIC,NO-TOUCH,0,
2021-11-30,16983.20,17829.64,16101.99,275.84,38.77,29.23,-205.34,-95.33,-110.01,31.00,TREND DOWN,,NEUTRAL,,-5.28,21.47,32.07,-8.08,PANIC,NO-TOUCH,0,
2021-12-01,17166.90,17821.28,16112.24,272.55,39.56,30.21,-212.31,-118.73,-93.58,37.49,TREND DOWN,,NEUTRAL,,0.00,22.78,32.80,-7.09,BEAR,AVOID,0,
2021-12-02,17401.65,17821.37,16123.70,272.44,40.04,29.96,-196.61,-134.30,-62.31,44.66,TREND DOWN,,NEUTRAL,,1.37,24.46,33.29,-5.82,BEAR,AVOID,0,
2021-12-03,17196.70,17814.07,16134.16,275.06,40.58,29.37,-198.43,-147.13,-51.30,40.31,TREND DOWN,,NEUTRAL,,0.17,22.99,33.74,-6.93,BEAR,AVOID,0,
2021-12-06,16912.25,17801.38,16142.85,278.63,44.36,29.66,-220.28,-161.76,-58.52,35.20,TREND DOWN,,NEUTRAL,,-1.48,20.96,30.22,-8.47,BEAR,AVOID,0,
2021-12-07,17176.70,17788.46,16152.92,282.97,48.99,29.75,-213.80,-172.17,-41.63,42.50,TREND DOWN,,NEUTRAL,,0.06,22.85,32.44,-7.04,BEAR,AVOID,0,
2021-12-08,17469.75,17780.79,16163.69,284.75,52.78,28.70,-182.90,-174.31,-8.59,49.32,TREND DOWN,,NEUTRAL,,1.76,24.95,33.26,-5.45,BEAR,AVOID,0,
2021-12-09,17516.85,17774.02,16174.71,276.10,56.88,27.47,-152.85,-170.02,17.17,50.34,TREND DOWN,CROSS_UP,NEUTRAL,,2.04,25.28,33.58,-5.20,BEAR,AVOID,0,
2021-12-10,17511.30,17769.28,16186.22,265.60,61.93,26.33,-128.01,-161.62,33.61,50.22,TREND DOWN,,NEUTRAL,,2.01,25.24,33.33,-5.23,BEAR,AVOID,0,
2021-12-13,17368.25,17762.41,16197.47,266.88,59.68,24.78,-118.50,-153.00,34.49,46.90,CHOP,,NEUTRAL,,1.17,24.22,31.00,-6.00,CHOP-MID,STAND-ASIDE,0,
2021-12-14,17324.90,17756.55,16209.18,258.56,58.78,23.85,-113.16,-145.03,31.87,45.91,CHOP,,NEUTRAL,,0.92,23.91,29.72,-6.24,CHOP-MID,STAND-ASIDE,0,
2021-12-15,17221.40,17750.34,16221.91,251.45,58.28,23.13,-115.94,-139.21,23.27,43.55,CHOP,,NEUTRAL,,0.32,23.17,28.59,-6.80,CHOP-DOWN,STAND-ASIDE,0,
2021-12-16,17248.40,17741.48,16234.62,247.37,54.74,22.30,-114.65,-134.30,19.65,44.35,RANGE,,NEUTRAL,,0.47,23.36,27.49,-6.65,CHOP-DOWN,STAND-ASIDE,0,
2021-12-17,16985.20,17724.74,16244.63,253.40,59.42,22.37,-133.32,-134.10,0.78,38.58,CHOP,,NEUTRAL,,-1.06,21.48,26.02,-8.07,CHOP-DOWN,STAND-ASIDE,0,
2021-12-20,16614.20,17704.10,16252.22,276.37,42.45,23.91,-176.03,-142.49,-33.54,32.22,RANGE,CROSS_DOWN,NEUTRAL,,-3.22,18.83,22.94,-10.08,WEAK,NO-BUY,0,
2021-12-21,16770.85,17683.71,16263.42,279.64,43.37,24.84,-194.98,-152.99,-42.00,36.95,RANGE,,NEUTRAL,,-2.31,19.95,23.70,-9.23,WEAK,NO-BUY,0,
2021-12-22,16955.45,17664.92,16274.39,273.97,42.67,25.53,-192.89,-160.97,-31.92,42.08,TREND DOWN,,NEUTRAL,,-1.23,21.27,24.97,-8.24,BEAR,AVOID,0,
2021-12-23,17072.60,17647.45,16285.16,266.05,41.18,25.44,-179.70,-164.72,-14.99,45.13,TREND DOWN,,NEUTRAL,,-0.55,22.11,24.78,-7.60,BEAR,AVOID,0,
2021-12-24,17003.75,17627.69,16293.95,264.62,40.35,25.66,-172.82,-166.34,-6.48,43.67,TREND DOWN,,NEUTRAL,,-0.95,21.61,23.75,-7.97,BEAR,AVOID,0,
2021-12-27,17086.25,17606.18,16303.98,265.64,39.70,26.07,-158.87,-164.84,5.97,45.92,TREND DOWN,CROSS_UP,NEUTRAL,,-0.47,22.20,24.17,-7.53,BEAR,AVOID,0,
2021-12-28,17233.25,17584.07,16315.46,258.38,38.11,25.75,-134.41,-158.76,24.35,49.77,TREND DOWN,,NEUTRAL,,0.39,23.26,29.30,-6.73,BEAR,AVOID,0,
2021-12-29,17213.60,17558.80,16326.74,247.73,37.50,25.28,-115.28,-150.06,34.78,49.27,TREND DOWN,,NEUTRAL,,0.27,23.11,27.83,-6.84,BEAR,AVOID,0,
2021-12-30,17203.95,17534.50,16337.27,238.44,37.37,24.94,-99.75,-140.00,40.25,49.00,RANGE,,NEUTRAL,,0.22,23.05,26.49,-6.89,CHOP-MID,STAND-ASIDE,0,
2021-12-31,17354.05,17516.25,16348.17,235.47,44.54,23.93,-74.47,-126.89,52.42,53.19,RANGE,,NEUTRAL,,1.09,24.12,26.22,-6.08,CHOP-UP,WATCH,0,
2022-01-03,17625.70,17505.21,16361.14,239.55,37.78,22.53,-32.14,-107.94,75.80,59.65,RANGE,,NEUTRAL,,0.00,1.57,27.05,-4.61,CHOP-UP,WATCH,0,
2022-01-04,17805.25,17499.01,16375.52,239.16,33.44,21.90,15.71,-83.21,98.92,63.25,RANGE,,NEUTRAL,,1.02,2.60,27.80,-3.64,CHOP-UP,WATCH,0,
2022-01-05,17925.25,17495.01,16390.59,236.06,30.45,21.71,62.59,-54.05,116.64,65.47,RANGE,,NEUTRAL,,1.70,3.29,28.20,-2.99,CHOP-UP,WATCH,0,
2022-01-06,17745.90,17484.56,16405.72,238.47,29.76,21.09,84.30,-26.38,110.68,59.67,RANGE,,NEUTRAL,,0.68,2.26,26.92,-3.96,CHOP-UP,WATCH,0,
2022-01-07,17812.70,17476.59,16421.99,235.75,32.86,20.89,105.68,0.03,105.65,61.05,RANGE,,NEUTRAL,,1.06,2.64,27.07,-3.60,CHOP-UP,WATCH,0,
2022-01-10,18003.30,17479.52,16438.29,233.54,33.15,21.08,136.43,27.31,109.12,64.77,RANGE,,NEUTRAL,,2.14,3.74,27.39,-2.56,CHOP-UP,WATCH,0,
2022-01-11,18055.75,17487.20,16454.88,225.20,30.48,21.45,163.15,54.48,108.67,65.74,RANGE,,NEUTRAL,,2.44,4.04,27.16,-2.28,CHOP-UP,WATCH,0,
2022-01-12,18212.35,17492.85,16471.87,221.42,26.40,22.25,194.72,82.53,112.19,68.52,RANGE,,NEUTRAL,,3.33,4.95,28.74,-1.43,CHOP-UP,WATCH,0,
2022-01-13,18257.80,17500.23,16490.41,213.35,23.30,23.12,220.86,110.19,110.66,69.30,RANGE,,NEUTRAL,,3.59,5.21,29.15,-1.19,STRONG-FLOW,BUY,0,
2022-01-14,18255.75,17508.76,16510.07,210.06,30.49,23.66,238.66,135.88,102.77,69.22,RANGE,,NEUTRAL,,3.57,5.20,27.24,-1.20,STRONG-FLOW,BUY,0,
2022-01-17,18308.10,17516.59,16529.07,201.68,28.28,24.28,254.06,159.52,94.54,70.21,RANGE,,OVERBOUGHT,,3.87,5.50,26.40,-0.91,STRONG-FLOW,BUY,0,
2022-01-18,18113.05,17517.48,16545.41,206.21,29.65,23.97,247.67,177.15,70.52,62.22,RANGE,,NEUTRAL,,2.77,4.37,24.37,-1.97,STRONG-FLOW,BUY,0,
2022-01-19,17938.40,17515.36,16561.65,208.93,34.45,22.62,225.91,186.90,39.01,56.07,RANGE,,NEUTRAL,,1.77,3.37,23.16,-2.92,STRONG-FLOW,BUY,0,
2022-01-20,17757.00,17510.15,16576.10,215.10,41.06,21.66,191.82,187.88,3.93,50.49,RANGE,,NEUTRAL,,0.74,2.32,21.66,-3.90,CHOP-MID,STAND-ASIDE,0,
2022-01-21,17617.15,17505.03,16590.99,219.10,45.02,21.36,151.76,180.66,-28.90,46.63,RANGE,CROSS_DOWN,NEUTRAL,,-0.05,1.52,22.06,-4.65,CHOP-DOWN,STAND-ASIDE,0,
2022-01-24,17149.10,17485.95,16603.32,247.69,32.89,22.42,81.32,160.79,-79.48,36.57,RANGE,,NEUTRAL,,-2.70,-1.18,20.08,-7.19,WEAK,NO-BUY,0,
2022-01-25,17277.95,17469.32,16615.62,263.73,31.75,23.75,35.47,135.73,-100.25,40.38,RANGE,,NEUTRAL,,-1.97,-0.44,18.98,-6.49,CHOP-DOWN,STAND-ASIDE,0,
2022-01-27,17110.15,17451.54,16626.80,274.27,33.25,24.98,-14.23,105.74,-119.97,37.24,RANGE,,NEUTRAL,,-2.92,-1.41,16.84,-7.40,WEAK,NO-BUY,0,
2022-01-28,17101.95,17435.61,16638.13,275.85,34.24,25.19,-53.67,73.86,-127.52,37.09,TREND DOWN,,NEUTRAL,,-2.97,-1.45,17.21,-7.44,BEAR,AVOID,0,
2022-01-31,17339.85,17427.11,16653.28,278.15,35.27,25.21,-64.97,46.09,-111.06,44.20,TREND DOWN,,NEUTRAL,,-1.62,-0.08,20.65,-6.15,BEAR,AVOID,0,
2022-02-01,17576.85,17430.31,16668.64,285.27,37.76,24.28,-54.19,26.03,-80.22,50.23,RANGE,,NEUTRAL,,0.00,1.28,23.44,-4.87,CHOP-DOWN,STAND-ASIDE,0,
2022-02-02,17780.00,17435.85,16684.63,280.45,38.18,22.74,-28.91,15.04,-43.96,54.74,RANGE,,NEUTRAL,,1.16,2.45,27.30,-3.77,CHOP-DOWN,STAND-ASIDE,0,
2022-02-03,17560.20,17438.75,16699.34,279.70,39.63,21.86,-26.31,6.77,-33.09,49.51,RANGE,,NEUTRAL,,-0.09,1.19,27.09,-4.96,CHOP-DOWN,STAND-ASIDE,0,
2022-02-04,17516.30,17438.35,16715.13,270.81,39.52,21.20,-27.48,-0.08,-27.40,48.51,RANGE,,NEUTRAL,,-0.34,0.93,28.47,-5.20,CHOP-DOWN,STAND-ASIDE,0,
2022-02-07,17213.60,17442.09,16729.71,281.28,42.28,21.58,-52.23,-10.51,-41.72,42.20,RANGE,,NEUTRAL,,-2.07,-0.81,20.53,-6.84,CHOP-DOWN,STAND-ASIDE,0,
2022-02-08,17266.75,17446.35,16744.02,279.96,48.26,22.13,-66.78,-21.76,-45.02,43.59,RANGE,,NEUTRAL,,-1.76,-0.50,17.88,-6.55,CHOP-DOWN,STAND-ASIDE,0,
2022-02-09,17463.80,17455.96,16759.63,274.99,53.85,21.89,-61.71,-29.75,-31.95,48.52,RANGE,,NEUTRAL,,-0.64,0.63,18.08,-5.48,CHOP-DOWN,STAND-ASIDE,0,
2022-02-10,17605.85,17464.74,16775.23,270.51,58.64,21.01,-45.69,-32.94,-12.75,51.80,CHOP,,NEUTRAL,,0.16,1.45,18.19,-4.72,CHOP-MID,STAND-ASIDE,0,
2022-02-11,17374.75,17464.20,16788.84,272.82,58.91,20.58,-51.06,-36.56,-14.50,46.60,CHOP,,NEUTRAL,,-1.15,0.12,16.42,-5.97,CHOP-MID,STAND-ASIDE,0,
2022-02-14,16842.80,17457.13,16798.73,293.70,57.40,21.41,-97.12,-48.68,-48.45,37.33,CHOP,,NEUTRAL,BULL_DIV,-4.18,-2.95,11.43,-8.84,WEAK,NO-BUY,0,
2022-02-15,17352.45,17465.93,16811.02,310.99,57.93,21.16,-91.45,-57.23,-34.22,48.01,CHOP,,NEUTRAL,,-1.28,-0.01,14.85,-6.09,CHOP-DOWN,STAND-ASIDE,0,
2022-02-16,17322.20,17468.84,16824.48,305.41,56.41,20.53,-88.37,-63.46,-24.91,47.49,CHOP,,NEUTRAL,,-1.45,-0.18,14.67,-6.25,CHOP-DOWN,STAND-ASIDE,0,
2022-02-17,17304.60,17465.54,16837.83,298.38,55.63,20.00,-86.36,-68.04,-18.32,47.17,CHOP,,NEUTRAL,,-1.55,-0.28,14.05,-6.35,CHOP-DOWN,STAND-ASIDE,0,
2022-02-18,17276.30,17460.73,16851.73,288.61,54.31,19.56,-86.05,-71.64,-14.41,46.63,RANGE,,NEUTRAL,,-1.71,-0.45,13.93,-6.50,CHOP-MID,STAND-ASIDE,0,
2022-02-21,17206.65,17454.63,16864.67,288.02,53.40,19.58,-90.39,-75.39,-15.00,45.25,RANGE,,NEUTRAL,,-2.11,-0.85,12.35,-6.88,CHOP-MID,STAND-ASIDE,0,
2022-02-22,17092.20,17449.11,16876.51,293.37,55.26,20.17,-101.89,-80.69,-21.20,43.00,CHOP,,NEUTRAL,,-2.76,-1.51,11.62,-7.49,CHOP-DOWN,STAND-ASIDE,0,
2022-02-23,17063.25,17443.88,16887.71,286.19,60.53,20.42,-112.04,-86.96,-25.08,42.43,CHOP,,NEUTRAL,,-2.92,-1.68,12.19,-7.65,CHOP-DOWN,STAND-ASIDE,0,
2022-02-24,16247.95,17424.41,16894.24,327.18,45.75,22.24,-183.76,-106.32,-77.44,30.20,RANGE,,NEUTRAL,,-7.56,-6.37,7.47,-12.06,WEAK,NO-BUY,0,Russia-Ukraine war -4.8%
2022-02-25,16658.40,17412.61,16903.28,339.58,46.41,23.77,-205.12,-126.08,-79.04,39.63,RANGE,,NEUTRAL,,-5.23,-4.01,11.19,-9.84,CHOP-DOWN,STAND-ASIDE,0,
2022-02-28,16793.90,17408.78,16913.76,348.15,47.90,25.37,-208.70,-142.60,-66.10,42.40,TREND DOWN,,NEUTRAL,,-4.45,-3.23,14.43,-9.11,BEAR,AVOID,0,
2022-03-02,16605.95,17408.62,16923.40,345.80,48.68,26.86,-224.12,-158.91,-65.21,39.68,TREND DOWN,,NEUTRAL,,0.00,-4.31,12.91,-10.13,BEAR,AVOID,0,
2022-03-03,16498.05,17403.16,16931.28,344.39,53.64,27.84,-242.26,-175.58,-66.68,38.17,TREND DOWN,,NEUTRAL,,-0.65,-4.93,10.12,-10.71,BEAR,AVOID,0,
2022-03-04,16245.35,17388.96,16936.96,345.81,52.09,29.28,-273.87,-195.24,-78.63,34.83,TREND DOWN,,NEUTRAL,,-2.17,-6.39,7.60,-12.08,PANIC,NO-TOUCH,0,
2022-03-07,15863.15,17364.77,16941.13,359.24,41.60,31.20,-326.00,-221.39,-104.61,30.47,TREND DOWN,,NEUTRAL,,-4.47,-8.59,9.18,-14.15,PANIC,NO-TOUCH,0,
2022-03-08,16013.45,17344.97,16946.67,359.10,39.47,32.61,-351.14,-247.34,-103.80,33.97,TREND DOWN,,NEUTRAL,,-3.57,-7.73,8.48,-13.33,PANIC,NO-TOUCH,0,
2022-03-09,16345.35,17330.15,16952.52,364.03,41.88,32.43,-340.35,-265.94,-74.41,41.02,TREND DOWN,,NEUTRAL,,-1.57,-5.81,9.56,-11.54,BEAR,AVOID,0,
2022-03-10,16594.90,17317.38,16959.50,367.45,44.66,31.20,-308.12,-274.38,-33.74,45.71,TREND DOWN,,NEUTRAL,,-0.07,-4.37,8.85,-10.19,BEAR,AVOID,0,
2022-03-11,16630.45,17305.72,16966.61,357.17,45.74,30.05,-276.52,-274.80,-1.71,46.37,TREND DOWN,,NEUTRAL,,0.15,-4.17,10.28,-9.99,BEAR,AVOID,0,
2022-03-14,16871.30,17299.06,16974.46,351.76,48.81,28.40,-229.39,-265.72,36.33,50.70,TREND DOWN,CROSS_UP,NEUTRAL,,1.60,-2.78,12.94,-8.69,BEAR,AVOID,0,
2022-03-15,16663.00,17285.24,16981.09,353.26,48.88,27.00,-206.48,-253.87,47.40,47.15,TREND DOWN,,NEUTRAL,,0.34,-3.98,11.41,-9.82,BEAR,AVOID,0,
2022-03-16,16975.35,17272.24,16988.79,351.23,55.93,25.51,-161.25,-235.35,74.10,52.52,TREND DOWN,,NEUTRAL,,2.22,-2.18,12.43,-8.13,BEAR,AVOID,0,
2022-03-17,17287.05,17261.87,16997.31,352.52,43.47,24.27,-99.12,-208.10,108.99,57.20,RANGE,,NEUTRAL,,4.10,-0.39,13.92,-6.44,CHOP-UP,WATCH,0,
2022-03-21,17117.60,17245.72,17005.02,345.69,41.47,22.88,-62.82,-179.05,116.22,54.08,RANGE,,NEUTRAL,,3.08,-1.36,13.88,-7.36,CHOP-UP,WATCH,0,
2022-03-22,17315.50,17237.11,17013.72,344.44,40.47,21.31,-17.88,-146.81,128.93,57.03,RANGE,,NEUTRAL,,4.27,-0.22,15.98,-6.29,CHOP-UP,WATCH,0,
2022-03-23,17245.65,17225.77,17021.49,337.18,37.95,20.17,11.95,-115.06,127.02,55.67,RANGE,,NEUTRAL,,3.85,-0.62,15.66,-6.66,CHOP-UP,WATCH,0,
2022-03-24,17222.75,17210.16,17029.26,327.42,36.95,18.77,33.37,-85.37,118.74,55.21,RANGE,,NEUTRAL,,3.71,-0.76,16.99,-6.79,CHOP-UP,WATCH,0,
2022-03-25,17153.00,17192.10,17036.26,319.63,35.75,17.44,44.20,-59.46,103.66,53.74,RANGE,,NEUTRAL,,3.29,-1.16,17.83,-7.17,CHOP-UP,WATCH,0,
2022-03-28,17222.00,17172.30,17043.67,313.31,33.15,16.46,57.69,-36.03,93.72,55.01,RANGE,,NEUTRAL,,3.71,-0.76,16.81,-6.79,CHOP-UP,WATCH,0,
2022-03-29,17325.30,17153.65,17052.12,299.62,38.50,15.41,75.84,-13.65,89.50,56.93,RANGE,,NEUTRAL,,4.33,-0.17,17.57,-6.23,CHOP-UP,WATCH,0,
2022-03-30,17498.25,17138.50,17060.93,292.31,47.67,15.05,103.00,9.68,93.32,60.00,RANGE,,NEUTRAL,,5.37,0.83,18.11,-5.30,CHOP-UP,WATCH,0,
2022-03-31,17464.75,17121.63,17069.25,280.33,44.17,14.83,120.43,31.83,88.60,59.12,RANGE,,NEUTRAL,,5.17,0.64,20.04,-5.48,CHOP-UP,WATCH,0,
2022-04-01,17670.45,17112.78,17078.55,280.38,42.76,15.08,149.12,55.28,93.83,62.73,RANGE,,NEUTRAL,,0.00,1.82,23.35,-4.37,CHOP-UP,WATCH,0,
2022-04-04,18053.40,17115.08,17089.47,292.08,32.87,16.39,200.44,84.32,116.13,68.33,RANGE,,NEUTRAL,,2.17,4.03,24.44,-2.29,CHOP-UP,WATCH,0,
2022-04-05,17957.40,17119.09,17100.42,283.64,38.37,17.60,230.72,113.60,117.12,65.67,RANGE,,NEUTRAL,,1.62,3.48,20.97,-2.81,CHOP-UP,WATCH,0,
2022-04-06,17807.65,17122.90,17111.00,276.06,42.03,18.08,239.86,138.85,101.01,61.63,RANGE,,NEUTRAL,,0.78,2.61,21.22,-3.62,CHOP-UP,WATCH,0,
2022-04-07,17639.55,17132.71,17120.78,269.48,39.88,17.86,230.88,157.26,73.62,57.36,RANGE,,NEUTRAL,,-0.17,1.65,18.65,-4.53,CHOP-UP,WATCH,0,
2022-04-08,17784.35,17142.83,17130.97,267.53,39.71,17.82,232.76,172.36,60.41,59.93,RANGE,,NEUTRAL,,0.64,2.48,21.50,-3.75,CHOP-UP,WATCH,0,
2022-04-11,17674.95,17154.13,17140.48,257.95,37.30,17.78,222.86,182.46,40.40,57.13,RANGE,,NEUTRAL,,0.03,1.85,20.37,-4.34,CHOP-UP,WATCH,0,
2022-04-12,17530.30,17162.70,17149.69,256.14,37.17,16.84,201.02,186.17,14.85,53.56,RANGE,,NEUTRAL,,-0.79,1.02,18.30,-5.12,CHOP-UP,WATCH,0,
2022-04-13,17475.65,17165.41,17158.12,252.58,37.24,16.21,177.26,184.39,-7.13,52.23,RANGE,CROSS_DOWN,NEUTRAL,,-1.10,0.70,17.49,-5.42,CHOP-MID,STAND-ASIDE,0,
2022-04-18,17173.65,17157.35,17164.69,263.66,39.59,15.90,132.53,174.02,-41.48,45.52,RANGE,,NEUTRAL,,-2.81,-1.04,15.77,-7.05,CHOP-DOWN,STAND-ASIDE,0,
2022-04-19,16958.65,17140.92,17170.41,277.04,36.47,16.31,78.83,154.98,-76.15,41.43,RANGE,,NEUTRAL,,-4.03,-2.28,18.50,-8.22,CHOP-DOWN,STAND-ASIDE,0,
2022-04-20,17136.55,17132.45,17177.35,273.56,37.65,16.68,50.05,133.99,-83.95,45.77,RANGE,,NEUTRAL,,-3.02,-1.25,18.14,-7.25,CHOP-DOWN,STAND-ASIDE,0,
2022-04-21,17392.60,17129.98,17185.70,273.88,38.52,16.10,47.35,116.67,-69.31,51.35,RANGE,,NEUTRAL,,-1.57,0.22,19.28,-5.87,CHOP-DOWN,STAND-ASIDE,0,
2022-04-22,17171.95,17129.14,17193.16,271.71,39.76,15.78,27.10,98.75,-71.65,46.87,RANGE,,NEUTRAL,,-2.82,-1.05,17.47,-7.06,CHOP-DOWN,STAND-ASIDE,0,
2022-04-25,16953.95,17122.89,17199.32,272.53,39.78,16.24,-6.47,77.71,-84.17,42.89,RANGE,,NEUTRAL,,-4.05,-2.31,18.07,-8.24,CHOP-DOWN,STAND-ASIDE,0,
2022-04-26,17200.80,17117.63,17206.15,272.34,38.52,15.98,-13.00,59.57,-72.57,48.25,RANGE,,NEUTRAL,,-2.66,-0.88,20.32,-6.91,CHOP-DOWN,STAND-ASIDE,0,
2022-04-27,17038.40,17106.28,17212.25,270.20,45.54,16.06,-30.92,41.47,-72.39,45.24,RANGE,,NEUTRAL,,-3.58,-1.82,18.27,-7.79,CHOP-DOWN,STAND-ASIDE,0,
2022-04-28,17245.05,17103.68,17219.08,271.19,48.76,15.32,-28.13,27.55,-55.68,49.55,RANGE,,NEUTRAL,,-2.41,-0.63,20.25,-6.67,CHOP-DOWN,STAND-ASIDE,0,
2022-04-29,17102.55,17108.88,17225.95,274.99,50.18,14.43,-36.99,14.64,-51.63,46.82,RANGE,,NEUTRAL,,-3.21,-1.45,18.07,-7.44,CHOP-DOWN,STAND-ASIDE,0,
2022-05-02,17069.10,17103.21,17232.85,268.59,52.06,14.06,-46.18,2.48,-48.65,46.17,RANGE,,NEUTRAL,,0.00,-1.64,16.49,-7.62,CHOP-DOWN,STAND-ASIDE,0,
2022-05-04,16677.60,17090.32,17237.78,285.75,52.41,14.58,-84.08,-14.83,-69.25,39.35,RANGE,,NEUTRAL,,-2.29,-3.90,12.20,-9.74,CHOP-DOWN,STAND-ASIDE,0,RBI surprise +40bps
2022-05-05,16682.65,17077.88,17242.13,286.33,52.97,15.06,-112.41,-34.35,-78.06,39.47,RANGE,,NEUTRAL,,-2.26,-3.87,12.00,-9.71,CHOP-DOWN,STAND-ASIDE,0,
2022-05-06,16411.25,17060.58,17244.91,290.29,52.94,16.29,-154.98,-58.48,-96.51,35.29,RANGE,,NEUTRAL,,-3.85,-5.43,12.17,-11.18,WEAK,NO-BUY,0,
2022-05-09,16301.85,17042.48,17246.80,288.78,45.28,17.86,-195.30,-85.84,-109.46,33.73,RANGE,,NEUTRAL,,-4.49,-6.06,11.40,-11.77,WEAK,NO-BUY,0,
2022-05-10,16240.05,17025.44,17248.39,282.96,43.01,19.31,-229.58,-114.59,-114.99,32.85,RANGE,,NEUTRAL,,-4.86,-6.42,12.03,-12.11,WEAK,NO-BUY,0,
2022-05-11,16167.10,17007.52,17250.46,286.04,39.73,21.08,-259.65,-143.60,-116.05,31.80,RANGE,,NEUTRAL,,-5.28,-6.84,10.60,-12.50,WEAK,NO-BUY,0,
2022-05-12,15808.00,16998.72,17251.34,296.42,35.69,23.18,-308.89,-176.66,-132.23,27.18,RANGE,,OVERSOLD,,-7.39,-8.91,7.36,-14.45,WEAK,NO-BUY,0,
2022-05-13,15782.15,16981.19,17251.13,299.73,36.57,24.91,-346.02,-210.53,-135.49,26.87,RANGE,,OVERSOLD,,-7.54,-9.06,6.47,-14.59,WEAK,NO-BUY,0,
2022-05-16,15842.30,16962.16,17251.06,295.34,36.18,26.53,-366.36,-241.70,-124.66,28.86,TREND DOWN,,OVERSOLD,,-7.19,-8.71,6.02,-14.26,PANIC,NO-TOUCH,0,
2022-05-17,16259.30,16955.23,17253.23,305.81,37.67,26.53,-344.86,-262.33,-82.53,40.86,TREND DOWN,,NEUTRAL,,-4.74,-6.31,9.48,-12.00,BEAR,AVOID,0,
2022-05-18,16240.30,16950.07,17255.70,297.44,37.21,26.04,-325.60,-274.98,-50.62,40.52,TREND DOWN,,NEUTRAL,,-4.86,-6.42,10.50,-12.11,BEAR,AVOID,0,
2022-05-19,15809.40,16941.35,17256.20,309.42,38.75,26.62,-341.17,-288.22,-52.95,33.76,TREND DOWN,,NEUTRAL,,-7.38,-8.90,7.71,-14.44,PANIC,NO-TOUCH,0,
2022-05-20,16266.15,16949.41,17258.64,321.15,46.08,26.03,-313.05,-293.19,-19.86,44.36,TREND DOWN,,NEUTRAL,,-4.70,-6.27,9.00,-11.97,BEAR,AVOID,0,
2022-05-23,16214.70,16953.44,17260.90,314.56,46.43,25.03,-291.55,-292.86,1.31,43.51,TREND DOWN,CROSS_UP,NEUTRAL,,-5.01,-6.57,7.32,-12.24,BEAR,AVOID,0,
2022-05-24,16125.15,16949.04,17262.10,305.25,49.20,24.39,-278.53,-290.00,11.46,42.01,RANGE,,NEUTRAL,,-5.53,-7.08,7.29,-12.73,CHOP-DOWN,STAND-ASIDE,0,
2022-05-25,16025.80,16937.65,17261.58,298.90,66.74,23.98,-273.08,-286.61,13.53,40.35,CHOP,,NEUTRAL,,-6.11,-7.65,7.51,-13.27,CHOP-DOWN,STAND-ASIDE,0,
2022-05-26,16170.15,16928.45,17261.13,299.04,70.07,23.86,-254.19,-280.13,25.94,43.83,CHOP,,NEUTRAL,,-5.27,-6.82,6.56,-12.49,CHOP-DOWN,STAND-ASIDE,0,
2022-05-27,16352.45,16918.07,17261.42,291.99,69.46,23.11,-221.94,-268.49,46.55,47.95,CHOP,,NEUTRAL,,-4.20,-5.77,7.60,-11.50,CHOP-MID,STAND-ASIDE,0,
2022-05-30,16661.40,16918.04,17263.54,295.64,57.54,21.59,-169.50,-248.69,79.19,54.11,CHOP,,NEUTRAL,,-2.39,-3.99,9.55,-9.83,CHOP-UP,WATCH,0,
2022-05-31,16584.55,16910.22,17265.17,286.58,56.15,20.19,-132.62,-225.48,92.86,52.45,CHOP,,NEUTRAL,,-2.84,-4.43,8.39,-10.24,CHOP-UP,WATCH,0,
2022-06-01,16522.75,16894.94,17266.38,281.14,54.27,18.89,-107.14,-201.81,94.67,51.09,RANGE,,NEUTRAL,,0.00,-4.79,7.73,-10.58,CHOP-MID,STAND-ASIDE,0,
2022-06-02,16628.00,16885.14,17268.11,275.58,52.93,17.68,-77.56,-176.96,99.40,53.31,RANGE,,NEUTRAL,,0.64,-4.18,7.72,-10.01,CHOP-UP,WATCH,0,
2022-06-03,16584.30,16870.52,17269.21,272.04,50.40,16.81,-56.99,-152.96,95.98,52.25,RANGE,,NEUTRAL,,0.37,-4.44,6.43,-10.24,CHOP-UP,WATCH,0,
2022-06-06,16569.55,16857.00,17269.41,264.49,47.58,15.68,-41.39,-130.65,89.26,51.87,RANGE,,NEUTRAL,,0.28,-4.52,6.39,-10.32,CHOP-MID,STAND-ASIDE,0,
2022-06-07,16416.35,16840.87,17268.68,261.49,47.94,14.99,-40.93,-112.71,71.78,48.02,RANGE,,NEUTRAL,,-0.64,-5.40,5.39,-11.15,CHOP-MID,STAND-ASIDE,0,
2022-06-08,16356.25,16824.94,17267.39,258.59,50.40,14.54,-44.89,-99.14,54.25,46.56,RANGE,,NEUTRAL,,-1.01,-5.75,4.24,-11.48,CHOP-MID,STAND-ASIDE,0,
2022-06-09,16478.10,16810.06,17266.93,257.90,47.78,14.30,-37.76,-86.87,49.10,49.89,RANGE,,NEUTRAL,,-0.27,-5.05,5.16,-10.82,CHOP-MID,STAND-ASIDE,0,
2022-06-10,16201.80,16787.59,17265.69,261.30,48.69,14.35,-53.79,-80.25,26.46,43.30,RANGE,,NEUTRAL,,-1.94,-6.64,2.86,-12.31,CHOP-DOWN,STAND-ASIDE,0,
2022-06-13,15774.40,16753.11,17262.08,279.63,44.07,15.81,-99.83,-84.17,-15.66,35.50,RANGE,CROSS_DOWN,NEUTRAL,,-4.53,-9.10,0.22,-14.63,WEAK,NO-BUY,0,
2022-06-14,15732.10,16718.46,17257.62,273.83,43.05,17.22,-138.14,-94.96,-43.17,34.83,RANGE,,NEUTRAL,,-4.79,-9.35,0.62,-14.86,WEAK,NO-BUY,0,
2022-06-15,15692.15,16678.89,17252.91,261.76,40.89,18.54,-169.76,-109.92,-59.84,34.17,RANGE,,NEUTRAL,,-5.03,-9.58,-0.29,-15.07,WEAK,NO-BUY,0,
2022-06-16,15360.60,16625.04,17246.52,280.78,34.91,20.53,-219.05,-131.75,-87.30,29.25,RANGE,,OVERSOLD,,-7.03,-11.49,-2.78,-16.87,WEAK,NO-BUY,0,
2022-06-17,15293.50,16571.76,17239.47,276.22,29.83,22.67,-260.53,-157.50,-103.02,28.36,RANGE,,OVERSOLD,BULL_DIV,-7.44,-11.87,-3.28,-17.23,WEAK,NO-BUY,0,
2022-06-20,15350.15,16522.61,17231.56,270.16,30.07,24.66,-285.53,-183.11,-102.42,30.29,RANGE,,NEUTRAL,,-7.10,-11.55,-3.27,-16.92,WEAK,NO-BUY,0,
2022-06-21,15638.80,16482.59,17224.09,276.37,31.60,24.83,-278.85,-202.26,-76.59,39.26,RANGE,,NEUTRAL,,-5.35,-9.88,-0.82,-15.36,CHOP-DOWN,STAND-ASIDE,0,
2022-06-22,15413.30,16435.17,17215.78,274.69,32.11,25.07,-288.42,-219.49,-68.93,35.43,TREND DOWN,,NEUTRAL,,-6.71,-11.18,-1.77,-16.58,BEAR,AVOID,0,
2022-06-23,15556.65,16392.81,17207.39,273.71,37.03,25.00,-281.19,-231.83,-49.36,39.47,RANGE,,NEUTRAL,,-5.85,-10.36,-0.81,-15.81,CHOP-DOWN,STAND-ASIDE,0,
2022-06-24,15699.25,16356.18,17199.27,267.92,39.94,24.36,-260.95,-237.65,-23.30,43.28,RANGE,,NEUTRAL,,-4.98,-9.54,-0.30,-15.03,CHOP-DOWN,STAND-ASIDE,0,
2022-06-27,15832.05,16323.31,17191.54,265.08,40.00,23.00,-231.53,-236.43,4.90,46.65,RANGE,CROSS_UP,NEUTRAL,,-4.18,-8.77,0.38,-14.32,CHOP-MID,STAND-ASIDE,0,
2022-06-28,15850.20,16296.84,17183.98,259.14,40.23,22.11,-204.39,-230.02,25.63,47.11,RANGE,,NEUTRAL,,-4.07,-8.67,1.04,-14.22,CHOP-MID,STAND-ASIDE,0,
2022-06-29,15799.10,16273.65,17176.21,253.05,44.67,21.37,-184.87,-220.99,36.12,45.91,RANGE,,NEUTRAL,,-4.38,-8.96,0.05,-14.49,CHOP-MID,STAND-ASIDE,0,
2022-06-30,15780.25,16246.53,17168.26,246.48,59.38,20.54,-168.98,-210.59,41.61,45.44,CHOP,,NEUTRAL,,-4.49,-9.07,-0.51,-14.60,CHOP-MID,STAND-ASIDE,0,
2022-07-01,15752.05,16213.72,17160.25,249.08,56.80,20.57,-156.85,-199.84,42.99,44.72,CHOP,,NEUTRAL,,0.00,-9.23,-0.40,-14.75,CHOP-DOWN,STAND-ASIDE,0,
2022-07-04,15835.35,16186.98,17152.53,244.90,56.71,20.29,-138.92,-187.66,48.74,47.39,CHOP,,NEUTRAL,,0.53,-8.75,0.55,-14.30,CHOP-MID,STAND-ASIDE,0,
2022-07-05,15810.85,16164.12,17143.98,244.57,53.52,19.22,-125.24,-175.17,49.94,46.67,RANGE,,NEUTRAL,,0.37,-8.89,0.57,-14.43,CHOP-MID,STAND-ASIDE,0,
2022-07-06,15989.80,16139.90,17135.78,242.14,49.87,18.22,-98.81,-159.90,61.09,52.32,RANGE,,NEUTRAL,,1.51,-7.86,1.98,-13.46,CHOP-UP,WATCH,0,
2022-07-07,16132.90,16121.79,17128.52,236.32,44.26,17.17,-65.57,-141.03,75.46,56.31,RANGE,,NEUTRAL,,2.42,-7.04,2.61,-12.69,CHOP-UP,WATCH,0,
2022-07-08,16220.60,16101.30,17122.64,229.63,45.74,16.72,-31.79,-119.19,87.40,58.60,RANGE,,NEUTRAL,,2.97,-6.53,2.44,-12.21,CHOP-UP,WATCH,0,
2022-07-11,16216.00,16083.57,17115.91,222.73,42.83,16.09,-5.32,-96.41,91.09,58.42,RANGE,,NEUTRAL,,2.95,-6.56,2.51,-12.24,CHOP-UP,WATCH,0,
2022-07-12,16058.30,16063.36,17108.47,220.02,41.91,15.09,2.90,-76.55,79.45,52.69,RANGE,,NEUTRAL,,1.94,-7.47,1.13,-13.09,CHOP-UP,WATCH,0,
2022-07-13,15966.65,16049.14,17099.19,217.87,47.43,14.25,1.99,-60.84,62.83,49.65,RANGE,,NEUTRAL,,1.36,-7.99,1.52,-13.59,CHOP-MID,STAND-ASIDE,0,
2022-07-14,15938.65,16034.26,17089.62,217.49,47.72,13.89,-0.98,-48.87,47.89,48.72,RANGE,,NEUTRAL,,1.18,-8.16,1.59,-13.74,CHOP-MID,STAND-ASIDE,0,
2022-07-15,16049.20,16027.02,17080.59,211.93,46.45,13.56,5.53,-37.99,43.52,52.49,RANGE,,NEUTRAL,,1.89,-7.52,2.27,-13.14,CHOP-UP,WATCH,0,
2022-07-18,16278.50,16026.55,17073.24,213.85,46.65,13.06,28.85,-24.62,53.48,59.20,RANGE,,NEUTRAL,,3.34,-6.20,2.95,-11.90,CHOP-UP,WATCH,0,
2022-07-19,16340.55,16028.56,17066.38,210.89,43.30,12.92,51.75,-9.35,61.10,60.81,RANGE,,NEUTRAL,,3.74,-5.84,3.07,-11.56,CHOP-UP,WATCH,0,
2022-07-20,16520.85,16035.63,17060.89,213.50,35.47,13.69,83.48,9.22,74.26,65.12,RANGE,,NEUTRAL,,4.88,-4.80,3.75,-10.59,CHOP-UP,WATCH,0,
2022-07-21,16605.25,16051.58,17056.26,208.47,37.64,14.55,114.13,30.20,83.92,66.95,RANGE,,NEUTRAL,,5.42,-4.31,4.28,-10.13,CHOP-UP,WATCH,0,
2022-07-22,16719.45,16070.32,17051.40,204.08,36.94,15.77,145.94,53.35,92.59,69.30,RANGE,,NEUTRAL,,6.14,-3.66,6.14,-9.51,CHOP-UP,WATCH,0,
2022-07-25,16631.00,16086.10,17045.45,200.59,36.27,16.61,162.15,75.11,87.04,65.42,RANGE,,NEUTRAL,,5.58,-4.17,6.39,-9.99,CHOP-UP,WATCH,0,
2022-07-26,16483.85,16090.59,17039.63,198.60,38.04,16.77,161.26,92.34,68.92,59.46,RANGE,,NEUTRAL,,4.65,-5.01,4.17,-10.79,CHOP-UP,WATCH,0,
2022-07-27,16641.80,16098.62,17033.89,199.75,38.87,16.77,171.33,108.14,63.19,63.32,RANGE,,NEUTRAL,,5.65,-4.10,4.96,-9.93,CHOP-UP,WATCH,0,
2022-07-28,16929.60,16121.02,17029.06,207.33,33.79,17.87,200.22,126.56,73.67,69.10,RANGE,,NEUTRAL,,7.48,-2.45,6.98,-8.37,CHOP-UP,WATCH,0,
2022-07-29,17158.25,16138.87,17025.13,209.89,28.21,19.53,238.82,149.01,89.81,72.77,RANGE,,OVERBOUGHT,,8.93,-1.13,8.97,-7.14,TOP-WARNING,NO-NEW,0,
2022-08-01,17340.05,16161.37,17021.87,209.29,23.48,21.50,280.84,175.37,105.46,75.29,RANGE,,OVERBOUGHT,,0.00,-0.08,10.38,-6.15,TOP-WARNING,NO-NEW,0,
2022-08-02,17345.45,16185.78,17017.78,206.79,22.42,23.42,310.99,202.50,108.49,75.36,RANGE,,OVERBOUGHT,,0.03,-0.05,9.93,-6.12,TOP-WARNING,NO-NEW,0,
2022-08-03,17388.15,16213.03,17013.03,205.00,23.30,25.23,334.48,228.89,105.58,75.96,TREND UP,,OVERBOUGHT,,0.28,0.20,10.31,-5.89,TOP-WARNING,NO-NEW,1,
2022-08-04,17382.00,16237.26,17007.56,213.89,29.37,27.12,348.57,252.83,95.74,75.68,TREND UP,,OVERBOUGHT,,0.24,0.16,9.42,-5.93,TOP-WARNING,NO-NEW,0,
2022-08-05,17397.50,16258.16,17002.45,207.58,29.16,28.87,356.88,273.64,83.24,75.92,TREND UP,,OVERBOUGHT,,0.33,0.25,7.85,-5.84,TOP-WARNING,NO-NEW,0,
2022-08-08,17525.10,16275.44,16998.74,206.26,35.47,30.67,369.51,292.81,76.69,77.91,TREND UP,,OVERBOUGHT,,1.07,0.99,7.79,-5.15,TOP-WARNING,NO-NEW,0,
2022-08-10,17534.75,16294.44,16995.53,200.33,33.19,32.40,375.95,309.44,66.51,78.06,TREND UP,,OVERBOUGHT,,1.12,1.04,7.61,-5.10,TOP-WARNING,NO-NEW,0,
2022-08-11,17659.00,16317.17,16993.25,199.21,28.94,34.35,386.63,324.88,61.75,79.92,TREND UP,,OVERBOUGHT,,1.84,1.76,8.75,-4.43,TOP-WARNING,NO-NEW,0,
2022-08-12,17698.15,16338.57,16991.11,194.03,28.50,35.87,393.72,338.65,55.07,80.48,TREND UP,,OVERBOUGHT,,2.07,1.98,8.86,-4.22,TOP-WARNING,NO-NEW,0,
2022-08-16,17825.25,16363.39,16988.89,190.24,25.07,37.56,404.92,351.90,53.02,82.22,TREND UP,,OVERBOUGHT,,2.80,2.72,9.49,-3.53,TOP-WARNING,NO-NEW,0,
2022-08-17,17944.25,16390.88,16987.56,186.70,21.33,39.39,418.57,365.24,53.34,83.69,TREND UP,,OVERBOUGHT,,3.48,3.40,10.21,-2.88,TOP-WARNING,NO-NEW,0,
2022-08-18,17956.50,16421.68,16988.06,181.68,28.36,41.10,425.48,377.28,48.19,83.84,TREND UP,,OVERBOUGHT,,3.56,3.47,9.73,-2.82,TOP-WARNING,NO-NEW,0,
2022-08-19,17758.45,16449.73,16988.49,188.81,36.60,41.44,410.24,383.88,26.37,72.42,TREND UP,,OVERBOUGHT,,2.41,2.33,7.44,-3.89,TOP-WARNING,NO-NEW,0,
2022-08-22,17490.70,16469.98,16986.30,196.11,43.03,40.03,372.27,381.55,-9.28,60.44,TREND UP,CROSS_DOWN,NEUTRAL,,0.87,0.79,5.60,-5.34,ALL-ALIGN BULL,BUY,0,
2022-08-23,17577.50,16497.49,16984.74,202.13,44.45,38.01,345.20,374.28,-29.08,62.60,TREND UP,,NEUTRAL,,1.37,1.29,5.80,-4.87,ALL-ALIGN BULL,BUY,0,
2022-08-24,17604.95,16534.11,16983.62,196.58,43.74,36.13,322.25,363.88,-41.63,63.28,TREND UP,,NEUTRAL,,1.53,1.45,6.25,-4.72,ALL-ALIGN BULL,BUY,0,
2022-08-25,17522.45,16569.91,16981.65,199.61,44.56,34.86,294.01,349.90,-55.89,59.75,TREND UP,,NEUTRAL,,1.05,0.97,6.52,-5.17,ALL-ALIGN BULL,BUY,0,
2022-08-26,17558.90,16607.25,16979.10,197.25,51.67,33.67,271.45,334.21,-62.76,60.79,TREND UP,,NEUTRAL,,1.26,1.18,6.44,-4.97,ALL-ALIGN BULL,BUY,0,
2022-08-29,17312.90,16646.29,16975.44,211.21,46.22,31.89,231.05,313.58,-82.53,51.17,TREND DOWN,,NEUTRAL,,-0.16,-0.24,4.14,-6.30,BEAR,AVOID,0,
2022-08-30,17759.30,16695.61,16974.15,229.32,49.78,30.67,232.38,297.34,-64.96,62.70,TREND UP,,NEUTRAL,,2.42,2.34,6.76,-3.88,ALL-ALIGN BULL,BUY,1,
2022-09-01,17542.80,16739.46,16972.50,233.71,51.80,29.54,213.50,280.57,-67.07,55.82,TREND UP,,NEUTRAL,,0.00,1.09,5.45,-5.06,ALL-ALIGN BULL,BUY,0,
2022-09-02,17539.45,16777.48,16969.68,228.98,51.59,28.49,196.01,263.66,-67.65,55.72,TREND UP,,NEUTRAL,,-0.02,1.07,4.99,-5.07,ALL-ALIGN BULL,BUY,0,
2022-09-05,17665.80,16822.53,16967.46,222.89,51.79,27.68,190.15,248.96,-58.81,58.77,TREND UP,,NEUTRAL,,0.70,1.80,4.34,-4.39,ALL-ALIGN BULL,BUY,0,
2022-09-06,17655.60,16864.50,16965.75,219.61,52.21,27.24,182.58,235.68,-53.10,58.42,TREND UP,,NEUTRAL,,0.64,1.74,3.06,-4.45,ALL-ALIGN BULL,BUY,0,
2022-09-07,17624.40,16903.01,16964.37,216.16,52.56,26.23,172.08,222.96,-50.88,57.30,TREND UP,,NEUTRAL,,0.47,1.56,3.21,-4.61,ALL-ALIGN BULL,BUY,0,
2022-09-08,17798.75,16942.34,16964.54,213.81,53.32,25.93,175.80,213.53,-37.73,61.74,TREND UP,,NEUTRAL,,1.46,2.56,3.28,-3.67,ALL-ALIGN BULL,BUY,0,
2022-09-09,17833.35,16982.00,16966.63,208.53,54.87,26.08,179.47,206.72,-27.25,62.57,TREND UP,,NEUTRAL,,1.66,2.76,2.94,-3.48,ALL-ALIGN BULL,BUY,0,
2022-09-12,17936.35,17024.75,16968.79,204.15,50.51,26.41,188.52,203.08,-14.56,65.01,TREND UP,,NEUTRAL,,2.24,3.36,3.21,-2.93,ALL-ALIGN BULL,BUY,0,
2022-09-13,18070.05,17070.55,16972.07,200.42,44.19,27.07,204.12,203.29,0.84,67.93,TREND UP,CROSS_UP,NEUTRAL,,3.01,4.13,4.08,-2.20,ALL-ALIGN BULL,BUY,0,
2022-09-14,18003.75,17115.58,16974.41,208.99,46.49,26.23,208.74,204.38,4.36,65.03,TREND UP,,NEUTRAL,,2.63,3.74,3.75,-2.56,ALL-ALIGN BULL,BUY,0,
2022-09-15,17877.40,17156.42,16978.66,210.82,46.25,25.47,199.89,203.48,-3.59,59.79,TREND UP,CROSS_DOWN,NEUTRAL,,1.91,3.02,2.93,-3.25,ALL-ALIGN BULL,BUY,0,
2022-09-16,17530.85,17190.82,16981.04,222.92,48.73,24.24,163.04,195.39,-32.35,48.30,RANGE,,NEUTRAL,,-0.07,1.02,1.01,-5.12,CHOP-DOWN,STAND-ASIDE,0,
2022-09-19,17622.25,17223.47,16984.24,223.96,58.00,23.35,139.60,184.23,-44.63,50.98,CHOP,,NEUTRAL,,0.45,1.55,1.39,-4.63,CHOP-DOWN,STAND-ASIDE,0,
2022-09-20,17816.25,17257.14,16987.49,229.18,57.54,21.93,135.12,174.41,-39.29,56.16,CHOP,,NEUTRAL,,1.56,2.66,1.69,-3.58,CHOP-DOWN,STAND-ASIDE,0,
2022-09-21,17718.35,17287.09,16989.07,225.32,56.07,20.45,122.26,163.98,-41.72,53.11,CHOP,,NEUTRAL,,1.00,2.10,0.50,-4.11,CHOP-DOWN,STAND-ASIDE,0,
2022-09-22,17629.80,17315.37,16991.24,222.82,56.36,19.60,103.73,151.93,-48.20,50.44,CHOP,,NEUTRAL,,0.50,1.59,0.25,-4.59,CHOP-DOWN,STAND-ASIDE,0,
2022-09-23,17327.35,17340.75,16993.31,231.94,51.80,19.62,63.90,134.32,-70.42,42.57,RANGE,,NEUTRAL,,-1.23,-0.15,-0.40,-6.22,CHOP-DOWN,STAND-ASIDE,0,
2022-09-26,17016.30,17361.74,16992.51,240.30,41.34,20.51,7.15,108.89,-101.74,36.29,RANGE,,NEUTRAL,,-3.00,-1.95,-3.11,-7.91,WEAK,NO-BUY,0,
2022-09-27,17007.40,17383.12,16990.20,239.86,40.85,21.42,-38.10,79.49,-117.59,36.13,RANGE,,NEUTRAL,,-3.05,-2.00,-3.07,-7.95,WEAK,NO-BUY,0,
2022-09-28,16858.60,17399.30,16986.91,238.24,37.42,22.57,-84.99,46.60,-131.58,33.41,RANGE,,NEUTRAL,,-3.90,-2.85,-5.41,-8.76,WEAK,NO-BUY,0,
2022-09-29,16818.10,17410.10,16983.44,238.18,37.55,23.71,-123.98,12.48,-136.46,32.69,RANGE,,NEUTRAL,,-4.13,-3.09,-5.80,-8.98,WEAK,NO-BUY,0,
2022-09-30,17094.35,17425.17,16982.07,252.56,39.41,23.92,-131.09,-16.23,-114.86,41.90,RANGE,,NEUTRAL,,-2.56,-1.50,-4.26,-7.48,CHOP-DOWN,STAND-ASIDE,0,
2022-10-03,16887.35,17432.50,16979.88,253.02,40.46,24.11,-151.67,-43.32,-108.35,37.73,RANGE,,NEUTRAL,,0.00,-2.69,-4.85,-8.60,WEAK,NO-BUY,0,
2022-10-04,17274.30,17445.88,16980.15,263.52,41.22,23.42,-135.21,-61.70,-73.51,48.12,RANGE,,NEUTRAL,,2.29,-0.46,-2.47,-6.51,CHOP-DOWN,STAND-ASIDE,0,
2022-10-06,17331.80,17458.13,16980.56,255.73,45.78,22.13,-116.18,-72.59,-43.58,49.47,RANGE,,NEUTRAL,,2.63,-0.13,-1.63,-6.20,CHOP-DOWN,STAND-ASIDE,0,
2022-10-07,17314.65,17471.80,16982.21,246.07,43.18,21.31,-101.31,-78.34,-22.97,49.06,RANGE,,NEUTRAL,,2.53,-0.23,-1.24,-6.29,CHOP-DOWN,STAND-ASIDE,0,
2022-10-10,17241.00,17486.95,16985.35,246.34,43.31,21.09,-94.38,-81.55,-12.84,47.25,RANGE,,NEUTRAL,,2.09,-0.65,-2.55,-6.69,CHOP-MID,STAND-ASIDE,0,
2022-10-11,16983.55,17493.78,16986.41,251.00,46.16,21.26,-108.42,-86.92,-21.50,41.49,RANGE,,NEUTRAL,,0.57,-2.13,-4.71,-8.08,CHOP-DOWN,STAND-ASIDE,0,
2022-10-12,17123.60,17497.66,16987.25,246.09,50.49,21.42,-107.01,-90.94,-16.07,45.39,RANGE,,NEUTRAL,,1.40,-1.33,-2.96,-7.33,CHOP-DOWN,STAND-ASIDE,0,
2022-10-13,17014.35,17494.78,16986.96,240.42,53.52,21.58,-113.40,-95.43,-17.97,42.98,RANGE,,NEUTRAL,,0.75,-1.96,-4.36,-7.92,CHOP-DOWN,STAND-ASIDE,0,
2022-10-14,17185.70,17491.70,16987.87,247.11,63.67,20.48,-103.44,-97.03,-6.41,47.67,CHOP,,NEUTRAL,,1.77,-0.97,-3.96,-6.99,CHOP-MID,STAND-ASIDE,0,
2022-10-17,17311.80,17491.02,16989.00,245.89,62.42,19.75,-84.40,-94.51,10.10,50.87,CHOP,CROSS_UP,NEUTRAL,,2.51,-0.24,-3.53,-6.31,CHOP-MID,STAND-ASIDE,0,
2022-10-18,17486.95,17493.00,16990.26,243.76,57.08,18.52,-54.56,-86.52,31.96,54.99,CHOP,,NEUTRAL,,3.55,0.77,-2.81,-5.36,CHOP-UP,WATCH,0,
2022-10-19,17512.25,17495.60,16991.76,235.97,52.49,17.72,-28.53,-74.92,46.39,55.57,RANGE,,NEUTRAL,,3.70,0.91,-3.58,-5.22,CHOP-UP,WATCH,0,
2022-10-20,17563.95,17498.93,16993.56,230.77,51.66,16.73,-3.69,-60.67,56.98,56.80,RANGE,,NEUTRAL,,4.01,1.21,-4.22,-4.94,CHOP-UP,WATCH,0,
2022-10-21,17576.30,17499.96,16994.67,224.96,50.30,16.19,16.80,-45.18,61.98,57.10,RANGE,,NEUTRAL,,4.08,1.28,-4.87,-4.87,CHOP-UP,WATCH,0,
2022-10-24,17730.75,17503.88,16995.19,223.26,48.99,16.13,44.98,-27.15,72.13,60.81,RANGE,,NEUTRAL,,4.99,2.17,-3.74,-4.04,CHOP-UP,WATCH,0,
2022-10-25,17656.35,17503.83,16994.45,219.78,44.52,15.69,60.61,-9.59,70.21,58.20,RANGE,,NEUTRAL,,4.55,1.74,-3.34,-4.44,CHOP-UP,WATCH,0,
2022-10-27,17736.95,17504.60,16993.51,213.33,44.18,15.29,78.60,8.04,70.56,60.20,RANGE,,NEUTRAL,,5.03,2.21,-2.43,-4.01,CHOP-UP,WATCH,0,
2022-10-28,17786.80,17503.83,16993.71,206.32,42.92,15.17,95.77,25.59,70.18,61.42,RANGE,,NEUTRAL,,5.33,2.49,-1.81,-3.74,CHOP-UP,WATCH,0,
2022-10-31,18012.20,17505.19,16994.71,208.44,35.60,15.84,126.12,45.70,80.42,66.46,RANGE,,NEUTRAL,,6.66,3.79,-0.62,-2.52,CHOP-UP,WATCH,0,
2022-11-01,18145.40,17508.97,16995.42,205.23,28.65,17.02,159.08,68.37,90.71,69.03,RANGE,,NEUTRAL,,0.00,4.56,-0.67,-1.79,CHOP-UP,WATCH,0,
2022-11-02,18082.85,17515.46,16995.56,199.87,27.79,18.03,178.10,90.32,87.78,66.45,RANGE,,NEUTRAL,,-0.34,4.20,-0.70,-2.13,CHOP-UP,WATCH,0,
2022-11-03,18052.70,17526.70,16994.76,196.10,32.17,18.37,188.57,109.97,78.60,65.19,RANGE,,NEUTRAL,,-0.51,4.03,1.09,-2.30,CHOP-UP,WATCH,0,
2022-11-04,18117.15,17537.49,16994.06,190.52,28.78,18.80,199.76,127.93,71.84,66.65,RANGE,,NEUTRAL,,-0.16,4.40,2.52,-1.95,CHOP-UP,WATCH,0,
2022-11-07,18202.80,17549.45,16993.79,190.53,37.90,19.69,213.09,144.96,68.13,68.54,RANGE,,NEUTRAL,,0.32,4.89,1.52,-1.48,CHOP-UP,WATCH,0,
2022-11-09,18157.00,17562.14,16993.03,189.70,35.47,20.66,217.45,159.46,57.99,66.37,RANGE,,NEUTRAL,,0.06,4.63,1.50,-1.73,STRONG-FLOW,BUY,0,
2022-11-10,18028.20,17571.52,16992.61,189.55,36.35,20.53,208.11,169.19,38.92,60.58,RANGE,,NEUTRAL,,-0.65,3.88,1.12,-2.43,STRONG-FLOW,BUY,0,
2022-11-11,18349.70,17592.26,16994.67,199.88,40.58,21.39,224.07,180.17,43.91,68.07,RANGE,,NEUTRAL,,1.13,5.74,2.42,-0.69,STRONG-FLOW,BUY,0,
2022-11-14,18329.15,17603.66,16997.53,191.89,43.36,22.32,232.38,190.61,41.77,67.19,RANGE,,NEUTRAL,,1.01,5.62,1.44,-0.80,STRONG-FLOW,BUY,0,
2022-11-15,18403.40,17620.87,17001.46,188.61,41.09,22.98,242.17,200.92,41.25,68.76,RANGE,,NEUTRAL,,1.42,6.05,1.99,-0.40,STRONG-FLOW,BUY,0,
2022-11-16,18409.65,17638.27,17007.76,182.14,39.99,23.64,247.57,210.25,37.32,68.90,RANGE,,NEUTRAL,,1.46,6.08,2.18,-0.36,STRONG-FLOW,BUY,0,
2022-11-17,18343.90,17651.83,17013.09,176.60,43.05,24.02,243.74,216.95,26.79,65.68,RANGE,,NEUTRAL,,1.09,5.70,2.63,-0.72,STRONG-FLOW,BUY,0,
2022-11-18,18307.65,17664.88,17019.08,177.19,54.88,23.60,235.07,220.57,14.50,63.91,RANGE,,NEUTRAL,,0.89,5.49,1.13,-0.92,STRONG-FLOW,BUY,0,
2022-11-21,18159.95,17675.59,17024.37,176.98,58.24,22.69,213.82,219.22,-5.40,57.16,CHOP,CROSS_DOWN,NEUTRAL,,0.08,4.64,0.28,-1.72,CHOP-MID,STAND-ASIDE,0,
2022-11-22,18244.20,17684.50,17028.89,173.21,57.57,21.84,201.45,215.67,-14.22,59.77,CHOP,,NEUTRAL,,0.54,5.13,1.36,-1.26,CHOP-MID,STAND-ASIDE,0,
2022-11-23,18267.25,17693.17,17032.34,166.64,56.72,21.41,191.30,210.80,-19.49,60.48,CHOP,,NEUTRAL,,0.67,5.26,2.06,-1.14,CHOP-DOWN,STAND-ASIDE,0,
2022-11-24,18484.10,17704.13,17035.86,173.48,53.06,22.00,198.47,208.33,-9.86,66.48,RANGE,,NEUTRAL,,1.87,6.51,4.05,0.00,CHOP-UP,WATCH,0,
2022-11-25,18512.75,17712.98,17040.63,167.50,52.24,22.57,204.11,207.49,-3.38,67.18,RANGE,,NEUTRAL,,2.02,6.68,6.29,0.00,CHOP-UP,WATCH,0,
2022-11-28,18562.75,17724.16,17045.86,173.30,48.23,22.46,210.19,208.03,2.16,68.44,RANGE,CROSS_UP,NEUTRAL,,2.30,6.96,6.05,0.00,STRONG-FLOW,BUY,0,
2022-11-29,18618.05,17738.98,17052.88,169.92,43.77,22.68,216.97,209.82,7.16,69.81,RANGE,,NEUTRAL,,2.60,7.28,6.91,0.00,STRONG-FLOW,BUY,0,
2022-11-30,18758.35,17763.53,17060.34,172.03,45.39,23.49,231.00,214.05,16.95,73.02,RANGE,,OVERBOUGHT,,3.38,8.09,6.97,0.00,TOP-WARNING,NO-NEW,0,
2022-12-01,18812.50,17787.33,17067.08,168.97,38.01,24.53,243.69,219.98,23.70,74.16,RANGE,,OVERBOUGHT,,0.00,8.40,10.49,0.00,TOP-WARNING,NO-NEW,0,
2022-12-02,18696.10,17804.93,17072.53,169.28,39.55,24.39,241.56,224.30,17.26,67.55,RANGE,,NEUTRAL,,-0.62,7.73,9.63,-0.62,STRONG-FLOW,BUY,0,
2022-12-05,18701.05,17824.58,17079.16,166.99,39.40,23.91,237.53,226.94,10.59,67.68,RANGE,,NEUTRAL,,-0.59,7.76,10.12,-0.59,STRONG-FLOW,BUY,0,
2022-12-06,18642.75,17844.84,17088.16,163.86,39.84,23.36,227.02,226.96,0.06,64.36,RANGE,,NEUTRAL,,-0.90,7.43,8.60,-0.90,STRONG-FLOW,BUY,0,
2022-12-07,18560.50,17869.50,17094.20,162.15,40.45,22.47,209.64,223.50,-13.86,59.89,RANGE,CROSS_DOWN,NEUTRAL,,-1.34,6.95,6.66,-1.34,CHOP-MID,STAND-ASIDE,0,
2022-12-08,18609.35,17901.36,17100.64,156.86,38.74,21.65,197.53,218.30,-20.77,61.60,RANGE,,NEUTRAL,,-1.08,7.23,8.21,-1.08,CHOP-DOWN,STAND-ASIDE,0,
2022-12-09,18496.60,17931.15,17106.60,163.84,40.39,20.26,176.79,210.00,-33.21,55.71,RANGE,,NEUTRAL,,-1.68,6.58,9.37,-1.68,CHOP-DOWN,STAND-ASIDE,0,
2022-12-12,18497.15,17963.92,17112.70,164.70,47.19,19.40,158.58,199.72,-41.14,55.74,RANGE,,NEUTRAL,,-1.68,6.59,7.69,-1.68,CHOP-DOWN,STAND-ASIDE,0,
2022-12-13,18608.00,17999.72,17119.71,162.01,50.92,18.11,151.34,190.04,-38.70,60.08,RANGE,,NEUTRAL,,-1.09,7.23,6.52,-1.09,CHOP-DOWN,STAND-ASIDE,0,
2022-12-14,18660.30,18031.04,17127.55,156.73,51.34,17.44,148.12,181.66,-33.54,61.98,RANGE,,NEUTRAL,,-0.81,7.53,6.53,-0.81,CHOP-DOWN,STAND-ASIDE,0,
2022-12-15,18414.90,18061.59,17134.31,165.01,54.50,17.10,124.33,170.19,-45.86,49.98,RANGE,,NEUTRAL,,-2.11,6.11,5.16,-2.11,CHOP-DOWN,STAND-ASIDE,0,
2022-12-16,18269.00,18081.48,17144.42,166.49,47.59,17.43,92.64,154.68,-62.04,44.47,RANGE,,NEUTRAL,,-2.89,5.27,5.19,-2.89,CHOP-DOWN,STAND-ASIDE,0,
2022-12-19,18420.45,18103.25,17153.23,167.96,47.99,17.78,78.83,139.51,-60.68,50.56,RANGE,,NEUTRAL,,-2.08,6.14,6.32,-2.08,CHOP-DOWN,STAND-ASIDE,0,
2022-12-20,18385.30,18124.67,17161.18,171.52,45.90,18.30,64.31,124.47,-60.16,49.21,RANGE,,NEUTRAL,,-2.27,5.94,6.76,-2.27,CHOP-DOWN,STAND-ASIDE,0,
2022-12-21,18199.10,18143.83,17169.15,181.46,52.60,18.26,37.35,107.05,-69.69,42.71,RANGE,,NEUTRAL,,-3.26,4.87,5.51,-3.26,CHOP-DOWN,STAND-ASIDE,0,
2022-12-22,18127.35,18166.71,17177.30,186.36,51.33,18.69,10.08,87.65,-77.57,40.49,RANGE,,NEUTRAL,,-3.64,4.46,6.72,-3.64,CHOP-DOWN,STAND-ASIDE,0,
2022-12-23,17806.80,18180.37,17185.10,197.90,41.89,20.24,-36.97,62.73,-99.70,32.38,RANGE,,NEUTRAL,,-5.35,2.61,7.18,-5.35,WEAK,NO-BUY,0,
2022-12-26,18014.60,18200.37,17195.86,205.89,44.14,21.42,-56.84,38.81,-95.66,40.67,RANGE,,NEUTRAL,,-4.24,3.81,7.42,-4.24,CHOP-DOWN,STAND-ASIDE,0,
2022-12-27,18132.30,18219.31,17206.45,204.17,44.68,22.01,-62.37,18.58,-80.95,44.80,RANGE,,NEUTRAL,,-3.62,4.48,6.94,-3.62,CHOP-DOWN,STAND-ASIDE,0,
2022-12-28,18122.50,18235.52,17215.34,197.07,44.89,22.38,-66.77,1.51,-68.28,44.52,RANGE,,NEUTRAL,,-3.67,4.43,6.15,-3.67,CHOP-DOWN,STAND-ASIDE,0,
2022-12-29,18191.00,18249.60,17223.32,199.92,44.66,23.05,-64.00,-11.59,-52.40,47.00,RANGE,,NEUTRAL,,-3.30,4.82,6.98,-3.30,CHOP-DOWN,STAND-ASIDE,0,
2022-12-30,18105.30,18261.46,17230.69,198.85,44.78,23.38,-67.93,-22.86,-45.07,44.33,RANGE,,NEUTRAL,,-3.76,4.33,5.96,-3.76,CHOP-DOWN,STAND-ASIDE,0,
2023-01-02,18197.45,18274.13,17237.33,193.83,44.80,23.69,-62.88,-30.86,-32.02,47.76,RANGE,,NEUTRAL,,0.00,0.51,5.59,-3.27,CHOP-DOWN,STAND-ASIDE,0,
2023-01-03,18232.55,18287.26,17245.17,187.28,46.79,23.65,-55.41,-35.77,-19.64,49.05,RANGE,,NEUTRAL,,0.19,0.70,5.92,-3.08,CHOP-DOWN,STAND-ASIDE,0,
2023-01-04,18042.95,18293.50,17250.51,189.79,54.82,24.26,-64.06,-41.43,-22.63,42.90,RANGE,,NEUTRAL,,-0.85,-0.34,4.88,-4.09,CHOP-DOWN,STAND-ASIDE,0,
2023-01-05,17992.15,18300.22,17254.04,192.50,55.35,25.38,-74.15,-47.97,-26.17,41.40,TREND DOWN,,NEUTRAL,,-1.13,-0.62,3.68,-4.36,BEAR,AVOID,0,
2023-01-06,17859.45,18302.67,17257.75,196.74,56.16,26.78,-91.80,-56.74,-35.06,37.70,TREND DOWN,,NEUTRAL,,-1.86,-1.36,1.33,-5.07,BEAR,AVOID,0,
2023-01-09,18101.20,18308.96,17261.67,202.83,56.94,27.25,-85.29,-62.45,-22.84,47.00,TREND DOWN,,NEUTRAL,,-0.53,-0.02,1.66,-3.78,BEAR,AVOID,0,
2023-01-10,17914.15,18306.99,17265.02,207.74,65.94,28.01,-94.15,-68.79,-25.36,41.80,TREND DOWN,,NEUTRAL,,-1.56,-1.06,-0.06,-4.78,BEAR,AVOID,0,
2023-01-11,17895.70,18302.00,17268.38,203.76,68.64,28.84,-101.48,-75.33,-26.15,41.31,TREND DOWN,,NEUTRAL,,-1.66,-1.16,0.84,-4.87,BEAR,AVOID,0,
2023-01-12,17858.20,18297.51,17271.91,202.36,65.55,29.86,-109.07,-82.08,-26.99,40.29,TREND DOWN,,NEUTRAL,,-1.86,-1.36,0.26,-5.07,BEAR,AVOID,0,
2023-01-13,17956.60,18295.59,17275.58,203.98,64.41,30.30,-105.91,-86.84,-19.07,44.20,TREND DOWN,,NEUTRAL,,-1.32,-0.82,-0.26,-4.55,BEAR,AVOID,0,
2023-01-16,17894.85,18291.14,17278.43,203.41,64.60,30.23,-107.16,-90.91,-16.26,42.33,TREND DOWN,,NEUTRAL,,-1.66,-1.16,-0.89,-4.88,BEAR,AVOID,0,
2023-01-17,18053.30,18288.15,17281.20,202.10,65.69,29.96,-94.28,-91.58,-2.70,48.37,TREND DOWN,,NEUTRAL,,-0.79,-0.29,-0.87,-4.04,BEAR,AVOID,0,
2023-01-18,18165.35,18288.32,17284.71,198.47,64.53,28.73,-74.17,-88.10,13.93,52.19,TREND DOWN,CROSS_UP,NEUTRAL,,-0.18,0.33,-0.51,-3.44,BEAR,AVOID,0,
2023-01-19,18107.85,18289.91,17286.89,191.56,64.38,27.59,-62.16,-82.91,20.75,50.14,TREND DOWN,,NEUTRAL,,-0.49,0.01,-0.81,-3.75,BEAR,AVOID,0,
2023-01-20,18027.65,18283.47,17286.76,187.10,64.39,26.84,-58.44,-78.02,19.58,47.35,TREND DOWN,,NEUTRAL,,-0.93,-0.43,-1.53,-4.17,BEAR,AVOID,0,
2023-01-23,18118.55,18279.26,17287.57,183.38,65.55,25.99,-47.61,-71.94,24.33,50.70,TREND DOWN,,NEUTRAL,,-0.43,0.07,0.03,-3.69,BEAR,AVOID,0,
2023-01-24,18118.30,18273.56,17289.12,179.04,67.57,24.83,-38.60,-65.27,26.67,50.69,CHOP,,NEUTRAL,,-0.43,0.07,1.00,-3.69,CHOP-MID,STAND-ASIDE,0,
2023-01-25,17891.95,18263.20,17290.39,185.69,68.21,25.20,-49.16,-62.05,12.89,42.82,TREND DOWN,,NEUTRAL,,-1.68,-1.18,0.76,-4.89,BEAR,AVOID,0,
2023-01-27,17604.35,18248.41,17289.49,200.88,52.20,26.89,-79.81,-65.60,-14.21,35.32,TREND DOWN,CROSS_DOWN,NEUTRAL,,-3.26,-2.77,-0.07,-6.42,BEAR,AVOID,0,
2023-01-30,17648.95,18235.24,17289.36,208.22,48.05,28.71,-99.36,-72.35,-27.01,37.16,TREND DOWN,,NEUTRAL,,-3.01,-2.52,2.91,-6.18,BEAR,AVOID,0,
2023-01-31,17662.15,18225.28,17290.01,207.50,47.05,30.16,-112.49,-80.38,-32.11,37.72,TREND DOWN,,NEUTRAL,,-2.94,-2.45,2.22,-6.11,BEAR,AVOID,0,
2023-02-01,17616.30,18212.72,17290.72,236.88,50.58,29.70,-125.16,-89.34,-35.82,36.50,TREND DOWN,,NEUTRAL,,0.00,-2.70,2.96,-6.36,BEAR,AVOID,0,
2023-02-02,17610.40,18199.58,17292.90,234.81,50.86,29.26,-134.12,-98.29,-35.83,36.33,TREND DOWN,,NEUTRAL,,-0.03,-2.73,2.97,-6.39,BEAR,AVOID,0,
2023-02-03,17854.05,18186.98,17297.38,238.48,51.56,27.51,-120.18,-102.67,-17.51,46.92,TREND DOWN,,NEUTRAL,,1.35,-1.39,2.97,-5.09,BEAR,AVOID,0,
2023-02-06,17764.60,18172.02,17300.52,232.56,51.10,25.88,-115.03,-105.14,-9.88,44.02,TREND DOWN,,NEUTRAL,,0.84,-1.88,1.07,-5.57,BEAR,AVOID,0,
2023-02-07,17721.50,18155.20,17302.16,227.28,50.79,24.61,-113.11,-106.74,-6.38,42.66,RANGE,,NEUTRAL,,0.60,-2.12,-0.33,-5.80,CHOP-DOWN,STAND-ASIDE,0,
2023-02-08,17871.70,18140.27,17305.66,223.70,51.09,22.90,-98.34,-105.06,6.71,48.64,RANGE,CROSS_UP,NEUTRAL,,1.45,-1.29,1.77,-5.00,CHOP-MID,STAND-ASIDE,0,
2023-02-09,17893.45,18122.97,17310.36,217.52,51.50,21.33,-83.92,-100.83,16.91,49.46,RANGE,,NEUTRAL,,1.57,-1.17,2.15,-4.89,CHOP-MID,STAND-ASIDE,0,
2023-02-10,17856.50,18103.85,17313.64,208.58,51.08,19.87,-74.61,-95.58,20.98,48.05,RANGE,,NEUTRAL,,1.36,-1.37,3.73,-5.08,CHOP-MID,STAND-ASIDE,0,
2023-02-13,17770.90,18085.35,17317.30,205.18,51.38,18.92,-73.29,-91.13,17.84,44.87,RANGE,,NEUTRAL,,0.88,-1.85,2.92,-5.54,CHOP-DOWN,STAND-ASIDE,0,
2023-02-14,17929.85,18069.92,17320.72,203.64,56.86,17.61,-58.74,-84.65,25.91,51.32,CHOP,,NEUTRAL,,1.78,-0.97,2.67,-4.69,CHOP-MID,STAND-ASIDE,0,
2023-02-15,18015.85,18057.38,17325.29,201.98,59.34,16.91,-39.81,-75.68,35.87,54.42,CHOP,,NEUTRAL,,2.27,-0.49,2.33,-4.23,CHOP-UP,WATCH,0,
2023-02-16,18035.85,18046.89,17330.12,197.13,50.91,16.85,-22.94,-65.13,42.20,55.14,RANGE,,NEUTRAL,,2.38,-0.38,3.80,-4.13,CHOP-UP,WATCH,0,
2023-02-17,17944.20,18033.59,17336.46,193.85,48.93,15.96,-16.76,-55.46,38.70,51.17,RANGE,,NEUTRAL,,1.86,-0.89,6.54,-4.62,CHOP-MID,STAND-ASIDE,0,
2023-02-20,17844.60,18020.55,17342.27,193.29,48.77,14.94,-19.68,-48.30,28.62,47.19,RANGE,,NEUTRAL,,1.30,-1.44,2.84,-5.14,CHOP-MID,STAND-ASIDE,0,
2023-02-21,17826.70,18007.14,17349.34,188.38,46.27,14.10,-23.17,-43.28,20.11,46.49,RANGE,,NEUTRAL,,1.19,-1.54,2.91,-5.24,CHOP-MID,STAND-ASIDE,0,
2023-02-22,17554.30,17986.07,17355.61,196.16,52.59,14.80,-47.37,-44.09,-3.27,37.40,RANGE,CROSS_DOWN,NEUTRAL,,-0.35,-3.04,1.44,-6.69,WEAK,NO-BUY,0,
2023-02-23,17511.25,17963.08,17361.96,193.91,46.27,15.76,-69.22,-49.12,-20.10,36.20,RANGE,,NEUTRAL,,-0.60,-3.28,1.36,-6.92,WEAK,NO-BUY,0,
2023-02-24,17465.80,17944.10,17368.46,192.77,44.81,16.80,-89.18,-57.13,-32.05,34.92,RANGE,,NEUTRAL,,-0.85,-3.53,1.51,-7.16,WEAK,NO-BUY,0,
2023-02-27,17392.70,17926.58,17376.38,190.91,38.92,18.26,-109.63,-67.63,-42.00,32.91,RANGE,,NEUTRAL,,-1.27,-3.94,1.76,-7.55,WEAK,NO-BUY,0,
2023-02-28,17303.95,17904.25,17383.99,190.51,37.11,19.78,-131.49,-80.40,-51.08,30.60,RANGE,,NEUTRAL,,-1.77,-4.43,1.41,-8.02,WEAK,NO-BUY,0,
2023-03-01,17450.90,17885.56,17392.03,188.60,37.54,20.95,-135.39,-91.40,-43.99,38.31,RANGE,,NEUTRAL,,0.00,-3.61,7.40,-7.24,CHOP-DOWN,STAND-ASIDE,0,
2023-03-02,17321.90,17868.01,17397.35,185.48,38.37,22.21,-147.19,-102.56,-44.63,34.67,RANGE,,NEUTRAL,,-0.74,-4.33,3.98,-7.92,WEAK,NO-BUY,0,
2023-03-03,17594.35,17857.35,17404.12,195.29,40.83,21.75,-133.03,-108.65,-24.38,46.28,RANGE,,NEUTRAL,,0.82,-2.82,4.77,-6.48,CHOP-DOWN,STAND-ASIDE,0,
2023-03-06,17711.45,17855.45,17413.63,196.03,41.15,20.32,-111.08,-109.14,-1.94,50.36,RANGE,,NEUTRAL,,1.49,-2.18,6.66,-5.85,CHOP-MID,STAND-ASIDE,0,
2023-03-08,17754.40,17850.24,17421.07,193.76,40.91,19.38,-89.19,-105.15,15.96,51.81,RANGE,CROSS_UP,NEUTRAL,,1.74,-1.94,7.62,-5.62,CHOP-MID,STAND-ASIDE,0,
2023-03-09,17589.60,17839.39,17427.94,194.11,46.44,18.67,-84.16,-100.95,16.79,46.24,RANGE,,NEUTRAL,,0.79,-2.85,8.27,-6.50,CHOP-MID,STAND-ASIDE,0,
2023-03-10,17412.90,17825.20,17434.38,199.19,49.52,19.19,-93.37,-99.43,6.07,41.14,RANGE,,NEUTRAL,,-0.22,-3.82,9.77,-7.44,CHOP-DOWN,STAND-ASIDE,0,
2023-03-13,17154.30,17804.46,17440.02,214.71,49.53,20.43,-120.14,-103.58,-16.56,35.04,RANGE,CROSS_DOWN,NEUTRAL,,-1.70,-5.25,7.12,-8.81,WEAK,NO-BUY,0,
2023-03-14,17043.30,17783.22,17444.39,216.34,50.86,21.97,-148.60,-112.58,-36.02,32.79,RANGE,,NEUTRAL,,-2.34,-5.87,4.27,-9.40,WEAK,NO-BUY,0,
2023-03-15,16972.15,17758.72,17447.49,220.35,48.37,23.53,-174.89,-125.04,-49.84,31.40,RANGE,,NEUTRAL,BULL_DIV,-2.74,-6.26,2.27,-9.78,WEAK,NO-BUY,0,
2023-03-16,16985.60,17733.78,17449.11,219.78,45.24,25.23,-192.41,-138.52,-53.90,31.99,TREND DOWN,,NEUTRAL,,-2.67,-6.18,2.14,-9.71,PANIC,NO-TOUCH,0,
2023-03-17,17100.05,17714.92,17451.69,217.48,45.36,26.19,-194.82,-149.78,-45.04,36.93,TREND DOWN,,NEUTRAL,,-2.01,-5.55,1.36,-9.10,BEAR,AVOID,0,
2023-03-20,16988.40,17694.85,17454.01,221.35,45.74,27.48,-203.39,-160.50,-42.89,34.31,TREND DOWN,,NEUTRAL,,-2.65,-6.17,1.95,-9.70,PANIC,NO-TOUCH,0,
2023-03-21,17107.50,17679.81,17456.41,215.49,45.20,28.22,-198.29,-168.06,-30.23,39.26,TREND DOWN,,NEUTRAL,,-1.97,-5.51,0.78,-9.06,BEAR,AVOID,0,
2023-03-22,17151.90,17660.82,17459.25,207.23,44.43,28.34,-188.49,-172.14,-16.35,41.05,TREND DOWN,,NEUTRAL,,-1.71,-5.27,-0.78,-8.83,BEAR,AVOID,0,
2023-03-23,17076.90,17644.08,17461.79,203.86,44.62,28.68,-184.65,-174.65,-10.00,38.97,TREND DOWN,,NEUTRAL,,-2.14,-5.68,-0.24,-9.23,BEAR,AVOID,0,
2023-03-24,16945.05,17625.06,17464.43,203.02,43.01,29.44,-190.05,-177.73,-12.33,35.55,TREND DOWN,,NEUTRAL,,-2.90,-6.41,-2.14,-9.93,BEAR,AVOID,0,
2023-03-27,16985.70,17607.61,17467.58,200.84,43.69,30.15,-188.88,-179.96,-8.92,37.37,TREND DOWN,,NEUTRAL,,-2.67,-6.18,-1.51,-9.71,BEAR,AVOID,0,
2023-03-28,16951.70,17587.51,17469.94,197.06,43.48,30.83,-188.52,-181.67,-6.85,36.45,TREND DOWN,,NEUTRAL,,-2.86,-6.37,-1.57,-9.89,BEAR,AVOID,0,
2023-03-29,17080.70,17571.23,17474.34,196.24,54.56,30.91,-175.80,-180.49,4.70,42.30,TREND DOWN,CROSS_UP,NEUTRAL,,-2.12,-5.66,-0.42,-9.21,BEAR,AVOID,0,
2023-03-31,17359.75,17557.36,17482.27,203.72,55.01,29.18,-141.56,-172.71,31.14,52.49,TREND DOWN,,NEUTRAL,,-0.52,-4.12,0.80,-7.72,BEAR,AVOID,0,
2023-04-03,17398.05,17542.01,17490.60,197.40,56.94,27.31,-110.08,-160.18,50.11,53.70,TREND DOWN,,NEUTRAL,,0.00,-3.91,0.42,-7.52,BEAR,AVOID,0,
2023-04-05,17557.05,17531.00,17499.92,195.62,47.94,25.93,-71.47,-142.44,70.97,58.43,TREND UP,,NEUTRAL,,0.91,-3.03,0.34,-6.67,ALL-ALIGN BULL,BUY,1,
2023-04-06,17599.15,17522.43,17511.11,191.35,42.59,24.99,-37.05,-121.36,84.31,59.61,RANGE,,NEUTRAL,,1.16,-2.80,0.77,-6.45,CHOP-UP,WATCH,0,
2023-04-10,17624.05,17512.54,17522.77,184.55,38.28,24.40,-7.67,-98.62,90.95,60.32,RANGE,,NEUTRAL,,1.30,-2.66,-0.26,-6.32,CHOP-UP,WATCH,0,
2023-04-11,17722.30,17504.62,17534.63,180.28,34.94,24.10,23.27,-74.24,97.51,63.10,RANGE,,NEUTRAL,,1.86,-2.12,-1.83,-5.80,CHOP-UP,WATCH,0,
2023-04-12,17812.40,17503.03,17545.49,175.15,32.52,24.19,54.43,-48.51,102.94,65.49,RANGE,,NEUTRAL,,2.38,-1.62,-0.81,-5.32,CHOP-UP,WATCH,0,
2023-04-13,17828.00,17507.50,17557.57,170.68,31.37,24.34,79.47,-22.91,102.39,65.90,RANGE,,NEUTRAL,,2.47,-1.53,0.11,-5.23,CHOP-UP,WATCH,0,
2023-04-17,17706.85,17508.66,17568.32,179.12,33.76,23.34,88.52,-0.62,89.15,59.93,RANGE,,NEUTRAL,,1.77,-2.20,0.38,-5.88,CHOP-UP,WATCH,0,
2023-04-18,17660.15,17508.62,17578.12,177.50,33.70,22.42,90.88,17.68,73.20,57.76,RANGE,,NEUTRAL,,1.51,-2.46,-0.70,-6.13,CHOP-UP,WATCH,0,
2023-04-19,17618.75,17508.67,17587.06,170.99,31.92,21.33,88.38,31.82,56.57,55.82,RANGE,,NEUTRAL,,1.27,-2.69,-0.32,-6.35,STRONG-FLOW,BUY,0,
2023-04-20,17624.45,17508.95,17595.93,165.92,30.66,20.45,85.88,42.63,43.25,56.04,RANGE,,NEUTRAL,,1.30,-2.66,0.54,-6.32,STRONG-FLOW,BUY,0,
2023-04-21,17624.05,17504.35,17605.05,161.87,31.05,19.38,82.90,50.68,32.22,56.02,RANGE,,NEUTRAL,,1.30,-2.66,0.85,-6.32,CHOP-UP,WATCH,0,
2023-04-24,17743.40,17503.93,17614.87,160.45,43.03,19.01,89.15,58.38,30.77,60.73,RANGE,,NEUTRAL,,1.98,-2.00,3.32,-5.68,CHOP-UP,WATCH,0,
2023-04-25,17769.25,17504.88,17624.95,155.47,45.72,18.99,95.09,65.72,29.37,61.68,RANGE,,NEUTRAL,,2.13,-1.86,4.78,-5.55,CHOP-UP,WATCH,0,
2023-04-26,17813.60,17503.72,17634.85,152.69,52.51,19.10,102.20,73.02,29.18,63.33,RANGE,,NEUTRAL,,2.39,-1.61,3.95,-5.31,CHOP-UP,WATCH,0,
2023-04-27,17915.05,17504.15,17645.37,151.33,54.40,19.80,114.70,81.35,33.34,66.85,RANGE,,NEUTRAL,,2.97,-1.05,3.00,-4.77,CHOP-UP,WATCH,0,
2023-04-28,18065.00,17508.32,17655.74,155.08,47.40,21.21,135.14,92.11,43.03,71.24,RANGE,,OVERBOUGHT,,3.83,-0.22,5.20,-3.97,STRONG-FLOW,BUY,0,
2023-05-02,18147.65,17515.86,17665.82,152.24,41.83,22.88,156.21,104.93,51.28,73.33,RANGE,,OVERBOUGHT,,0.00,0.23,7.04,-3.53,TOP-WARNING,NO-NEW,0,
2023-05-03,18089.85,17519.06,17675.16,148.88,41.43,23.85,166.33,117.21,49.12,69.52,RANGE,,NEUTRAL,,-0.32,-0.09,5.17,-3.84,STRONG-FLOW,BUY,0,
2023-05-04,18255.80,17523.85,17685.36,152.58,38.32,25.36,185.60,130.89,54.71,73.74,TREND UP,,OVERBOUGHT,,0.60,0.83,7.15,-2.96,TOP-WARNING,NO-NEW,1,
2023-05-05,18069.00,17524.52,17695.42,156.00,39.98,26.65,183.68,141.45,42.24,63.14,TREND UP,,NEUTRAL,,-0.43,-0.20,4.78,-3.95,ALL-ALIGN BULL,BUY,0,
2023-05-08,18264.40,17530.92,17706.90,160.42,37.62,28.11,195.67,152.29,43.38,68.28,TREND UP,,NEUTRAL,,0.64,0.88,6.79,-2.91,ALL-ALIGN BULL,BUY,0,
2023-05-09,18265.95,17539.35,17718.54,157.15,33.96,29.68,202.96,162.43,40.54,68.31,TREND UP,,NEUTRAL,,0.65,0.89,7.01,-2.91,ALL-ALIGN BULL,BUY,0,
2023-05-10,18315.10,17549.12,17729.87,154.12,34.52,30.94,210.28,172.00,38.28,69.55,TREND UP,,NEUTRAL,,0.92,1.16,9.82,-2.64,ALL-ALIGN BULL,BUY,0,
2023-05-11,18297.00,17563.97,17739.96,151.63,32.76,32.36,212.17,180.03,32.14,68.49,TREND UP,,NEUTRAL,,0.82,1.06,9.68,-2.74,ALL-ALIGN BULL,BUY,0,
2023-05-12,18314.80,17580.04,17749.83,151.39,36.25,32.84,212.66,186.56,26.10,68.99,TREND UP,,NEUTRAL,,0.92,1.16,11.60,-2.65,ALL-ALIGN BULL,BUY,0,
2023-05-15,18398.85,17598.70,17759.22,152.79,38.26,33.78,217.32,192.71,24.61,71.31,TREND UP,,OVERBOUGHT,,1.38,1.62,12.86,-2.20,ALL-ALIGN BULL,BUY,0,
2023-05-16,18286.50,17616.58,17767.63,153.88,39.66,34.40,209.53,196.08,13.46,64.38,TREND UP,,NEUTRAL,,0.77,1.00,12.60,-2.80,ALL-ALIGN BULL,BUY,0,
2023-05-17,18181.75,17634.13,17774.94,156.72,45.68,33.55,192.69,195.40,-2.71,58.66,TREND UP,CROSS_DOWN,NEUTRAL,,0.19,0.42,12.46,-3.35,ALL-ALIGN BULL,BUY,0,
2023-05-18,18129.95,17647.72,17782.44,159.26,52.05,32.66,173.16,190.95,-17.79,56.01,TREND UP,,NEUTRAL,,-0.10,0.14,14.69,-3.63,ALL-ALIGN BULL,BUY,0,
2023-05-19,18203.40,17665.35,17791.03,159.15,63.39,31.44,161.75,185.11,-23.36,58.85,TREND UP,,NEUTRAL,,0.31,0.54,15.34,-3.24,ALL-ALIGN BULL,BUY,0,
2023-05-22,18314.40,17679.75,17799.40,158.95,64.09,31.00,159.82,180.05,-20.23,62.76,TREND UP,,NEUTRAL,,0.92,1.15,15.60,-2.65,ALL-ALIGN BULL,BUY,0,
2023-05-23,18348.00,17692.48,17806.49,155.12,65.30,31.03,159.17,175.88,-16.71,63.88,TREND UP,,NEUTRAL,,1.10,1.34,12.85,-2.47,ALL-ALIGN BULL,BUY,0,
2023-05-24,18285.40,17703.10,17812.13,153.31,64.09,30.50,151.85,171.07,-19.22,60.25,TREND UP,,NEUTRAL,,0.76,0.99,12.59,-2.80,ALL-ALIGN BULL,BUY,0,
2023-05-25,18321.15,17717.73,17817.03,152.05,63.42,29.47,147.24,166.30,-19.07,61.59,TREND UP,,NEUTRAL,,0.96,1.19,15.89,-2.61,ALL-ALIGN BULL,BUY,0,
2023-05-26,18499.35,17739.46,17822.80,154.57,58.42,29.44,156.16,164.28,-8.11,67.49,TREND UP,,NEUTRAL,,1.94,2.18,13.73,-1.66,ALL-ALIGN BULL,BUY,0,
2023-05-29,18598.65,17768.34,17828.85,153.66,49.09,29.99,169.29,165.28,4.01,70.23,TREND UP,CROSS_UP,OVERBOUGHT,,2.49,2.72,14.70,-1.14,ALL-ALIGN BULL,BUY,0,
2023-05-30,18633.85,17800.16,17835.11,148.90,47.22,30.59,180.46,168.32,12.15,71.16,TREND UP,,OVERBOUGHT,BEAR_DIV,2.68,2.92,15.56,-0.95,TOP-WARNING,NO-NEW,0,
2023-05-31,18534.40,17831.40,17840.80,148.98,47.78,30.33,179.22,170.50,8.72,64.99,TREND UP,,NEUTRAL,,2.13,2.37,15.65,-1.48,ALL-ALIGN BULL,BUY,0,
2023-06-01,18487.75,17861.44,17845.61,146.60,47.19,29.93,172.49,170.90,1.59,62.26,TREND UP,,NEUTRAL,,0.00,2.11,14.33,-1.73,ALL-ALIGN BULL,BUY,0,
2023-06-02,18534.10,17890.12,17850.61,142.94,45.79,29.55,168.94,170.50,-1.56,63.88,TREND UP,CROSS_DOWN,NEUTRAL,,0.25,2.37,13.34,-1.48,ALL-ALIGN BULL,BUY,0,
2023-06-05,18593.85,17922.23,17855.28,140.30,44.61,29.56,169.01,170.20,-1.20,65.92,TREND UP,,NEUTRAL,,0.57,2.70,11.60,-1.16,ALL-ALIGN BULL,BUY,0,
2023-06-06,18599.00,17952.06,17859.78,136.79,42.57,29.08,167.54,169.67,-2.13,66.09,TREND UP,,NEUTRAL,,0.60,2.73,12.15,-1.13,ALL-ALIGN BULL,BUY,0,
2023-06-07,18726.40,17983.55,17864.29,137.02,36.95,29.27,174.65,170.67,3.98,70.22,TREND UP,CROSS_UP,OVERBOUGHT,,1.29,3.43,13.34,-0.46,ALL-ALIGN BULL,BUY,0,
2023-06-08,18634.55,18014.71,17867.74,138.82,41.77,29.65,170.90,170.71,0.18,64.16,TREND UP,,NEUTRAL,,0.79,2.92,12.07,-0.95,ALL-ALIGN BULL,BUY,0,
2023-06-09,18563.40,18047.07,17870.78,137.57,42.54,29.39,160.33,168.64,-8.30,59.85,TREND UP,CROSS_DOWN,NEUTRAL,,0.41,2.53,11.93,-1.32,ALL-ALIGN BULL,BUY,0,
2023-06-12,18601.50,18079.39,17874.99,133.02,41.86,29.16,153.27,165.56,-12.29,61.35,TREND UP,,NEUTRAL,,0.62,2.74,12.26,-1.12,ALL-ALIGN BULL,BUY,0,
2023-06-13,18716.15,18114.68,17881.12,132.62,41.81,29.48,155.14,163.48,-8.34,65.51,TREND UP,,NEUTRAL,,1.24,3.37,14.01,-0.51,ALL-ALIGN BULL,BUY,0,
2023-06-14,18755.90,18148.18,17887.01,128.84,50.34,30.00,158.00,162.38,-4.38,66.85,TREND UP,,NEUTRAL,,1.45,3.59,14.67,-0.30,ALL-ALIGN BULL,BUY,0,
2023-06-15,18688.10,18174.75,17892.43,128.57,60.26,30.61,153.04,160.51,-7.48,62.41,TREND UP,,NEUTRAL,,1.08,3.22,13.41,-0.66,ALL-ALIGN BULL,BUY,0,
2023-06-16,18826.00,18203.31,17898.94,132.00,53.71,31.53,158.40,160.09,-1.69,67.18,TREND UP,,NEUTRAL,,1.83,3.98,16.20,0.00,ALL-ALIGN BULL,BUY,0,
2023-06-19,18755.45,18227.28,17904.93,134.16,53.85,32.47,155.18,159.11,-3.93,62.79,TREND UP,,NEUTRAL,,1.45,3.59,18.90,-0.37,ALL-ALIGN BULL,BUY,0,
2023-06-20,18816.70,18251.63,17912.45,137.37,54.48,32.61,155.76,158.44,-2.68,64.93,TREND UP,,NEUTRAL,,1.78,3.93,19.61,-0.05,ALL-ALIGN BULL,BUY,0,
2023-06-21,18856.85,18276.28,17917.93,133.35,55.00,32.95,157.65,158.28,-0.63,66.30,TREND UP,,NEUTRAL,,2.00,4.15,20.17,0.00,ALL-ALIGN BULL,BUY,0,
2023-06-22,18771.25,18297.26,17924.08,132.90,60.51,32.82,150.51,156.73,-6.22,60.85,TREND UP,,NEUTRAL,,1.53,3.68,22.20,-0.45,ALL-ALIGN BULL,BUY,0,
2023-06-23,18665.50,18314.32,17929.71,132.27,60.90,31.43,134.76,152.33,-17.58,54.84,TREND UP,,NEUTRAL,,0.96,3.09,22.05,-1.01,EARLY-UP,HOLD,0,
2023-06-26,18691.20,18331.59,17934.83,128.21,63.19,30.14,122.93,146.45,-23.52,55.98,TREND UP,,NEUTRAL,,1.10,3.24,21.77,-0.88,ALL-ALIGN BULL,BUY,0,
2023-06-27,18817.40,18353.80,17940.64,128.91,63.15,29.75,122.34,141.63,-19.29,61.15,TREND UP,,NEUTRAL,,1.78,3.93,20.33,-0.21,ALL-ALIGN BULL,BUY,0,
2023-06-28,18972.10,18380.04,17947.38,133.55,51.72,30.41,132.81,139.87,-7.05,66.37,TREND UP,,NEUTRAL,,2.62,4.79,23.09,0.00,ALL-ALIGN BULL,BUY,0,
2023-06-30,19189.05,18411.44,17954.33,140.41,40.98,31.81,156.82,143.26,13.56,72.04,TREND UP,CROSS_UP,OVERBOUGHT,,3.79,5.99,23.35,0.00,TOP-WARNING,NO-NEW,0,
2023-07-03,19322.55,18445.41,17961.78,141.53,38.60,33.55,184.48,151.50,32.98,74.85,TREND UP,,OVERBOUGHT,,0.00,6.72,23.08,0.00,TOP-WARNING,NO-NEW,0,
2023-07-04,19389.00,18480.71,17969.04,141.00,34.98,35.41,209.36,163.07,46.29,76.14,TREND UP,,OVERBOUGHT,,0.34,7.09,22.47,0.00,TOP-WARNING,NO-NEW,0,
2023-07-05,19398.50,18513.81,17975.68,136.79,35.02,37.14,227.22,175.90,51.32,76.32,TREND UP,,OVERBOUGHT,,0.39,7.14,22.39,0.00,TOP-WARNING,NO-NEW,0,
2023-07-06,19497.30,18548.37,17983.15,136.96,31.71,38.98,246.51,190.02,56.48,78.23,TREND UP,,OVERBOUGHT,,0.90,7.69,23.41,0.00,TOP-WARNING,NO-NEW,0,
2023-07-07,19331.80,18578.73,17990.42,142.89,32.03,39.94,245.61,201.14,44.47,68.31,TREND UP,,NEUTRAL,,0.05,6.77,22.51,-0.85,ALL-ALIGN BULL,BUY,0,
2023-07-10,19355.90,18607.55,17999.55,140.45,31.02,40.83,244.02,209.72,34.31,68.93,TREND UP,,NEUTRAL,,0.17,6.91,22.88,-0.73,ALL-ALIGN BULL,BUY,0,
2023-07-11,19439.40,18635.04,18008.63,141.79,30.64,41.93,246.66,217.11,29.56,71.04,TREND UP,,OVERBOUGHT,,0.60,7.37,22.76,-0.30,ALL-ALIGN BULL,BUY,0,
2023-07-12,19384.30,18659.77,18016.48,142.09,31.87,42.44,241.52,221.99,19.54,67.77,TREND UP,,NEUTRAL,,0.32,7.06,22.60,-0.58,ALL-ALIGN BULL,BUY,0,
2023-07-13,19413.75,18686.25,18024.95,144.99,31.06,43.13,237.10,225.01,12.09,68.60,TREND UP,,NEUTRAL,,0.47,7.23,21.41,-0.43,ALL-ALIGN BULL,BUY,0,
2023-07-14,19564.50,18712.42,18034.63,147.60,30.94,43.88,242.95,228.60,14.35,72.51,TREND UP,,OVERBOUGHT,,1.25,8.06,21.27,0.00,TOP-WARNING,NO-NEW,0,
2023-07-17,19711.45,18745.27,18046.55,149.12,29.90,45.03,256.49,234.18,22.31,75.68,TREND UP,,OVERBOUGHT,,2.01,8.87,21.52,0.00,TOP-WARNING,NO-NEW,0,
2023-07-18,19749.25,18774.97,18060.21,147.71,32.03,46.35,267.19,240.78,26.41,76.44,TREND UP,,OVERBOUGHT,,2.21,9.08,21.79,0.00,TOP-WARNING,NO-NEW,0,
2023-07-19,19833.15,18806.31,18074.34,146.03,36.40,47.66,279.22,248.47,30.75,78.06,TREND UP,,OVERBOUGHT,,2.64,9.54,23.51,0.00,TOP-WARNING,NO-NEW,0,
2023-07-20,19979.15,18839.59,18089.94,152.27,39.80,49.21,297.11,258.20,38.92,80.57,TREND UP,,OVERBOUGHT,,3.40,10.35,25.13,0.00,TOP-WARNING,NO-NEW,0,
2023-07-21,19745.00,18868.55,18104.58,161.34,45.33,49.97,289.07,264.37,24.70,67.27,TREND UP,,NEUTRAL,,2.19,9.06,23.88,-1.17,ALL-ALIGN BULL,BUY,0,
2023-07-24,19672.35,18895.70,18117.47,158.70,45.37,50.19,273.67,266.23,7.44,63.76,TREND UP,,NEUTRAL,,1.81,8.66,22.58,-1.54,ALL-ALIGN BULL,BUY,0,
2023-07-25,19680.60,18921.34,18131.43,155.47,45.89,49.92,259.15,264.82,-5.66,63.99,TREND UP,CROSS_DOWN,NEUTRAL,,1.85,8.70,20.90,-1.49,ALL-ALIGN BULL,BUY,0,
2023-07-26,19778.30,18951.18,18143.95,154.72,45.98,50.03,252.61,262.38,-9.76,66.69,TREND UP,,NEUTRAL,,2.36,9.24,21.04,-1.01,ALL-ALIGN BULL,BUY,0,
2023-07-27,19659.90,18980.74,18155.59,162.52,48.01,48.96,235.17,256.93,-21.77,60.74,TREND UP,,NEUTRAL,,1.75,8.59,19.00,-1.60,ALL-ALIGN BULL,BUY,0,
2023-07-28,19646.05,19011.06,18167.25,160.40,50.42,47.58,217.72,249.09,-31.37,60.07,TREND UP,,NEUTRAL,,1.67,8.51,18.31,-1.67,ALL-ALIGN BULL,BUY,0,
2023-07-31,19753.80,19042.07,18179.81,161.45,50.68,46.67,210.16,241.30,-31.15,63.47,TREND UP,,NEUTRAL,,2.23,9.11,18.15,-1.13,ALL-ALIGN BULL,BUY,0,
2023-08-01,19733.55,19070.45,18193.56,156.42,51.27,45.95,200.22,233.09,-32.86,62.39,TREND UP,,NEUTRAL,,0.00,8.99,18.66,-1.23,ALL-ALIGN BULL,BUY,0,
2023-08-02,19526.55,19094.02,18205.58,167.39,55.71,42.93,173.65,221.20,-47.55,52.59,TREND UP,,NEUTRAL,,-1.05,7.85,18.46,-2.27,EARLY-UP,HOLD,0,
2023-08-03,19381.65,19115.95,18217.42,172.66,48.97,40.37,139.29,204.82,-65.53,47.02,TREND DOWN,,NEUTRAL,,-1.78,7.05,16.46,-2.99,BEAR,AVOID,0,
2023-08-04,19517.00,19139.86,18229.07,171.56,48.79,37.99,121.58,188.17,-66.59,52.12,TREND DOWN,,NEUTRAL,,-1.10,7.80,15.28,-2.31,BEAR,AVOID,0,
2023-08-07,19597.30,19161.82,18240.50,166.69,48.40,35.33,112.72,173.08,-60.36,54.90,TREND UP,,NEUTRAL,,-0.69,8.24,14.22,-1.91,EARLY-UP,HOLD,1,
2023-08-08,19570.85,19181.27,18250.92,162.02,48.05,32.95,102.39,158.94,-56.55,53.79,TREND UP,,NEUTRAL,,-0.82,8.09,12.87,-2.04,EARLY-UP,HOLD,0,
2023-08-09,19632.55,19201.24,18261.52,163.16,53.36,30.90,98.05,146.76,-48.71,56.02,TREND DOWN,,NEUTRAL,,-0.51,8.44,13.19,-1.73,BEAR,AVOID,0,
2023-08-10,19543.10,19221.42,18271.42,161.31,52.36,29.01,86.39,134.69,-48.29,52.10,TREND DOWN,,NEUTRAL,,-0.97,7.94,12.39,-2.18,BEAR,AVOID,0,
2023-08-11,19428.30,19240.23,18280.68,160.14,52.70,27.82,67.12,121.18,-54.05,47.51,TREND DOWN,,NEUTRAL,,-1.55,7.31,11.77,-2.76,BEAR,AVOID,0,
2023-08-14,19434.55,19258.24,18289.20,163.56,51.75,27.61,51.76,107.29,-55.54,47.78,TREND DOWN,,NEUTRAL,,-1.52,7.34,11.71,-2.73,BEAR,AVOID,0,
2023-08-16,19465.00,19275.66,18298.24,163.70,52.08,27.27,41.56,94.14,-52.59,49.15,TREND DOWN,,NEUTRAL,,-1.36,7.51,11.07,-2.57,BEAR,AVOID,0,
2023-08-17,19365.25,19290.98,18306.38,161.92,54.82,26.96,25.13,80.34,-55.21,44.98,TREND DOWN,,NEUTRAL,,-1.87,6.96,10.44,-3.07,BEAR,AVOID,0,
2023-08-18,19310.15,19302.66,18314.00,158.94,54.30,27.09,7.59,65.79,-58.20,42.82,TREND DOWN,,NEUTRAL,,-2.15,6.65,9.35,-3.35,BEAR,AVOID,0,
2023-08-21,19393.60,19317.84,18320.90,156.85,53.54,26.70,0.41,52.71,-52.31,46.97,TREND DOWN,,NEUTRAL,,-1.72,7.12,9.58,-2.93,BEAR,AVOID,0,
2023-08-22,19396.45,19334.50,18327.16,150.08,62.29,26.16,-4.99,41.17,-46.17,47.12,TREND DOWN,,NEUTRAL,,-1.71,7.13,8.81,-2.92,BEAR,AVOID,0,
2023-08-23,19444.00,19351.35,18333.97,146.90,61.63,25.37,-5.37,31.86,-37.24,49.53,TREND DOWN,,NEUTRAL,,-1.47,7.39,8.36,-2.68,BEAR,AVOID,0,
2023-08-24,19386.70,19364.76,18340.64,151.79,61.14,23.62,-10.18,23.45,-33.64,46.76,CHOP,,NEUTRAL,,-1.76,7.08,7.96,-2.97,CHOP-DOWN,STAND-ASIDE,0,
2023-08-25,19265.80,19374.96,18346.38,152.17,58.89,23.00,-23.48,14.07,-37.55,41.48,CHOP,,NEUTRAL,,-2.37,6.41,8.49,-3.57,CHOP-DOWN,STAND-ASIDE,0,
2023-08-28,19306.05,19387.32,18351.89,149.66,59.15,22.18,-30.42,5.17,-35.59,43.76,CHOP,,NEUTRAL,,-2.17,6.63,10.38,-3.37,CHOP-DOWN,STAND-ASIDE,0,
2023-08-29,19342.65,19397.65,18357.82,144.11,58.58,21.33,-32.59,-2.38,-30.21,45.82,CHOP,,NEUTRAL,,-1.98,6.83,10.04,-3.19,CHOP-DOWN,STAND-ASIDE,0,
2023-08-30,19347.45,19409.49,18364.42,142.24,59.45,19.87,-33.53,-8.61,-24.92,46.10,CHOP,,NEUTRAL,,-1.96,6.86,9.90,-3.16,CHOP-DOWN,STAND-ASIDE,0,
2023-08-31,19253.80,19418.23,18368.94,143.84,63.32,19.35,-41.36,-15.16,-26.20,41.60,CHOP,,NEUTRAL,,-2.43,6.34,9.88,-3.63,CHOP-DOWN,STAND-ASIDE,0,
2023-09-01,19435.30,19429.80,18374.47,148.19,64.49,18.27,-32.55,-18.64,-13.91,51.49,CHOP,,NEUTRAL,,0.00,7.35,10.69,-2.72,CHOP-MID,STAND-ASIDE,0,
2023-09-04,19528.80,19444.95,18380.10,145.63,62.61,17.34,-17.81,-18.47,0.66,55.66,CHOP,CROSS_UP,NEUTRAL,,0.48,7.86,12.80,-2.25,CHOP-UP,WATCH,0,
2023-09-05,19574.90,19463.14,18385.92,139.60,60.18,16.77,-2.38,-15.26,12.87,57.59,CHOP,,NEUTRAL,,0.72,8.12,10.22,-2.02,CHOP-UP,WATCH,0,
2023-09-06,19611.05,19481.54,18392.26,139.98,55.48,16.60,12.61,-9.68,22.29,59.10,CHOP,,NEUTRAL,,0.90,8.32,11.79,-1.84,CHOP-UP,WATCH,0,
2023-09-07,19727.05,19499.73,18399.36,143.34,48.61,17.08,33.47,-1.05,34.52,63.57,RANGE,,NEUTRAL,,1.50,8.96,12.47,-1.26,CHOP-UP,WATCH,0,
2023-09-08,19819.95,19516.69,18407.66,143.11,40.26,18.23,56.84,10.53,46.32,66.71,RANGE,,NEUTRAL,,1.98,9.47,12.19,-0.80,CHOP-UP,WATCH,0,
2023-09-11,19996.35,19532.83,18416.42,146.33,35.23,19.92,88.58,26.14,62.44,71.70,RANGE,,OVERBOUGHT,,2.89,10.44,13.26,0.00,CHOP-UP,WATCH,0,
2023-09-12,19993.20,19546.25,18425.05,149.85,32.28,21.88,112.18,43.35,68.84,71.49,RANGE,,OVERBOUGHT,,2.87,10.43,13.44,-0.02,STRONG-FLOW,BUY,0,
2023-09-13,20070.00,19559.87,18432.98,150.07,31.12,23.69,135.52,61.78,73.74,73.49,RANGE,,OVERBOUGHT,,3.27,10.85,12.76,0.00,TOP-WARNING,NO-NEW,0,
2023-09-14,20103.10,19573.96,18440.93,148.22,28.12,25.64,154.91,80.41,74.50,74.33,TREND UP,,OVERBOUGHT,,3.44,11.03,12.73,0.00,TOP-WARNING,NO-NEW,1,
2023-09-15,20192.35,19587.86,18449.08,146.16,26.03,27.64,175.45,99.42,76.03,76.48,TREND UP,,OVERBOUGHT,,3.90,11.53,12.58,0.00,TOP-WARNING,NO-NEW,0,
2023-09-18,20133.30,19603.89,18456.65,141.41,26.17,29.33,184.83,116.50,68.33,72.17,TREND UP,,OVERBOUGHT,,3.59,11.20,11.42,-0.29,TOP-WARNING,NO-NEW,0,
2023-09-20,19901.40,19614.80,18462.37,149.48,28.68,28.61,171.58,127.51,44.06,58.27,TREND UP,,NEUTRAL,,2.40,9.92,10.54,-1.44,ALL-ALIGN BULL,BUY,0,
2023-09-21,19742.35,19620.86,18467.02,152.48,30.40,26.75,146.55,131.32,15.23,51.01,TREND UP,,NEUTRAL,,1.58,9.04,10.43,-2.23,EARLY-UP,HOLD,0,
2023-09-22,19674.25,19626.66,18471.91,151.67,36.93,24.98,119.84,129.02,-9.19,48.24,RANGE,CROSS_DOWN,NEUTRAL,,1.23,8.67,12.23,-2.57,CHOP-MID,STAND-ASIDE,0,
2023-09-25,19674.55,19631.87,18476.78,150.31,40.22,23.68,97.57,122.73,-25.16,48.26,RANGE,,NEUTRAL,,1.23,8.67,11.65,-2.56,CHOP-DOWN,STAND-ASIDE,0,
2023-09-26,19664.70,19633.88,18481.88,143.99,40.23,22.48,78.22,113.83,-35.61,47.82,RANGE,,NEUTRAL,,1.18,8.61,10.38,-2.61,CHOP-DOWN,STAND-ASIDE,0,
2023-09-27,19716.45,19633.98,18487.66,146.33,43.96,21.88,66.30,104.33,-38.02,50.36,RANGE,,NEUTRAL,,1.45,8.90,11.28,-2.36,CHOP-DOWN,STAND-ASIDE,0,
2023-09-28,19523.55,19629.46,18492.24,155.49,42.34,21.68,40.82,91.63,-50.80,42.14,RANGE,,NEUTRAL,,0.45,7.83,10.74,-3.31,CHOP-DOWN,STAND-ASIDE,0,
2023-09-29,19638.30,19625.57,18497.94,158.86,43.39,21.49,29.55,79.21,-49.66,47.62,RANGE,,NEUTRAL,,1.04,8.47,13.34,-2.74,CHOP-DOWN,STAND-ASIDE,0,
2023-10-03,19528.75,19616.56,18503.10,158.84,42.26,21.74,11.64,65.69,-54.06,43.39,RANGE,,NEUTRAL,,0.00,7.86,14.76,-3.29,CHOP-DOWN,STAND-ASIDE,0,
2023-10-04,19436.10,19610.38,18507.24,161.44,35.45,22.71,-9.92,50.57,-60.49,40.15,RANGE,,NEUTRAL,,-0.47,7.35,14.28,-3.75,CHOP-DOWN,STAND-ASIDE,0,
2023-10-05,19545.75,19607.85,18511.67,159.97,35.25,22.57,-17.95,36.87,-54.82,45.35,RANGE,,NEUTRAL,,0.09,7.96,15.94,-3.20,CHOP-DOWN,STAND-ASIDE,0,
2023-10-06,19653.50,19607.31,18517.86,157.83,35.35,21.68,-15.44,26.41,-41.84,49.96,RANGE,,NEUTRAL,,0.64,8.55,16.86,-2.67,CHOP-DOWN,STAND-ASIDE,0,
2023-10-09,19512.35,19601.99,18524.08,158.91,37.41,21.45,-24.56,16.21,-40.77,44.65,RANGE,,NEUTRAL,,-0.08,7.77,14.15,-3.37,CHOP-DOWN,STAND-ASIDE,0,
2023-10-10,19689.85,19602.59,18530.43,162.23,46.38,20.34,-17.26,9.52,-26.78,51.61,RANGE,,NEUTRAL,,0.82,8.75,16.60,-2.49,CHOP-DOWN,STAND-ASIDE,0,
2023-10-11,19811.35,19605.89,18537.56,161.31,57.24,19.21,-1.65,7.28,-8.94,55.72,CHOP,,NEUTRAL,,1.45,9.42,14.69,-1.89,CHOP-MID,STAND-ASIDE,0,
2023-10-12,19794.00,19606.70,18545.53,154.84,55.63,18.19,9.21,7.67,1.54,55.00,CHOP,CROSS_UP,NEUTRAL,,1.36,9.33,14.21,-1.97,CHOP-UP,WATCH,0,
2023-10-13,19751.05,19607.05,18553.65,155.93,56.12,17.40,14.19,8.97,5.21,53.18,CHOP,,NEUTRAL,,1.14,9.09,14.07,-2.19,CHOP-UP,WATCH,0,
2023-10-16,19731.75,19611.15,18563.27,151.18,55.39,16.66,16.38,10.45,5.93,52.34,CHOP,,NEUTRAL,,1.04,8.98,14.45,-2.28,CHOP-UP,WATCH,0,
2023-10-17,19811.50,19619.75,18572.26,148.81,55.87,15.49,24.28,13.22,11.06,55.47,CHOP,,NEUTRAL,,1.45,9.42,16.65,-1.89,CHOP-UP,WATCH,0,
2023-10-18,19671.10,19622.83,18579.95,151.11,55.94,15.14,18.99,14.37,4.62,49.32,CHOP,,NEUTRAL,,0.73,8.65,14.88,-2.58,CHOP-MID,STAND-ASIDE,0,
2023-10-19,19624.70,19623.38,18587.46,152.42,54.13,15.58,10.93,13.69,-2.75,47.45,RANGE,CROSS_DOWN,NEUTRAL,,0.49,8.39,15.34,-2.81,CHOP-MID,STAND-ASIDE,0,
2023-10-20,19542.65,19622.81,18594.22,149.10,52.39,16.00,-2.05,10.54,-12.59,44.25,RANGE,,NEUTRAL,,0.07,7.94,13.71,-3.22,CHOP-DOWN,STAND-ASIDE,0,
2023-10-23,19281.75,19615.80,18600.10,159.81,49.70,17.51,-33.02,1.83,-34.84,35.95,RANGE,,NEUTRAL,,-1.26,6.50,11.38,-4.51,WEAK,NO-BUY,0,
2023-10-25,19122.15,19607.38,18604.73,167.91,40.78,19.50,-69.63,-12.46,-57.17,32.00,RANGE,,NEUTRAL,,-2.08,5.62,9.35,-5.30,WEAK,NO-BUY,0,
2023-10-26,18857.25,19595.96,18607.85,176.22,33.02,21.96,-118.66,-33.70,-84.95,26.74,RANGE,,OVERSOLD,,-3.44,4.15,7.68,-6.61,WEAK,NO-BUY,0,
2023-10-27,19047.25,19588.21,18612.87,179.27,34.39,23.97,-140.56,-55.07,-85.48,34.99,RANGE,,NEUTRAL,,-2.47,5.20,8.45,-5.67,WEAK,NO-BUY,0,
2023-10-30,19140.90,19581.73,18618.62,182.07,35.07,25.23,-148.64,-73.79,-74.86,38.66,TREND DOWN,,NEUTRAL,,-1.99,5.72,8.90,-5.21,BEAR,AVOID,0,
2023-10-31,19079.60,19576.02,18624.72,181.73,34.65,25.86,-158.17,-90.66,-67.51,37.18,TREND DOWN,,NEUTRAL,,-2.30,5.38,7.61,-5.51,BEAR,AVOID,0,
2023-11-01,18989.15,19569.60,18629.16,177.49,34.24,26.72,-171.05,-106.74,-64.31,35.05,TREND DOWN,,NEUTRAL,,0.00,4.88,7.55,-5.96,BEAR,AVOID,0,
2023-11-02,19133.25,19564.39,18635.25,178.10,35.96,26.95,-167.70,-118.93,-48.77,40.86,TREND DOWN,,NEUTRAL,,0.76,5.68,7.87,-5.25,BEAR,AVOID,0,
2023-11-03,19230.60,19561.07,18641.93,175.59,35.56,26.48,-155.40,-126.23,-29.17,44.48,TREND DOWN,,NEUTRAL,,1.27,6.22,8.12,-4.76,BEAR,AVOID,0,
2023-11-06,19411.75,19560.43,18649.70,176.79,37.04,25.16,-129.54,-126.89,-2.65,50.53,TREND DOWN,,NEUTRAL,,2.23,7.22,7.77,-3.87,BEAR,AVOID,0,
2023-11-07,19406.70,19560.83,18656.95,170.91,37.04,23.93,-108.20,-123.15,14.95,50.37,RANGE,CROSS_UP,NEUTRAL,,2.20,7.19,6.95,-3.89,CHOP-MID,STAND-ASIDE,0,
2023-11-08,19443.50,19564.38,18664.69,163.19,41.87,22.54,-87.32,-115.98,28.67,51.61,RANGE,,NEUTRAL,,2.39,7.39,7.52,-3.71,CHOP-MID,STAND-ASIDE,0,
2023-11-09,19395.30,19566.17,18671.40,157.65,44.77,21.38,-73.80,-107.55,33.74,49.85,RANGE,,NEUTRAL,,2.14,7.12,7.44,-3.95,CHOP-MID,STAND-ASIDE,0,
2023-11-10,19425.35,19567.82,18677.70,155.09,46.91,20.58,-59.98,-98.03,38.06,50.97,RANGE,,NEUTRAL,,2.30,7.29,7.22,-3.80,CHOP-MID,STAND-ASIDE,0,
2023-11-13,19443.55,19569.74,18684.38,149.70,46.84,19.54,-47.01,-87.83,40.82,51.68,RANGE,,NEUTRAL,,2.39,7.39,6.82,-3.71,CHOP-MID,STAND-ASIDE,0,
2023-11-15,19675.45,19578.18,18692.62,156.84,36.43,18.93,-17.82,-73.83,56.01,59.63,RANGE,,NEUTRAL,,3.61,8.67,8.36,-2.56,CHOP-UP,WATCH,0,
2023-11-16,19765.20,19584.77,18700.85,163.37,31.89,19.23,12.42,-56.58,69.00,62.23,RANGE,,NEUTRAL,,4.09,9.17,9.63,-2.12,CHOP-UP,WATCH,0,
2023-11-17,19731.80,19588.83,18708.92,161.60,31.02,19.51,33.30,-38.60,71.90,60.66,RANGE,,NEUTRAL,,3.91,8.98,7.53,-2.28,CHOP-UP,WATCH,0,
2023-11-20,19694.00,19591.22,18717.93,156.19,29.96,19.76,46.27,-21.63,67.90,58.86,RANGE,,NEUTRAL,,3.71,8.77,7.45,-2.47,CHOP-UP,WATCH,0,
2023-11-21,19783.40,19594.66,18728.82,154.69,29.15,20.35,63.03,-4.70,67.73,61.75,RANGE,,NEUTRAL,,4.18,9.27,7.50,-2.03,STRONG-FLOW,BUY,0,
2023-11-22,19811.85,19596.36,18739.64,152.33,33.14,20.49,77.71,11.78,65.93,62.65,RANGE,,NEUTRAL,,4.33,9.43,7.62,-1.88,STRONG-FLOW,BUY,0,
2023-11-23,19802.00,19596.00,18750.34,147.76,38.75,20.87,87.55,26.94,60.61,62.11,RANGE,,NEUTRAL,,4.28,9.37,7.95,-1.93,STRONG-FLOW,BUY,0,
2023-11-24,19794.70,19591.97,18761.23,141.78,43.20,21.06,93.67,40.28,53.39,61.68,RANGE,,NEUTRAL,,4.24,9.33,8.12,-1.97,STRONG-FLOW,BUY,0,
2023-11-28,19889.70,19589.90,18772.62,140.38,40.20,21.69,104.98,53.22,51.76,65.06,RANGE,,NEUTRAL,,4.74,9.86,9.53,-1.50,CHOP-UP,WATCH,0,
2023-11-29,20096.60,19590.43,18783.84,145.71,32.31,23.09,129.15,68.41,60.74,71.04,RANGE,,OVERBOUGHT,,5.83,11.00,10.15,-0.47,CHOP-UP,WATCH,0,
2023-11-30,20133.15,19591.03,18795.68,145.50,31.39,24.59,149.53,84.63,64.90,71.95,RANGE,,OVERBOUGHT,,6.02,11.20,10.21,-0.29,CHOP-UP,WATCH,0,
2023-12-01,20267.90,19592.54,18808.41,146.42,27.18,26.44,174.54,102.62,71.93,75.07,TREND UP,,OVERBOUGHT,,0.00,11.94,9.65,0.00,TOP-WARNING,NO-NEW,1,
2023-12-04,20686.80,19603.61,18822.49,167.02,21.71,29.13,225.57,127.21,98.36,81.84,TREND UP,,OVERBOUGHT,,2.07,14.26,11.74,0.00,TOP-WARNING,NO-NEW,0,
2023-12-05,20855.10,19622.68,18837.30,167.75,23.40,31.89,276.40,157.04,119.35,83.75,TREND UP,,OVERBOUGHT,,2.90,15.19,12.35,0.00,TOP-WARNING,NO-NEW,0,
2023-12-06,20937.70,19646.59,18852.70,163.61,19.65,34.60,319.66,189.57,130.09,84.60,TREND UP,,OVERBOUGHT,,3.30,15.64,12.46,0.00,TOP-WARNING,NO-NEW,0,
2023-12-07,20901.15,19671.13,18868.35,158.38,18.05,37.11,347.00,221.05,125.95,82.53,TREND UP,,OVERBOUGHT,,3.12,15.44,11.42,-0.17,TOP-WARNING,NO-NEW,0,
2023-12-08,20969.40,19697.03,18883.55,157.31,16.95,39.53,369.91,250.82,119.08,83.35,TREND UP,,OVERBOUGHT,,3.46,15.82,11.47,0.00,TOP-WARNING,NO-NEW,0,
2023-12-11,20997.10,19723.67,18898.46,153.39,17.63,41.82,385.85,277.83,108.02,83.69,TREND UP,,OVERBOUGHT,,3.60,15.97,12.31,0.00,TOP-WARNING,NO-NEW,0,
2023-12-12,20906.40,19747.47,18912.81,154.63,17.93,43.40,386.71,299.61,87.10,78.15,TREND UP,,OVERBOUGHT,,3.15,15.47,11.79,-0.43,TOP-WARNING,NO-NEW,0,
2023-12-13,20926.35,19775.53,18927.72,156.48,20.85,43.98,384.57,316.60,67.97,78.49,TREND UP,,OVERBOUGHT,,3.25,15.58,12.25,-0.34,TOP-WARNING,NO-NEW,0,
2023-12-14,21182.70,19806.42,18944.41,165.63,19.24,45.13,398.95,333.07,65.88,82.27,TREND UP,,OVERBOUGHT,,4.51,17.00,14.13,0.00,TOP-WARNING,NO-NEW,0,
2023-12-15,21456.65,19844.98,18962.56,175.91,16.88,46.70,427.53,351.96,75.57,85.26,TREND UP,,OVERBOUGHT,,5.87,18.51,15.30,0.00,TOP-WARNING,NO-NEW,0,
2023-12-18,21418.65,19884.63,18981.88,171.74,20.48,48.15,442.02,369.97,72.05,83.16,TREND UP,,OVERBOUGHT,,5.68,18.30,15.80,-0.18,TOP-WARNING,NO-NEW,0,
2023-12-19,21453.10,19922.77,19001.59,171.42,20.96,49.27,451.08,386.20,64.89,83.56,TREND UP,,OVERBOUGHT,,5.85,18.49,15.98,-0.02,TOP-WARNING,NO-NEW,0,
2023-12-20,21150.15,19952.71,19020.01,195.29,28.02,48.46,428.88,394.73,34.14,68.41,TREND UP,,NEUTRAL,,4.35,16.82,13.66,-1.43,ALL-ALIGN BULL,BUY,0,
2023-12-21,21255.05,19987.56,19039.33,203.60,39.84,47.02,414.96,398.78,16.18,70.41,TREND UP,,OVERBOUGHT,,4.87,17.40,13.91,-0.94,ALL-ALIGN BULL,BUY,0,
2023-12-22,21349.40,20020.75,19059.55,200.34,44.17,46.01,406.85,400.39,6.46,72.12,TREND UP,,OVERBOUGHT,,5.34,17.92,15.94,-0.50,TOP-WARNING,NO-NEW,0,
2023-12-26,21441.35,20053.35,19079.51,196.58,46.36,45.34,403.20,400.95,2.24,73.71,TREND UP,,OVERBOUGHT,,5.79,18.43,17.36,-0.07,TOP-WARNING,NO-NEW,0,
2023-12-27,21654.75,20090.57,19101.17,199.28,44.38,45.28,412.76,403.31,9.45,77.00,TREND UP,,OVERBOUGHT,,6.84,19.60,17.56,0.00,TOP-WARNING,NO-NEW,0,
2023-12-28,21778.70,20131.12,19122.09,195.53,40.18,45.52,425.44,407.74,17.70,78.67,TREND UP,,OVERBOUGHT,BEAR_DIV,7.45,20.29,18.46,0.00,TOP-WARNING,NO-NEW,0,
2023-12-29,21731.40,20171.11,19142.19,188.83,39.65,45.73,426.75,411.54,15.21,76.39,TREND UP,,OVERBOUGHT,,7.22,20.03,19.41,-0.22,TOP-WARNING,NO-NEW,0,
2024-01-01,21741.90,20209.72,19162.13,186.31,39.12,46.09,423.76,413.99,9.77,76.55,TREND UP,,OVERBOUGHT,,0.00,0.05,19.94,-0.17,TOP-WARNING,NO-NEW,0,
2024-01-02,21665.80,20249.62,19182.51,187.28,39.48,45.53,410.51,413.29,-2.78,72.66,TREND UP,CROSS_DOWN,OVERBOUGHT,,-0.35,-0.30,21.67,-0.52,TOP-WARNING,NO-NEW,0,
2024-01-03,21517.35,20287.47,19203.03,186.52,47.64,44.63,383.61,407.35,-23.75,65.63,TREND UP,,NEUTRAL,,-1.03,-0.98,19.44,-1.20,ALL-ALIGN BULL,BUY,0,
2024-01-04,21658.60,20329.79,19225.55,185.22,46.15,43.82,369.43,399.77,-30.34,68.73,TREND UP,,NEUTRAL,,-0.38,-0.34,19.45,-0.55,ALL-ALIGN BULL,BUY,0,
2024-01-05,21710.80,20378.37,19248.89,180.59,43.59,43.30,358.27,391.47,-33.20,69.81,TREND UP,,NEUTRAL,,-0.14,-0.09,19.80,-0.31,ALL-ALIGN BULL,BUY,0,
2024-01-08,21513.00,20426.19,19271.59,187.05,45.68,41.84,329.67,379.11,-49.44,61.17,TREND UP,,NEUTRAL,,-1.05,-1.00,18.26,-1.22,ALL-ALIGN BULL,BUY,0,
2024-01-09,21544.85,20479.94,19294.39,188.80,46.26,40.49,306.05,364.50,-58.45,61.99,TREND UP,,NEUTRAL,,-0.91,-0.86,19.00,-1.07,ALL-ALIGN BULL,BUY,0,
2024-01-10,21618.70,20531.37,19316.98,189.11,41.95,38.74,289.94,349.59,-59.65,63.88,TREND UP,,NEUTRAL,,-0.57,-0.52,18.80,-0.73,ALL-ALIGN BULL,BUY,0,
2024-01-11,21647.20,20581.49,19340.28,185.08,52.66,37.53,276.29,334.93,-58.64,64.62,TREND UP,,NEUTRAL,,-0.44,-0.39,18.73,-0.60,ALL-ALIGN BULL,BUY,0,
2024-01-12,21894.55,20637.79,19364.21,191.94,54.74,37.24,282.18,324.38,-42.20,70.26,TREND UP,,OVERBOUGHT,,0.70,0.75,21.35,0.00,ALL-ALIGN BULL,BUY,0,
2024-01-15,22097.45,20699.96,19388.94,194.02,51.73,37.59,299.76,319.45,-19.69,73.93,TREND UP,,OVERBOUGHT,BEAR_DIV,1.64,1.68,22.82,0.00,TOP-WARNING,NO-NEW,0,
2024-01-16,22032.30,20757.94,19413.72,191.18,50.07,37.94,304.93,316.55,-11.62,70.90,TREND UP,,OVERBOUGHT,,1.34,1.38,23.36,-0.29,ALL-ALIGN BULL,BUY,0,
2024-01-17,21571.95,20804.76,19436.85,211.94,54.78,35.71,268.77,306.99,-38.22,54.06,TREND UP,,NEUTRAL,,-0.78,-0.73,19.17,-2.38,EARLY-UP,HOLD,0,
2024-01-18,21462.25,20845.77,19459.24,217.26,48.95,33.79,228.64,291.32,-62.69,50.95,TREND DOWN,,NEUTRAL,,-1.29,-1.24,19.81,-2.87,BEAR,AVOID,0,
2024-01-19,21622.40,20890.09,19482.59,216.63,49.62,31.44,207.36,274.53,-67.17,55.02,TREND DOWN,,NEUTRAL,,-0.55,-0.50,20.82,-2.15,BEAR,AVOID,0,
2024-01-23,21238.80,20925.99,19503.38,240.98,49.77,30.57,157.72,251.17,-93.44,45.33,TREND DOWN,,NEUTRAL,,-2.31,-2.27,18.93,-3.89,BEAR,AVOID,0,
2024-01-24,21453.95,20967.17,19523.85,248.42,49.38,29.93,134.20,227.78,-93.57,50.58,TREND DOWN,,NEUTRAL,,-1.32,-1.28,19.48,-2.91,BEAR,AVOID,0,
2024-01-25,21352.60,21005.71,19543.62,245.82,49.83,29.33,106.16,203.45,-97.29,48.23,TREND DOWN,,NEUTRAL,,-1.79,-1.74,19.32,-3.37,BEAR,AVOID,0,
2024-01-29,21737.60,21051.59,19564.53,257.59,52.71,27.46,113.69,185.50,-71.81,56.51,TREND DOWN,,NEUTRAL,,-0.02,0.03,20.41,-1.63,BEAR,AVOID,0,
2024-01-30,21522.10,21088.53,19584.14,261.43,53.09,25.53,101.11,168.62,-67.52,51.54,TREND DOWN,,NEUTRAL,,-1.01,-0.96,18.48,-2.60,BEAR,AVOID,0,
2024-01-31,21725.70,21127.74,19604.65,263.65,53.85,23.94,106.33,156.16,-49.83,55.52,RANGE,,NEUTRAL,,-0.07,-0.03,19.98,-1.68,CHOP-DOWN,STAND-ASIDE,0,
2024-02-01,21697.45,21167.05,19624.52,257.26,53.68,22.37,106.97,146.32,-39.36,54.84,RANGE,,NEUTRAL,,0.00,-0.16,20.36,-1.81,CHOP-DOWN,STAND-ASIDE,0,
2024-02-02,21853.80,21210.25,19644.73,269.55,56.24,21.96,118.71,140.80,-22.09,57.89,CHOP,,NEUTRAL,,0.72,0.56,20.62,-1.10,CHOP-DOWN,STAND-ASIDE,0,
2024-02-05,21771.70,21250.01,19664.45,267.25,55.86,21.24,120.02,136.64,-16.63,55.76,CHOP,,NEUTRAL,,0.34,0.19,20.16,-1.47,CHOP-DOWN,STAND-ASIDE,0,
2024-02-06,21929.40,21292.36,19685.56,263.43,55.80,20.57,132.25,135.77,-3.52,58.88,CHOP,,NEUTRAL,,1.07,0.91,22.57,-0.76,CHOP-MID,STAND-ASIDE,0,
2024-02-07,21930.50,21334.93,19706.91,258.41,56.14,20.31,140.41,136.69,3.72,58.90,CHOP,CROSS_UP,NEUTRAL,,1.07,0.92,24.57,-0.76,STRONG-FLOW,BUY,0,
2024-02-08,21717.95,21373.40,19727.41,264.65,54.93,19.17,128.25,135.01,-6.75,53.06,RANGE,CROSS_DOWN,NEUTRAL,,0.09,-0.06,23.06,-1.72,CHOP-MID,STAND-ASIDE,0,
2024-02-09,21782.50,21411.25,19748.20,258.22,53.91,17.96,122.41,132.49,-10.07,54.53,RANGE,,NEUTRAL,,0.39,0.24,23.33,-1.43,CHOP-MID,STAND-ASIDE,0,
2024-02-12,21616.05,21441.64,19768.16,258.13,54.36,16.77,103.17,126.62,-23.46,50.15,RANGE,,NEUTRAL,,-0.38,-0.53,22.70,-2.18,CHOP-DOWN,STAND-ASIDE,0,
2024-02-13,21743.25,21473.84,19788.16,255.65,51.18,15.79,97.06,120.71,-23.65,53.24,RANGE,,NEUTRAL,,0.21,0.05,23.47,-1.60,CHOP-DOWN,STAND-ASIDE,0,
2024-02-14,21840.05,21505.29,19808.51,261.72,55.60,14.93,98.89,116.35,-17.46,55.50,CHOP,,NEUTRAL,,0.66,0.50,22.33,-1.16,CHOP-DOWN,STAND-ASIDE,0,
2024-02-15,21910.75,21529.77,19829.00,254.39,63.88,14.51,104.84,114.04,-9.21,57.13,CHOP,,NEUTRAL,,0.98,0.83,23.34,-0.84,CHOP-MID,STAND-ASIDE,0,
2024-02-16,22040.70,21553.48,19849.63,247.50,62.31,14.60,118.67,114.97,3.70,60.03,CHOP,CROSS_UP,NEUTRAL,,1.58,1.42,24.37,-0.26,CHOP-UP,WATCH,0,
2024-02-19,22122.25,21577.17,19869.91,241.65,57.49,15.15,134.66,118.91,15.75,61.78,CHOP,,NEUTRAL,,1.96,1.80,23.78,0.00,CHOP-UP,WATCH,0,
2024-02-20,22196.95,21603.09,19890.16,236.51,58.88,15.76,151.61,125.45,26.16,63.36,CHOP,,NEUTRAL,,2.30,2.14,24.05,0.00,CHOP-UP,WATCH,0,
2024-02-21,22055.05,21624.80,19909.99,237.58,57.95,16.03,151.84,130.72,21.12,58.42,CHOP,,NEUTRAL,,1.65,1.49,23.51,-0.64,CHOP-UP,WATCH,0,
2024-02-22,22217.45,21649.21,19929.80,247.55,57.18,15.55,163.25,137.23,26.02,62.07,CHOP,,NEUTRAL,,2.40,2.24,25.02,0.00,CHOP-UP,WATCH,0,
2024-02-23,22212.70,21675.33,19950.51,237.83,53.40,15.32,169.95,143.77,26.17,61.89,RANGE,,NEUTRAL,,2.37,2.21,23.89,-0.02,CHOP-UP,WATCH,0,
2024-02-26,22122.05,21699.25,19969.80,230.67,52.47,14.45,166.03,148.22,17.80,58.58,RANGE,,NEUTRAL,,1.96,1.80,22.79,-0.43,CHOP-UP,WATCH,0,
2024-02-27,22198.35,21719.56,19989.46,223.66,51.71,13.74,167.15,152.01,15.14,60.50,RANGE,,NEUTRAL,,2.31,2.15,23.08,-0.09,CHOP-UP,WATCH,0,
2024-02-28,21951.15,21729.45,20007.64,230.06,51.30,13.36,146.41,150.89,-4.48,52.08,RANGE,CROSS_DOWN,NEUTRAL,,1.17,1.01,22.33,-1.20,CHOP-MID,STAND-ASIDE,0,
2024-02-29,21982.80,21740.73,20026.07,227.91,51.63,13.28,131.01,146.91,-15.90,52.98,RANGE,,NEUTRAL,,1.32,1.16,23.19,-1.06,CHOP-DOWN,STAND-ASIDE,0,
2024-03-01,22338.75,21758.44,20046.19,238.09,50.37,12.99,145.85,146.70,-0.85,61.71,RANGE,,NEUTRAL,,0.00,2.79,25.31,0.00,CHOP-UP,WATCH,0,
2024-03-04,22405.60,21783.55,20066.23,228.38,45.03,13.10,161.15,149.59,11.56,63.10,RANGE,CROSS_UP,NEUTRAL,,0.30,3.10,27.64,0.00,CHOP-UP,WATCH,0,
2024-03-05,22356.30,21805.58,20086.58,222.62,55.51,12.71,167.36,153.14,14.22,61.33,CHOP,,NEUTRAL,,0.08,2.88,27.67,-0.22,CHOP-UP,WATCH,0,
2024-03-06,22474.05,21828.07,20108.04,226.21,57.59,12.71,179.72,158.46,21.26,63.93,CHOP,,NEUTRAL,,0.61,3.42,28.67,0.00,CHOP-UP,WATCH,0,
2024-03-07,22493.55,21849.12,20129.86,216.89,55.11,12.84,188.90,164.55,24.36,64.35,CHOP,,NEUTRAL,,0.69,3.51,29.33,0.00,CHOP-UP,WATCH,0,
2024-03-11,22332.65,21862.67,20150.50,217.06,55.77,12.25,181.11,167.86,13.25,58.24,CHOP,,NEUTRAL,,-0.03,2.77,29.06,-0.72,CHOP-UP,WATCH,0,
2024-03-12,22335.70,21873.81,20170.61,215.60,56.12,11.41,173.19,168.93,4.26,58.32,CHOP,,NEUTRAL,,-0.01,2.78,27.99,-0.70,CHOP-UP,WATCH,0,
2024-03-13,21997.70,21879.14,20188.86,238.85,59.69,12.11,138.05,162.75,-24.70,47.38,CHOP,CROSS_DOWN,NEUTRAL,,-1.53,1.23,26.99,-2.20,CHOP-DOWN,STAND-ASIDE,0,
2024-03-14,22146.65,21887.23,20208.16,242.29,58.61,12.76,120.82,154.36,-33.54,51.68,CHOP,,NEUTRAL,,-0.86,1.91,25.87,-1.54,CHOP-DOWN,STAND-ASIDE,0,
2024-03-15,22023.35,21894.39,20226.67,240.34,59.85,13.37,96.11,142.71,-46.60,48.17,CHOP,,NEUTRAL,,-1.41,1.34,24.35,-2.09,CHOP-DOWN,STAND-ASIDE,0,
2024-03-18,22055.70,21905.15,20244.46,237.97,60.66,13.99,78.24,129.82,-51.58,49.14,CHOP,,NEUTRAL,,-1.27,1.49,24.23,-1.95,CHOP-DOWN,STAND-ASIDE,0,
2024-03-19,21817.45,21908.33,20260.55,239.73,58.46,15.09,44.34,112.72,-68.39,42.76,CHOP,,NEUTRAL,,-2.33,0.40,24.04,-3.01,CHOP-DOWN,STAND-ASIDE,0,
2024-03-20,21839.10,21910.90,20276.58,238.37,53.36,16.42,19.00,93.98,-74.98,43.48,RANGE,,NEUTRAL,,-2.24,0.50,25.42,-2.91,CHOP-DOWN,STAND-ASIDE,0,
2024-03-21,22011.95,21920.87,20293.96,238.62,53.84,16.62,12.72,77.73,-65.01,48.98,RANGE,,NEUTRAL,,-1.46,1.29,28.32,-2.14,CHOP-DOWN,STAND-ASIDE,0,
2024-03-22,22096.75,21931.91,20312.01,242.82,53.01,16.19,14.42,65.06,-50.65,51.48,RANGE,,NEUTRAL,,-1.08,1.68,29.65,-1.76,CHOP-DOWN,STAND-ASIDE,0,
2024-03-26,22004.70,21939.63,20329.36,236.13,53.54,15.79,8.24,53.70,-45.46,48.70,RANGE,,NEUTRAL,,-1.50,1.26,29.65,-2.17,CHOP-DOWN,STAND-ASIDE,0,
2024-03-27,22123.65,21949.16,20347.01,232.76,54.01,14.69,12.80,45.52,-32.72,52.29,RANGE,,NEUTRAL,,-0.96,1.80,30.25,-1.64,CHOP-DOWN,STAND-ASIDE,0,
2024-03-28,22326.90,21957.81,20365.65,244.16,55.32,15.11,32.44,42.90,-10.47,57.74,CHOP,,NEUTRAL,,-0.05,2.74,30.57,-0.74,CHOP-MID,STAND-ASIDE,0,
2024-04-01,22462.00,21965.10,20384.33,241.22,56.30,15.56,58.23,45.97,12.26,60.93,CHOP,CROSS_UP,NEUTRAL,,0.00,3.36,32.22,-0.14,CHOP-UP,WATCH,0,
2024-04-02,22453.30,21973.52,20403.42,231.81,55.13,15.72,77.08,52.19,24.89,60.62,CHOP,,NEUTRAL,,-0.04,3.32,31.25,-0.18,CHOP-UP,WATCH,0,
2024-04-03,22434.65,21990.77,20422.78,227.72,54.90,15.61,89.48,59.65,29.83,59.89,RANGE,,NEUTRAL,,-0.12,3.24,30.80,-0.26,CHOP-UP,WATCH,0,
2024-04-04,22514.65,22011.82,20442.34,233.97,48.45,15.96,104.56,68.63,35.93,61.98,RANGE,,NEUTRAL,,0.23,3.60,31.84,0.00,CHOP-UP,WATCH,0,
2024-04-05,22513.70,22029.65,20461.33,225.11,46.34,16.28,115.11,77.93,37.18,61.94,RANGE,,NEUTRAL,,0.23,3.60,32.86,-0.00,CHOP-UP,WATCH,0,
2024-04-08,22666.30,22058.20,20480.88,222.15,42.82,17.28,134.23,89.19,45.05,65.87,RANGE,,NEUTRAL,,0.91,4.30,33.44,0.00,CHOP-UP,WATCH,0,
2024-04-09,22642.75,22081.97,20500.66,217.44,39.55,18.48,145.81,100.51,45.30,64.76,RANGE,,NEUTRAL,,0.80,4.19,33.57,-0.10,CHOP-UP,WATCH,0,
2024-04-10,22753.80,22110.00,20520.30,211.40,37.62,19.62,162.08,112.82,49.25,67.54,RANGE,,NEUTRAL,,1.30,4.70,33.21,0.00,CHOP-UP,WATCH,0,
2024-04-12,22519.40,22125.63,20539.12,214.16,44.72,19.41,154.27,121.11,33.16,57.27,RANGE,,NEUTRAL,,0.26,3.63,29.72,-1.03,CHOP-UP,WATCH,0,
2024-04-15,22272.50,22140.64,20556.39,217.42,44.95,18.25,126.71,122.23,4.47,48.84,RANGE,,NEUTRAL,,-0.84,2.49,28.02,-2.12,CHOP-MID,STAND-ASIDE,0,
2024-04-16,22147.90,22149.09,20572.85,215.68,46.41,18.00,93.73,116.53,-22.81,45.23,RANGE,CROSS_DOWN,NEUTRAL,,-1.40,1.92,26.15,-2.66,CHOP-DOWN,STAND-ASIDE,0,
2024-04-18,21995.85,22155.05,20588.97,226.34,49.85,18.24,54.69,104.16,-49.47,41.21,RANGE,,NEUTRAL,,-2.08,1.22,24.98,-3.33,CHOP-DOWN,STAND-ASIDE,0,
2024-04-19,22147.00,22160.92,20606.38,238.88,44.70,19.10,35.54,90.44,-54.90,46.31,RANGE,,NEUTRAL,,-1.40,1.91,25.66,-2.67,CHOP-DOWN,STAND-ASIDE,0,
2024-04-22,22336.40,22172.21,20624.61,238.15,42.74,18.82,35.24,79.40,-44.16,51.94,RANGE,,NEUTRAL,,-0.56,2.78,26.04,-1.83,CHOP-DOWN,STAND-ASIDE,0,
2024-04-23,22368.00,22180.98,20642.36,229.07,41.59,18.20,37.12,70.94,-33.82,52.82,RANGE,,NEUTRAL,,-0.42,2.93,25.58,-1.70,CHOP-DOWN,STAND-ASIDE,0,
2024-04-24,22402.40,22190.42,20659.51,220.46,41.58,17.47,40.92,64.94,-24.02,53.82,RANGE,,NEUTRAL,,-0.27,3.09,25.66,-1.54,CHOP-DOWN,STAND-ASIDE,0,
2024-04-25,22570.35,22207.47,20676.42,227.62,43.39,16.38,56.83,63.32,-6.49,58.45,RANGE,,NEUTRAL,,0.48,3.86,27.47,-0.81,CHOP-MID,STAND-ASIDE,0,
2024-04-26,22419.95,22220.22,20691.90,228.13,42.41,15.36,56.64,61.98,-5.34,53.30,RANGE,,NEUTRAL,,-0.19,3.17,26.95,-1.47,CHOP-MID,STAND-ASIDE,0,
2024-04-29,22643.40,22240.77,20708.18,228.69,43.93,14.60,73.68,64.32,9.36,59.07,RANGE,CROSS_UP,NEUTRAL,,0.81,4.20,28.52,-0.49,CHOP-UP,WATCH,0,
2024-04-30,22604.85,22258.00,20724.21,227.70,44.02,14.50,83.11,68.08,15.03,57.75,RANGE,,NEUTRAL,,0.64,4.02,28.26,-0.65,CHOP-UP,WATCH,0,
2024-05-02,22648.20,22274.16,20739.96,221.63,43.86,14.40,93.01,73.07,19.95,58.87,RANGE,,NEUTRAL,,0.00,4.22,28.51,-0.46,CHOP-UP,WATCH,0,
2024-05-03,22475.85,22285.46,20755.68,237.70,46.98,13.66,85.96,75.65,10.32,52.87,RANGE,,NEUTRAL,,-0.76,3.43,26.67,-1.22,CHOP-UP,WATCH,0,
2024-05-06,22442.70,22293.50,20771.12,233.53,46.21,12.97,76.81,75.88,0.93,51.78,RANGE,,NEUTRAL,,-0.91,3.27,26.30,-1.37,CHOP-MID,STAND-ASIDE,0,
2024-05-07,22302.50,22297.11,20785.43,235.92,46.28,13.18,57.59,72.22,-14.63,47.33,RANGE,CROSS_DOWN,NEUTRAL,,-1.53,2.63,25.20,-1.98,CHOP-MID,STAND-ASIDE,0,
2024-05-08,22302.50,22299.22,20800.02,232.18,46.18,13.58,41.87,66.15,-24.28,47.33,RANGE,,NEUTRAL,,-1.53,2.63,24.49,-1.98,CHOP-DOWN,STAND-ASIDE,0,
2024-05-09,21957.50,22297.27,20812.74,242.40,46.29,14.91,1.55,53.23,-51.68,38.00,RANGE,,NEUTRAL,,-3.05,1.04,21.55,-3.50,CHOP-DOWN,STAND-ASIDE,0,
2024-05-10,22055.20,22294.02,20825.20,238.02,50.04,16.15,-22.26,38.13,-60.39,41.52,RANGE,,NEUTRAL,,-2.62,1.49,21.53,-3.07,CHOP-DOWN,STAND-ASIDE,0,
2024-05-13,22104.05,22291.85,20837.16,243.20,46.39,17.73,-36.76,23.15,-59.92,43.25,RANGE,,NEUTRAL,,-2.40,1.71,22.19,-2.86,CHOP-DOWN,STAND-ASIDE,0,
2024-05-14,22217.85,22293.77,20849.50,239.32,47.27,18.27,-38.63,10.80,-49.43,47.17,RANGE,,NEUTRAL,,-1.90,2.24,21.70,-2.36,CHOP-DOWN,STAND-ASIDE,0,
2024-05-15,22200.55,22293.81,20861.34,232.64,47.68,18.60,-41.03,0.43,-41.46,46.65,RANGE,,NEUTRAL,,-1.98,2.16,22.87,-2.43,CHOP-DOWN,STAND-ASIDE,0,
2024-05-16,22403.85,22302.86,20873.46,243.00,48.31,18.09,-26.23,-4.90,-21.33,53.27,RANGE,,NEUTRAL,,-1.08,3.09,22.66,-1.54,CHOP-DOWN,STAND-ASIDE,0,
2024-05-17,22466.10,22312.53,20887.07,236.82,47.45,17.22,-9.36,-5.79,-3.57,55.11,RANGE,,NEUTRAL,,-0.80,3.38,22.99,-1.26,CHOP-MID,STAND-ASIDE,0,
2024-05-21,22529.05,22316.34,20901.35,233.23,46.89,16.05,8.98,-2.84,11.81,56.95,RANGE,CROSS_UP,NEUTRAL,,-0.53,3.67,23.01,-0.99,CHOP-UP,WATCH,0,
2024-05-22,22597.80,22320.18,20915.94,227.02,46.11,15.17,28.73,3.47,25.25,58.93,RANGE,,NEUTRAL,,-0.22,3.99,23.51,-0.69,CHOP-UP,WATCH,0,
2024-05-23,22967.65,22332.41,20931.88,240.53,42.10,15.92,73.38,17.45,55.92,67.58,RANGE,,NEUTRAL,,1.41,5.69,25.40,0.00,CHOP-UP,WATCH,0,
2024-05-24,22957.10,22342.07,20948.37,231.81,37.39,16.73,106.68,35.30,71.38,67.15,RANGE,,NEUTRAL,,1.36,5.64,24.77,-0.05,CHOP-UP,WATCH,0,
2024-05-27,22932.45,22350.85,20964.80,232.37,35.52,17.77,129.59,54.16,75.43,66.08,RANGE,,NEUTRAL,,1.26,5.53,25.41,-0.15,CHOP-UP,WATCH,0,
2024-05-28,22888.15,22361.96,20980.47,225.77,34.03,18.66,142.53,71.83,70.70,64.10,RANGE,,NEUTRAL,,1.06,5.32,25.89,-0.35,CHOP-UP,WATCH,0,
2024-05-29,22704.70,22369.34,20995.33,224.12,34.26,18.39,136.41,84.75,51.66,56.56,RANGE,,NEUTRAL,,0.25,4.48,25.23,-1.14,CHOP-UP,WATCH,0,
2024-05-30,22488.65,22379.15,21010.14,228.74,33.22,17.36,112.83,90.36,22.46,49.22,RANGE,,NEUTRAL,,-0.70,3.48,23.54,-2.09,CHOP-MID,STAND-ASIDE,0,
2024-05-31,22530.70,22386.84,21025.88,225.88,33.31,16.40,96.42,91.58,4.84,50.57,RANGE,,NEUTRAL,,-0.52,3.68,23.02,-1.90,CHOP-MID,STAND-ASIDE,0,
2024-06-03,23263.90,22411.65,21044.62,267.46,39.10,17.37,140.95,101.45,39.50,66.99,RANGE,,NEUTRAL,,0.00,7.05,26.79,0.00,CHOP-UP,WATCH,0,
2024-06-04,21884.50,22408.22,21056.06,389.96,36.55,18.42,64.20,94.00,-29.80,40.04,RANGE,CROSS_DOWN,NEUTRAL,BULL_DIV,-5.93,0.70,19.68,-5.93,CHOP-DOWN,STAND-ASIDE,0,Election shock -5.93% -1379 pts
2024-06-05,22620.35,22424.28,21071.30,424.85,41.37,19.40,62.03,87.61,-25.57,51.30,RANGE,,NEUTRAL,,-2.77,4.09,23.47,-2.77,CHOP-DOWN,STAND-ASIDE,0,
2024-06-06,22821.40,22443.93,21087.25,415.20,40.83,19.65,75.67,85.22,-9.55,53.84,RANGE,,NEUTRAL,,-1.90,5.02,23.36,-1.90,CHOP-MID,STAND-ASIDE,0,
2024-06-07,23290.15,22469.49,21105.98,423.48,43.11,18.89,122.88,92.75,30.13,59.21,RANGE,CROSS_UP,NEUTRAL,,0.11,7.17,25.22,0.00,CHOP-UP,WATCH,0,
2024-06-10,23259.20,22492.74,21125.14,406.43,41.77,17.98,156.00,105.40,50.60,58.72,RANGE,,NEUTRAL,,-0.02,7.03,24.82,-0.13,CHOP-UP,WATCH,0,
2024-06-11,23264.85,22517.94,21144.29,390.46,41.99,17.17,180.63,120.45,60.18,58.79,RANGE,,NEUTRAL,,0.00,7.06,25.52,-0.11,CHOP-UP,WATCH,0,
2024-06-12,23322.95,22541.93,21163.58,375.22,40.02,16.29,202.49,136.86,65.64,59.51,RANGE,,NEUTRAL,,0.25,7.32,26.15,0.00,CHOP-UP,WATCH,0,
2024-06-13,23398.90,22563.37,21183.75,359.71,39.59,15.37,223.38,154.16,69.22,60.48,RANGE,,NEUTRAL,,0.58,7.67,26.25,0.00,CHOP-UP,WATCH,0,
2024-06-14,23465.60,22583.44,21204.52,345.17,38.92,14.57,242.51,171.83,70.68,61.36,RANGE,,NEUTRAL,,0.87,7.98,26.20,0.00,CHOP-UP,WATCH,0,
2024-06-18,23557.90,22605.53,21225.35,328.62,37.26,13.57,262.11,189.89,72.22,62.60,RANGE,,NEUTRAL,,1.26,8.40,26.66,0.00,CHOP-UP,WATCH,0,
2024-06-19,23516.00,22627.16,21245.94,323.08,36.18,12.89,271.13,206.14,64.99,61.63,RANGE,,NEUTRAL,,1.08,8.21,25.58,-0.18,CHOP-UP,WATCH,0,
2024-06-20,23567.00,22648.21,21266.56,312.96,35.52,12.25,279.17,220.74,58.43,62.39,RANGE,,NEUTRAL,,1.30,8.45,26.47,0.00,CHOP-UP,WATCH,0,
2024-06-21,23501.10,22667.95,21287.13,309.81,35.97,11.81,277.04,232.00,45.04,60.72,RANGE,,NEUTRAL,,1.02,8.14,26.60,-0.28,CHOP-UP,WATCH,0,
2024-06-24,23537.85,22685.39,21308.49,302.55,32.09,11.55,275.14,240.63,34.51,61.34,RANGE,,NEUTRAL,,1.18,8.31,26.54,-0.12,CHOP-UP,WATCH,0,
2024-06-25,23721.30,22706.96,21330.57,296.39,25.02,10.85,285.15,249.54,35.62,64.38,RANGE,,NEUTRAL,,1.97,9.16,26.74,0.00,CHOP-UP,WATCH,0,
2024-06-26,23868.80,22729.26,21353.20,290.89,34.97,10.66,301.52,259.93,41.58,66.65,RANGE,,NEUTRAL,,2.60,9.84,27.26,0.00,CHOP-UP,WATCH,0,
2024-06-27,24044.50,22759.76,21376.68,290.26,33.35,11.08,324.91,272.93,51.99,69.17,RANGE,,NEUTRAL,,3.36,10.64,28.66,0.00,CHOP-UP,WATCH,0,
2024-06-28,24010.60,22794.52,21400.47,282.97,40.11,11.72,336.84,285.71,51.13,68.10,RANGE,,NEUTRAL,,3.21,10.49,27.54,-0.14,CHOP-UP,WATCH,0,
2024-07-01,24141.95,22834.40,21424.00,274.99,39.92,12.31,352.82,299.13,53.69,70.03,RANGE,,OVERBOUGHT,,0.00,11.09,28.72,0.00,CHOP-UP,WATCH,0,
2024-07-02,24123.85,22876.96,21446.97,268.21,40.96,13.08,359.88,311.28,48.60,69.41,RANGE,,NEUTRAL,,-0.07,11.01,28.20,-0.07,CHOP-UP,WATCH,0,
2024-07-03,24286.50,22919.75,21470.53,262.28,39.70,14.02,374.28,323.88,50.40,71.84,RANGE,,OVERBOUGHT,,0.60,11.76,28.79,0.00,CHOP-UP,WATCH,0,
2024-07-04,24302.15,22959.07,21493.99,252.12,35.77,15.16,382.55,335.61,46.93,72.07,RANGE,,OVERBOUGHT,,0.66,11.83,29.46,0.00,TOP-WARNING,NO-NEW,0,
2024-07-05,24323.85,22998.18,21516.97,247.98,36.85,15.63,386.40,345.77,40.63,72.41,RANGE,,OVERBOUGHT,,0.75,11.93,30.31,0.00,TOP-WARNING,NO-NEW,0,
2024-07-08,24320.55,23036.55,21539.48,237.70,36.73,16.06,384.75,353.57,31.18,72.26,RANGE,,OVERBOUGHT,,0.74,11.91,30.12,-0.01,TOP-WARNING,NO-NEW,0,
2024-07-09,24433.20,23073.80,21561.66,229.51,33.43,16.81,388.05,360.46,27.59,74.13,RANGE,,OVERBOUGHT,,1.21,12.43,29.84,0.00,TOP-WARNING,NO-NEW,0,
2024-07-10,24324.45,23111.89,21583.32,235.92,34.75,16.49,377.55,363.88,13.67,69.28,RANGE,,NEUTRAL,,0.76,11.93,28.21,-0.45,CHOP-UP,WATCH,0,
2024-07-11,24315.95,23145.34,21604.55,233.99,33.93,16.19,364.34,363.97,0.36,68.90,RANGE,,NEUTRAL,,0.72,11.89,26.72,-0.48,CHOP-UP,WATCH,0,
2024-07-12,24502.15,23183.29,21626.54,237.01,37.73,16.63,364.69,364.11,0.57,72.46,RANGE,,OVERBOUGHT,,1.49,12.75,26.81,0.00,TOP-WARNING,NO-NEW,0,
2024-07-15,24586.70,23222.06,21648.51,229.57,39.07,17.19,367.55,364.80,2.75,73.92,RANGE,,OVERBOUGHT,,1.84,13.14,26.81,0.00,TOP-WARNING,NO-NEW,0,
2024-07-16,24613.00,23264.80,21670.91,218.50,41.52,17.81,367.70,365.38,2.32,74.38,RANGE,,OVERBOUGHT,,1.95,13.26,26.88,0.00,TOP-WARNING,NO-NEW,0,
2024-07-18,24800.85,23311.97,21695.41,226.70,42.44,18.98,378.62,368.03,10.59,77.41,RANGE,,OVERBOUGHT,,2.73,14.12,27.20,0.00,TOP-WARNING,NO-NEW,0,
2024-07-19,24530.90,23356.53,21719.35,235.27,44.22,20.13,361.32,366.69,-5.37,65.42,RANGE,CROSS_DOWN,NEUTRAL,,1.61,12.88,26.89,-1.09,CHOP-UP,WATCH,0,
2024-07-22,24509.25,23400.67,21743.53,235.10,47.97,20.26,341.92,361.73,-19.81,64.56,RANGE,,NEUTRAL,,1.52,12.78,26.62,-1.18,CHOP-DOWN,STAND-ASIDE,0,
2024-07-23,24479.05,23451.10,21767.55,254.62,52.98,18.89,320.42,353.47,-33.05,63.30,RANGE,,NEUTRAL,,1.40,12.64,25.92,-1.30,CHOP-DOWN,STAND-ASIDE,0,
2024-07-24,24413.50,23498.27,21791.29,250.50,53.12,17.61,294.69,341.72,-47.02,60.55,RANGE,,NEUTRAL,,1.12,12.34,25.94,-1.56,CHOP-DOWN,STAND-ASIDE,0,
2024-07-25,24406.10,23544.31,21814.74,247.99,54.24,16.73,270.59,327.49,-56.90,60.23,RANGE,,NEUTRAL,,1.09,12.31,25.72,-1.59,CHOP-DOWN,STAND-ASIDE,0,
2024-07-26,24834.85,23596.65,21841.30,262.78,56.85,16.90,282.82,318.56,-35.74,70.06,CHOP,,OVERBOUGHT,,2.87,14.28,26.94,0.00,CHOP-DOWN,STAND-ASIDE,0,
2024-07-29,24836.10,23649.36,21867.29,260.09,51.98,17.50,289.28,312.70,-23.42,70.08,RANGE,,OVERBOUGHT,,2.88,14.29,26.00,0.00,CHOP-DOWN,STAND-ASIDE,0,
2024-07-30,24857.30,23698.43,21893.93,253.88,52.49,18.04,292.74,308.71,-15.97,70.50,RANGE,,OVERBOUGHT,,2.96,14.38,25.86,0.00,CHOP-DOWN,STAND-ASIDE,0,
2024-07-31,24951.15,23748.13,21921.50,244.89,50.48,18.59,299.60,306.89,-7.29,72.34,RANGE,,OVERBOUGHT,,3.35,14.82,25.81,0.00,TOP-WARNING,NO-NEW,0,
2024-08-01,25010.90,23797.77,21948.83,236.48,46.50,19.41,306.32,306.77,-0.45,73.47,RANGE,,OVERBOUGHT,BEAR_DIV,0.00,15.09,25.19,0.00,TOP-WARNING,NO-NEW,0,
2024-08-02,24717.70,23840.16,21974.15,242.74,47.03,18.76,284.71,302.36,-17.65,60.38,RANGE,,NEUTRAL,,-1.17,13.74,25.18,-1.17,CHOP-DOWN,STAND-ASIDE,0,
2024-08-05,24055.60,23861.92,21996.87,284.26,47.64,19.26,211.72,284.23,-72.51,42.13,RANGE,,NEUTRAL,,-3.82,10.70,22.28,-3.82,CHOP-DOWN,STAND-ASIDE,0,
2024-08-06,23992.55,23882.63,22018.38,294.11,50.68,19.59,147.09,256.80,-109.72,40.86,RANGE,,NEUTRAL,,-4.07,10.40,21.91,-4.07,CHOP-DOWN,STAND-ASIDE,0,
2024-08-07,24297.50,23909.93,22040.81,297.76,50.78,19.90,119.10,229.26,-110.16,48.87,RANGE,,NEUTRAL,,-2.85,11.81,22.85,-2.85,CHOP-DOWN,STAND-ASIDE,0,
2024-08-08,24117.00,23934.51,22062.43,295.12,50.05,20.47,81.42,199.69,-118.28,44.99,RANGE,,NEUTRAL,,-3.57,10.98,22.67,-3.57,CHOP-DOWN,STAND-ASIDE,0,
2024-08-09,24367.50,23967.77,22085.51,295.66,50.64,20.63,70.95,173.94,-103.00,50.83,RANGE,,NEUTRAL,,-2.57,12.13,24.03,-2.57,CHOP-DOWN,STAND-ASIDE,0,
2024-08-12,24347.00,24004.93,22108.59,293.16,48.50,21.06,60.30,151.22,-90.91,50.36,RANGE,,NEUTRAL,,-2.65,12.04,23.25,-2.65,CHOP-DOWN,STAND-ASIDE,0,
2024-08-13,24139.00,24037.10,22130.22,289.61,48.91,21.72,34.68,127.91,-93.23,45.72,RANGE,,NEUTRAL,,-3.49,11.08,22.32,-3.49,CHOP-DOWN,STAND-ASIDE,0,
2024-08-14,24143.75,24054.70,22152.59,275.84,47.86,22.38,14.59,105.25,-90.65,45.85,RANGE,,NEUTRAL,,-3.47,11.10,23.65,-3.47,CHOP-DOWN,STAND-ASIDE,0,
2024-08-16,24541.15,24107.83,22177.17,286.15,47.54,21.31,30.39,90.28,-59.89,55.00,RANGE,,NEUTRAL,,-1.88,12.93,26.62,-1.88,CHOP-DOWN,STAND-ASIDE,0,
2024-08-19,24572.65,24146.87,22202.32,273.98,46.53,20.02,44.93,81.21,-36.27,55.64,RANGE,,NEUTRAL,,-1.75,13.07,25.90,-1.75,CHOP-DOWN,STAND-ASIDE,0,
2024-08-20,24698.85,24184.42,22229.40,265.96,46.42,18.73,65.88,78.14,-12.26,58.20,RANGE,,NEUTRAL,,-1.25,13.66,26.03,-1.25,CHOP-MID,STAND-ASIDE,0,
2024-08-21,24770.20,24214.02,22257.64,256.50,46.47,17.72,87.23,79.96,7.27,59.62,RANGE,CROSS_UP,NEUTRAL,,-0.96,13.98,26.57,-0.96,CHOP-UP,WATCH,0,
2024-08-22,24811.50,24245.07,22287.42,245.11,53.62,17.10,106.26,85.22,21.04,60.46,RANGE,,NEUTRAL,,-0.80,14.17,26.38,-0.80,CHOP-UP,WATCH,0,
2024-08-23,24823.15,24276.24,22316.29,233.80,51.31,16.45,120.89,92.35,28.54,60.71,RANGE,,NEUTRAL,,-0.75,14.23,27.02,-0.75,CHOP-UP,WATCH,0,
2024-08-26,25010.60,24309.99,22345.64,232.86,40.65,16.56,145.93,103.07,42.86,64.55,RANGE,,NEUTRAL,,-0.00,15.09,28.73,-0.00,CHOP-UP,WATCH,0,
2024-08-27,25017.75,24342.37,22375.33,223.33,39.87,16.76,164.45,115.35,49.11,64.70,RANGE,,NEUTRAL,,0.03,15.12,28.73,0.00,CHOP-UP,WATCH,0,
2024-08-28,25052.35,24374.10,22405.65,219.16,35.29,17.15,179.85,128.25,51.60,65.42,RANGE,,NEUTRAL,,0.17,15.28,28.70,0.00,CHOP-UP,WATCH,0,
2024-08-29,25151.95,24405.98,22435.74,217.39,32.80,17.74,197.81,142.16,55.65,67.48,RANGE,,NEUTRAL,,0.56,15.74,29.88,0.00,CHOP-UP,WATCH,0,
2024-08-30,25235.90,24440.38,22465.77,210.18,27.45,18.56,216.32,156.99,59.33,69.15,RANGE,,NEUTRAL,,0.90,16.13,30.69,0.00,CHOP-UP,WATCH,0,
2024-09-02,25278.70,24474.61,22495.10,202.18,22.75,19.55,231.78,171.95,59.83,70.00,RANGE,,NEUTRAL,,0.00,16.32,30.35,0.00,CHOP-UP,WATCH,0,
2024-09-03,25279.85,24510.19,22524.47,193.87,20.00,20.46,241.34,185.83,55.51,70.02,RANGE,,OVERBOUGHT,BEAR_DIV,0.00,16.33,30.33,0.00,TOP-WARNING,NO-NEW,0,
2024-09-04,25198.70,24543.41,22553.25,194.03,25.12,20.29,239.60,196.58,43.02,66.04,RANGE,,NEUTRAL,,-0.32,15.96,29.60,-0.32,STRONG-FLOW,BUY,0,
2024-09-05,25145.10,24571.88,22582.00,190.72,32.64,20.39,231.24,203.51,27.72,63.48,RANGE,,NEUTRAL,,-0.53,15.71,29.70,-0.53,STRONG-FLOW,BUY,0,
2024-09-06,24852.15,24591.55,22609.13,203.34,41.47,19.17,198.68,202.55,-3.87,51.66,RANGE,CROSS_DOWN,NEUTRAL,,-1.69,14.36,29.00,-1.69,CHOP-MID,STAND-ASIDE,0,
2024-09-09,24936.40,24609.39,22636.59,203.41,44.76,18.24,177.62,197.56,-19.94,54.30,RANGE,,NEUTRAL,,-1.35,14.75,29.16,-1.36,CHOP-DOWN,STAND-ASIDE,0,
2024-09-10,25041.10,24630.00,22663.42,205.58,52.38,17.32,167.46,191.54,-24.08,57.40,RANGE,,NEUTRAL,,-0.94,15.23,29.46,-0.94,CHOP-DOWN,STAND-ASIDE,0,
2024-09-11,24918.45,24645.53,22689.19,207.22,54.48,16.40,147.80,182.79,-34.99,52.87,RANGE,,NEUTRAL,,-1.43,14.67,28.79,-1.43,CHOP-DOWN,STAND-ASIDE,0,
2024-09-12,25388.90,24670.83,22717.47,229.20,54.59,16.82,168.24,179.88,-11.64,64.46,RANGE,,NEUTRAL,,0.44,16.83,31.86,0.00,CHOP-UP,WATCH,0,
2024-09-13,25356.50,24692.23,22745.79,222.69,53.48,17.22,179.76,179.86,-0.10,63.31,RANGE,,NEUTRAL,,0.31,16.68,30.47,-0.13,CHOP-UP,WATCH,0,
2024-09-16,25383.75,24713.86,22773.79,214.60,52.94,17.64,188.91,181.67,7.24,63.89,RANGE,CROSS_UP,NEUTRAL,,0.42,16.81,29.98,-0.02,CHOP-UP,WATCH,0,
2024-09-17,25418.55,24735.75,22801.82,205.66,51.90,18.04,196.70,184.67,12.02,64.67,RANGE,,NEUTRAL,,0.55,16.97,29.85,0.00,CHOP-UP,WATCH,0,
2024-09-18,25377.55,24756.89,22829.70,205.01,49.98,17.97,197.29,187.20,10.09,62.95,RANGE,,NEUTRAL,,0.39,16.78,29.40,-0.16,CHOP-UP,WATCH,0,
2024-09-19,25415.80,24776.55,22857.80,207.22,45.40,18.46,198.55,189.47,9.09,63.92,RANGE,,NEUTRAL,,0.54,16.95,28.84,-0.01,CHOP-UP,WATCH,0,
2024-09-20,25790.95,24805.88,22887.31,223.38,40.38,19.75,227.21,197.02,30.19,71.68,RANGE,,OVERBOUGHT,,2.03,18.68,30.13,0.00,CHOP-UP,WATCH,0,
2024-09-23,25939.05,24838.34,22916.52,219.21,37.79,21.27,258.88,209.39,49.50,74.06,RANGE,,OVERBOUGHT,,2.61,19.36,29.72,0.00,TOP-WARNING,NO-NEW,0,
2024-09-24,25940.40,24867.10,22945.56,212.46,35.24,22.84,280.86,223.68,57.18,74.08,RANGE,,OVERBOUGHT,,2.62,19.37,29.75,0.00,TOP-WARNING,NO-NEW,0,
2024-09-25,26004.15,24895.45,22974.24,208.82,34.77,24.37,299.96,238.94,61.02,75.12,RANGE,,OVERBOUGHT,,2.87,19.66,29.57,0.00,TOP-WARNING,NO-NEW,0,
2024-09-26,26216.05,24927.51,23001.89,211.94,27.42,26.36,328.41,256.83,71.58,78.25,TREND UP,,OVERBOUGHT,,3.71,20.64,30.41,0.00,TOP-WARNING,NO-NEW,1,
2024-09-27,26178.95,24955.08,23028.51,205.80,29.21,28.27,344.00,274.27,69.73,76.44,TREND UP,,OVERBOUGHT,,3.56,20.47,29.65,-0.14,TOP-WARNING,NO-NEW,0,ATH 26277 record 59 highs
2024-09-30,25810.85,24980.67,23052.87,218.59,31.07,27.72,322.93,284.00,38.93,61.28,TREND UP,,NEUTRAL,,2.11,18.77,28.20,-1.55,ALL-ALIGN BULL,BUY,0,
2024-10-01,25796.90,25006.43,23077.35,215.00,31.91,26.91,301.63,287.53,14.10,60.79,TREND UP,,NEUTRAL,,0.00,18.71,29.62,-1.60,ALL-ALIGN BULL,BUY,0,
2024-10-03,25250.10,25021.85,23098.75,240.12,41.77,25.93,237.88,277.60,-39.71,45.41,TREND DOWN,CROSS_DOWN,NEUTRAL,,-2.12,16.19,27.90,-3.68,BEAR,AVOID,0,
2024-10-04,25014.60,25033.87,23118.84,259.98,37.57,25.78,166.44,255.37,-88.92,40.64,TREND DOWN,,NEUTRAL,,-3.03,15.11,27.14,-4.58,BEAR,AVOID,0,
2024-10-07,24795.75,25041.66,23138.29,273.46,33.89,26.31,91.11,222.51,-131.40,36.77,TREND DOWN,,NEUTRAL,,-3.88,14.10,26.03,-5.42,BEAR,AVOID,0,
2024-10-08,25013.15,25045.23,23158.72,274.44,35.78,26.80,48.40,187.69,-139.29,42.61,TREND DOWN,,NEUTRAL,,-3.04,15.10,27.20,-4.59,BEAR,AVOID,0,
2024-10-09,24981.95,25048.15,23177.72,275.29,36.60,26.40,11.90,152.53,-140.64,42.01,TREND DOWN,,NEUTRAL,,-3.16,14.96,26.71,-4.71,BEAR,AVOID,0,
2024-10-10,24998.45,25050.97,23195.43,266.67,35.86,26.03,-15.52,118.92,-134.45,42.47,TREND DOWN,,NEUTRAL,,-3.10,15.03,28.04,-4.64,BEAR,AVOID,0,
2024-10-11,24964.25,25051.23,23213.16,255.38,32.71,25.87,-39.56,87.23,-126.78,41.73,TREND DOWN,,NEUTRAL,,-3.23,14.88,27.12,-4.77,BEAR,AVOID,0,
2024-10-14,25127.95,25053.57,23231.53,251.11,33.02,25.10,-44.88,60.80,-105.68,46.54,TREND DOWN,,NEUTRAL,,-2.59,15.63,28.67,-4.15,BEAR,AVOID,0,
2024-10-15,25057.35,25060.37,23251.07,247.73,33.80,24.15,-54.17,37.81,-91.98,44.82,RANGE,,NEUTRAL,,-2.87,15.30,28.92,-4.42,CHOP-DOWN,STAND-ASIDE,0,
2024-10-16,24971.30,25078.68,23269.65,243.25,34.03,23.62,-67.69,16.71,-84.40,42.75,RANGE,,NEUTRAL,,-3.20,14.91,27.76,-4.75,CHOP-DOWN,STAND-ASIDE,0,
2024-10-17,24749.85,25093.83,23286.65,247.35,34.50,23.71,-95.18,-5.67,-89.51,37.90,RANGE,,NEUTRAL,,-4.06,13.89,25.93,-5.59,WEAK,NO-BUY,0,
2024-10-18,24854.05,25104.96,23303.71,252.43,36.69,24.26,-107.32,-26.00,-81.32,41.28,RANGE,,NEUTRAL,,-3.65,14.37,27.38,-5.20,CHOP-DOWN,STAND-ASIDE,0,
2024-10-21,24781.10,25118.24,23319.34,255.74,41.83,24.30,-121.43,-45.09,-76.35,39.65,RANGE,,NEUTRAL,,-3.94,14.03,25.86,-5.47,CHOP-DOWN,STAND-ASIDE,0,
2024-10-22,24472.10,25120.33,23332.81,268.63,48.64,24.99,-155.75,-67.22,-88.53,33.61,RANGE,,NEUTRAL,,-5.14,12.61,23.53,-6.65,WEAK,NO-BUY,0,
2024-10-23,24435.50,25122.10,23346.33,265.59,48.38,25.80,-183.79,-90.53,-93.25,32.97,TREND DOWN,,NEUTRAL,,-5.28,12.44,23.45,-6.79,PANIC,NO-TOUCH,0,
2024-10-24,24399.40,25127.31,23359.62,256.58,52.72,26.64,-206.53,-113.73,-92.80,32.32,TREND DOWN,,NEUTRAL,,-5.42,12.28,23.53,-6.93,PANIC,NO-TOUCH,0,
2024-10-25,24180.80,25128.05,23372.19,264.42,41.92,28.06,-239.44,-138.88,-100.57,28.61,TREND DOWN,,OVERSOLD,,-6.26,11.27,22.55,-7.76,PANIC,NO-TOUCH,0,
2024-10-28,24339.15,25124.01,23386.30,271.09,42.67,29.07,-249.86,-161.07,-88.79,34.47,TREND DOWN,,NEUTRAL,,-5.65,12.00,22.85,-7.16,PANIC,NO-TOUCH,0,
2024-10-29,24466.85,25121.89,23400.34,276.27,44.00,30.01,-244.99,-177.86,-67.14,38.83,TREND DOWN,,NEUTRAL,,-5.16,12.59,24.38,-6.67,BEAR,AVOID,0,
2024-10-30,24340.85,25114.73,23413.50,270.17,44.38,30.79,-248.44,-191.97,-56.47,36.27,TREND DOWN,,NEUTRAL,,-5.64,12.01,24.03,-7.15,BEAR,AVOID,0,
2024-10-31,24205.35,25103.44,23426.96,265.15,45.31,31.87,-259.12,-205.40,-53.71,33.69,TREND DOWN,,NEUTRAL,,-6.17,11.38,23.86,-7.67,PANIC,NO-TOUCH,0,
2024-11-01,24304.35,25093.29,23440.75,257.84,44.98,32.88,-256.63,-215.65,-40.98,37.20,TREND DOWN,,NEUTRAL,,0.00,11.84,26.05,-7.29,BEAR,AVOID,0,
2024-11-04,23995.35,25076.74,23452.64,275.18,43.51,34.78,-276.41,-227.80,-48.61,31.58,TREND DOWN,,NEUTRAL,,-1.27,10.42,25.48,-8.47,PANIC,NO-TOUCH,0,
2024-11-05,24213.30,25060.79,23465.47,283.12,47.30,36.55,-271.37,-236.51,-34.85,38.62,TREND DOWN,,NEUTRAL,,-0.37,11.42,28.40,-7.64,BEAR,AVOID,0,
2024-11-06,24484.05,25050.12,23478.42,286.72,49.23,36.34,-242.73,-237.76,-4.97,46.05,TREND DOWN,,NEUTRAL,,0.74,12.67,28.54,-6.61,BEAR,AVOID,0,
2024-11-07,24199.35,25033.06,23488.93,289.41,49.28,36.21,-240.23,-238.25,-1.98,40.50,TREND DOWN,,NEUTRAL,,-0.43,11.36,26.43,-7.69,BEAR,AVOID,0,
2024-11-08,24148.20,25012.98,23499.50,283.70,51.76,36.39,-239.62,-238.52,-1.10,39.58,TREND DOWN,,NEUTRAL,,-0.64,11.12,26.57,-7.89,BEAR,AVOID,0,
2024-11-11,24141.30,24991.09,23512.35,287.16,62.24,36.72,-236.96,-238.21,1.25,39.45,TREND DOWN,CROSS_UP,NEUTRAL,,-0.67,11.09,27.13,-7.91,BEAR,AVOID,0,
2024-11-12,23883.45,24963.19,23524.46,295.43,67.20,37.42,-252.75,-241.12,-11.63,34.82,TREND DOWN,CROSS_DOWN,NEUTRAL,,-1.73,9.90,24.83,-8.90,PANIC,NO-TOUCH,0,
2024-11-13,23559.05,24928.77,23534.14,301.03,55.82,38.71,-288.11,-250.52,-37.59,30.05,TREND DOWN,,NEUTRAL,,-3.07,8.41,22.51,-10.14,PANIC,NO-TOUCH,0,
2024-11-14,23532.70,24895.45,23545.61,293.22,53.38,39.95,-314.64,-263.34,-51.30,29.69,TREND DOWN,,OVERSOLD,,-3.17,8.29,21.23,-10.24,PANIC,NO-TOUCH,0,
2024-11-18,23453.80,24861.62,23555.61,290.59,47.95,41.34,-338.13,-278.30,-59.83,28.60,TREND DOWN,,OVERSOLD,,-3.50,7.93,20.85,-10.54,PANIC,NO-TOUCH,0,
2024-11-19,23518.50,24834.95,23566.44,293.18,47.80,41.57,-347.52,-292.14,-55.38,30.85,TREND DOWN,,NEUTRAL,,-3.23,8.22,20.96,-10.29,PANIC,NO-TOUCH,0,
2024-11-21,23349.90,24803.22,23574.50,290.48,45.69,42.20,-364.37,-306.59,-57.78,28.34,TREND DOWN,,OVERSOLD,,-3.93,7.45,20.39,-10.93,PANIC,NO-TOUCH,0,
2024-11-22,23907.25,24780.54,23586.43,313.03,49.15,40.65,-328.95,-311.06,-17.89,44.41,TREND DOWN,,NEUTRAL,,-1.63,10.01,23.07,-8.81,BEAR,AVOID,0,
2024-11-25,24221.90,24766.61,23598.91,322.41,51.37,37.85,-272.36,-303.32,30.96,51.07,TREND DOWN,CROSS_UP,NEUTRAL,,-0.34,11.46,24.58,-7.61,BEAR,AVOID,0,
2024-11-26,24194.50,24742.73,23611.39,314.94,49.14,35.28,-227.10,-288.08,60.98,50.51,TREND DOWN,,NEUTRAL,,-0.45,11.33,22.97,-7.71,BEAR,AVOID,0,
2024-11-27,24274.90,24721.09,23623.50,307.37,47.67,32.85,-182.64,-266.99,84.35,52.19,TREND DOWN,,NEUTRAL,,-0.12,11.70,22.82,-7.40,BEAR,AVOID,0,
2024-11-28,23914.15,24691.70,23634.21,319.16,49.86,31.44,-174.50,-248.49,73.99,44.83,TREND DOWN,,NEUTRAL,,-1.61,10.04,21.20,-8.78,BEAR,AVOID,0,
2024-11-29,24131.10,24665.95,23645.22,315.95,54.29,30.13,-148.83,-228.56,79.73,49.45,TREND DOWN,,NEUTRAL,,-0.71,11.04,22.53,-7.95,BEAR,AVOID,0,
2024-12-02,24276.05,24643.92,23656.95,314.32,54.97,28.47,-115.46,-205.94,90.48,52.32,TREND DOWN,,NEUTRAL,,0.00,11.71,22.71,-7.40,BEAR,AVOID,0,
2024-12-03,24457.15,24624.75,23670.64,306.53,49.76,26.59,-73.55,-179.46,105.91,55.70,TREND UP,,NEUTRAL,,0.75,12.54,23.45,-6.71,ALL-ALIGN BULL,BUY,1,
2024-12-04,24467.45,24598.28,23684.07,299.41,45.33,25.15,-39.05,-151.38,112.32,55.89,TREND UP,,NEUTRAL,,0.79,12.59,23.56,-6.67,ALL-ALIGN BULL,BUY,0,
2024-12-05,24708.40,24573.67,23699.53,318.18,39.49,24.69,7.64,-119.57,127.21,60.23,RANGE,,NEUTRAL,,1.78,13.70,24.82,-5.75,CHOP-UP,WATCH,0,
2024-12-06,24677.80,24548.41,23714.20,304.78,38.98,24.25,41.69,-87.32,129.01,59.43,RANGE,,NEUTRAL,,1.65,13.56,24.07,-5.87,CHOP-UP,WATCH,0,
2024-12-09,24619.00,24520.71,23728.10,291.94,37.84,23.67,63.21,-57.22,120.42,57.84,RANGE,,NEUTRAL,,1.41,13.29,22.50,-6.09,CHOP-UP,WATCH,0,
2024-12-10,24610.05,24488.59,23741.59,283.02,36.42,22.83,78.63,-30.05,108.67,57.59,RANGE,,NEUTRAL,,1.38,13.25,22.24,-6.13,CHOP-UP,WATCH,0,
2024-12-11,24641.80,24457.85,23754.60,270.51,37.41,22.09,92.35,-5.57,97.92,58.28,RANGE,,NEUTRAL,,1.51,13.39,21.58,-6.00,CHOP-UP,WATCH,0,
2024-12-12,24548.70,24432.61,23766.73,261.71,48.74,21.14,94.62,14.47,80.15,55.42,RANGE,,NEUTRAL,,1.12,12.96,18.67,-6.36,CHOP-UP,WATCH,0,
2024-12-13,24768.30,24412.03,23779.59,286.70,50.48,20.42,112.83,34.14,78.69,60.37,RANGE,,NEUTRAL,,2.03,13.97,18.76,-5.52,CHOP-UP,WATCH,0,
2024-12-16,24668.25,24400.40,23792.65,279.04,50.09,19.75,117.84,50.88,66.96,57.25,RANGE,,NEUTRAL,,1.62,13.51,17.82,-5.90,CHOP-UP,WATCH,0,
2024-12-17,24336.00,24386.82,23803.25,285.17,51.66,20.10,93.92,59.49,34.43,48.32,RANGE,,NEUTRAL,,0.25,11.99,16.43,-7.17,CHOP-MID,STAND-ASIDE,0,
2024-12-18,24198.85,24374.89,23813.18,282.27,51.47,20.86,63.16,60.22,2.94,45.18,RANGE,,NEUTRAL,,-0.32,11.35,15.40,-7.69,CHOP-MID,STAND-ASIDE,0,
2024-12-19,23951.70,24353.66,23822.33,285.57,49.79,22.22,18.63,51.90,-33.28,40.13,RANGE,CROSS_DOWN,NEUTRAL,,-1.34,10.22,14.07,-8.64,CHOP-DOWN,STAND-ASIDE,0,
2024-12-20,23587.50,24325.77,23829.27,302.92,41.13,24.11,-45.53,32.42,-77.94,34.08,RANGE,,NEUTRAL,,-2.84,8.54,12.82,-10.03,WEAK,NO-BUY,0,
2024-12-23,23753.45,24300.87,23838.28,301.43,41.87,25.86,-82.03,9.53,-91.56,38.62,TREND DOWN,,NEUTRAL,,-2.15,9.30,13.51,-9.39,BEAR,AVOID,0,
2024-12-24,23727.65,24276.14,23847.01,292.94,41.64,27.49,-111.76,-14.73,-97.03,38.18,TREND DOWN,,NEUTRAL,,-2.26,9.19,12.01,-9.49,BEAR,AVOID,0,
2024-12-26,23750.20,24248.58,23854.06,286.36,39.94,29.07,-131.98,-38.18,-93.80,38.84,TREND DOWN,,NEUTRAL,,-2.17,9.29,10.69,-9.41,BEAR,AVOID,0,
2024-12-27,23813.40,24223.70,23861.10,279.38,40.55,30.03,-141.27,-58.80,-82.47,40.74,TREND DOWN,,NEUTRAL,,-1.91,9.58,11.18,-9.16,BEAR,AVOID,0,
2024-12-30,23644.90,24197.17,23867.55,282.00,42.48,31.37,-160.38,-79.11,-81.27,37.40,TREND DOWN,,NEUTRAL,,-2.60,8.81,10.22,-9.81,BEAR,AVOID,0,
2024-12-31,23644.80,24175.07,23873.40,278.25,40.83,32.87,-173.54,-98.00,-75.54,37.40,TREND DOWN,,NEUTRAL,,-2.60,8.80,11.79,-9.81,BEAR,AVOID,0,
2025-01-01,23742.90,24152.85,23879.65,276.94,42.27,33.51,-174.04,-113.21,-60.83,40.68,TREND DOWN,,NEUTRAL,,0.00,0.41,11.70,-9.43,BEAR,AVOID,0,
2025-01-02,24188.65,24141.00,23888.93,291.72,45.29,32.19,-136.89,-117.94,-18.95,52.78,TREND DOWN,,NEUTRAL,,1.88,2.30,13.30,-7.73,BEAR,AVOID,0,
2025-01-03,24004.75,24131.65,23897.27,286.63,42.08,30.98,-120.90,-118.54,-2.36,48.39,TREND DOWN,,NEUTRAL,,1.10,1.52,11.96,-8.43,BEAR,AVOID,0,
2025-01-06,23616.05,24115.27,23905.36,304.59,50.12,30.97,-138.00,-122.43,-15.57,40.70,TREND DOWN,,NEUTRAL,,-0.53,-0.12,9.06,-9.92,BEAR,AVOID,0,
2025-01-07,23707.90,24101.44,23913.17,295.63,56.81,30.97,-142.49,-126.44,-16.05,43.00,TREND DOWN,,NEUTRAL,,-0.15,0.27,8.86,-9.57,BEAR,AVOID,0,
2025-01-08,23688.95,24091.60,23921.50,292.77,64.41,31.30,-145.91,-130.33,-15.57,42.63,TREND DOWN,,NEUTRAL,,-0.23,0.19,9.01,-9.64,BEAR,AVOID,0,
2025-01-09,23526.50,24075.35,23928.85,285.18,63.10,31.60,-159.87,-136.24,-23.63,39.51,TREND DOWN,,NEUTRAL,,-0.91,-0.50,8.21,-10.26,BEAR,AVOID,0,
2025-01-10,23431.50,24054.64,23936.92,282.83,55.08,32.25,-176.57,-144.31,-32.27,37.77,TREND DOWN,,NEUTRAL,,-1.31,-0.90,8.15,-10.62,BEAR,AVOID,0,
2025-01-13,23085.95,24029.54,23943.16,290.07,45.10,33.45,-215.21,-158.49,-56.72,32.20,TREND DOWN,,NEUTRAL,,-2.77,-2.36,7.29,-11.94,PANIC,NO-TOUCH,0,
2025-01-14,23176.05,24008.95,23948.98,282.14,45.06,34.56,-235.84,-173.96,-61.88,34.89,TREND DOWN,,NEUTRAL,,-2.39,-1.98,7.01,-11.60,PANIC,NO-TOUCH,0,
2025-01-15,23213.20,23987.13,23954.56,272.50,44.54,35.43,-246.36,-188.44,-57.92,36.02,TREND DOWN,,NEUTRAL,,-2.23,-1.83,6.92,-11.45,BEAR,AVOID,0,
2025-01-16,23311.80,23973.46,23961.09,265.78,44.43,35.67,-243.92,-199.54,-44.38,39.04,TREND DOWN,,NEUTRAL,,-1.82,-1.41,8.36,-11.08,BEAR,AVOID,0,
2025-01-17,23203.20,23953.26,23966.49,261.90,43.38,36.30,-247.89,-209.21,-38.69,36.97,TREND DOWN,,NEUTRAL,,-2.27,-1.87,7.70,-11.49,BEAR,AVOID,0,
2025-01-20,23344.75,23930.47,23971.58,258.94,43.29,36.33,-236.89,-214.74,-22.15,41.34,TREND DOWN,,NEUTRAL,,-1.68,-1.27,7.98,-10.95,BEAR,AVOID,0,
2025-01-21,23024.65,23906.98,23974.39,272.55,42.98,36.81,-251.11,-222.02,-29.09,35.37,TREND DOWN,,NEUTRAL,,-3.03,-2.62,6.36,-12.17,BEAR,AVOID,0,
2025-01-22,23155.35,23887.12,23977.90,266.53,40.92,37.27,-248.96,-227.40,-21.55,39.23,TREND DOWN,,NEUTRAL,,-2.47,-2.07,5.76,-11.67,BEAR,AVOID,0,
2025-01-23,23205.35,23868.40,23981.76,260.36,43.95,37.09,-240.45,-230.01,-10.43,40.69,TREND DOWN,,NEUTRAL,,-2.26,-1.86,5.01,-11.48,BEAR,AVOID,0,
2025-01-24,23092.20,23852.58,23984.65,263.00,52.95,36.49,-240.06,-232.02,-8.04,38.44,TREND DOWN,,NEUTRAL,,-2.74,-2.34,4.81,-11.92,BEAR,AVOID,0,
2025-01-27,22829.15,23837.98,23986.22,266.02,48.12,36.67,-258.01,-237.22,-20.79,33.77,TREND DOWN,,NEUTRAL,BULL_DIV,-3.85,-3.45,5.83,-12.92,PANIC,NO-TOUCH,0,
2025-01-28,22957.25,23826.47,23987.68,269.07,51.23,36.12,-258.92,-241.56,-17.36,37.74,TREND DOWN,,NEUTRAL,,-3.31,-2.91,6.97,-12.43,BEAR,AVOID,0,
2025-01-29,23163.10,23820.66,23990.28,266.00,55.78,35.38,-240.25,-241.30,1.05,43.59,TREND DOWN,CROSS_UP,NEUTRAL,,-2.44,-2.04,7.13,-11.65,BEAR,AVOID,0,
2025-01-30,23249.50,23815.28,23992.76,260.06,63.97,33.98,-216.00,-236.24,20.24,45.89,TREND DOWN,,NEUTRAL,,-2.08,-1.67,9.47,-11.32,BEAR,AVOID,0,
2025-01-31,23508.40,23818.45,23997.70,262.72,56.46,31.68,-173.88,-223.77,49.88,52.17,TREND DOWN,,NEUTRAL,,-0.99,-0.58,9.58,-10.33,BEAR,AVOID,0,
2025-02-01,23482.15,23809.94,24003.75,266.40,53.91,29.63,-141.00,-207.21,66.21,51.52,TREND UP,,NEUTRAL,,0.00,-0.69,9.97,-10.43,EARLY-UP,HOLD,1,
2025-02-03,23361.05,23792.73,24009.82,265.95,55.11,27.70,-123.29,-190.43,67.14,48.50,TREND DOWN,,NEUTRAL,,-0.52,-1.20,7.47,-10.89,BEAR,AVOID,0,
2025-02-04,23739.25,23783.62,24018.53,275.65,51.94,26.91,-77.84,-167.91,90.07,56.98,TREND UP,,NEUTRAL,,1.09,0.40,10.30,-9.45,EARLY-UP,HOLD,1,
2025-02-05,23696.30,23772.05,24026.28,265.02,49.41,26.31,-44.77,-143.28,98.51,55.85,TREND UP,,NEUTRAL,,0.91,0.22,9.07,-9.61,EARLY-UP,HOLD,0,
2025-02-06,23603.35,23765.83,24032.62,261.61,49.38,25.21,-25.76,-119.78,94.02,53.40,TREND UP,,NEUTRAL,,0.52,-0.18,8.78,-9.97,EARLY-UP,HOLD,0,
2025-02-07,23559.95,23754.41,24038.58,260.87,47.32,23.72,-14.04,-98.63,84.59,52.24,RANGE,,NEUTRAL,,0.33,-0.36,7.81,-10.13,CHOP-UP,WATCH,0,RBI cut after 5 years
2025-02-10,23381.60,23736.52,24043.47,260.26,48.00,22.22,-18.93,-82.69,63.76,47.68,RANGE,,NEUTRAL,,-0.43,-1.11,7.39,-10.81,CHOP-MID,STAND-ASIDE,0,
2025-02-11,23071.80,23708.82,24045.98,270.49,50.27,21.93,-47.25,-75.60,28.35,40.98,RANGE,,NEUTRAL,,-1.75,-2.42,5.21,-11.99,CHOP-DOWN,STAND-ASIDE,0,
2025-02-12,23045.25,23680.37,24049.11,275.90,50.75,22.17,-71.02,-74.69,3.67,40.46,RANGE,,NEUTRAL,,-1.86,-2.54,5.08,-12.09,CHOP-DOWN,STAND-ASIDE,0,
2025-02-13,23031.40,23646.83,24051.05,273.58,50.56,22.01,-89.94,-77.74,-12.20,40.17,RANGE,CROSS_DOWN,NEUTRAL,,-1.92,-2.59,6.05,-12.15,CHOP-DOWN,STAND-ASIDE,0,
2025-02-14,22929.25,23611.86,24052.67,279.67,50.18,22.44,-111.89,-84.57,-27.32,38.01,RANGE,,NEUTRAL,,-2.35,-3.03,5.26,-12.54,CHOP-DOWN,STAND-ASIDE,0,
2025-02-17,22959.50,23578.67,24054.22,277.46,48.63,22.97,-125.39,-92.73,-32.66,39.05,RANGE,,NEUTRAL,,-2.23,-2.90,6.22,-12.42,CHOP-DOWN,STAND-ASIDE,0,
2025-02-18,22945.30,23545.38,24056.57,271.28,48.71,23.37,-135.68,-101.32,-34.36,38.72,RANGE,,NEUTRAL,,-2.29,-2.96,5.53,-12.48,CHOP-DOWN,STAND-ASIDE,0,
2025-02-19,22932.90,23511.20,24059.02,268.70,48.11,23.45,-143.18,-109.69,-33.49,38.42,RANGE,,NEUTRAL,,-2.34,-3.01,5.00,-12.52,CHOP-DOWN,STAND-ASIDE,0,
2025-02-20,22913.15,23478.49,24062.08,258.09,46.15,23.53,-149.00,-117.55,-31.45,37.91,RANGE,,NEUTRAL,,-2.42,-3.09,4.57,-12.60,WEAK,NO-BUY,0,
2025-02-21,22795.90,23439.04,24064.54,253.99,45.35,23.90,-161.22,-126.29,-34.93,34.93,RANGE,,NEUTRAL,,-2.92,-3.59,3.43,-13.05,WEAK,NO-BUY,0,
2025-02-24,22553.35,23396.74,24067.52,255.64,37.57,24.84,-188.30,-138.69,-49.61,29.74,RANGE,,OVERSOLD,,-3.96,-4.62,1.95,-13.97,WEAK,NO-BUY,0,
2025-02-25,22547.55,23360.97,24069.98,245.34,38.25,25.72,-207.83,-152.52,-55.32,29.62,TREND DOWN,,OVERSOLD,,-3.98,-4.64,1.58,-13.99,PANIC,NO-TOUCH,0,
2025-02-27,22545.05,23327.90,24072.19,235.31,39.28,26.55,-220.97,-166.21,-54.76,29.57,TREND DOWN,,OVERSOLD,,-3.99,-4.65,2.22,-14.00,PANIC,NO-TOUCH,0,
2025-02-28,22124.70,23291.36,24071.72,249.94,33.39,28.32,-262.28,-185.42,-76.85,22.40,TREND DOWN,,OVERSOLD,,-5.78,-6.43,-0.42,-15.61,PANIC,NO-TOUCH,0,
2025-03-03,22119.30,23261.99,24071.32,250.43,35.53,30.16,-292.08,-206.75,-85.33,22.32,TREND DOWN,,OVERSOLD,,0.00,-6.45,-0.42,-15.63,PANIC,NO-TOUCH,0,
2025-03-04,22082.65,23228.58,24069.71,243.60,36.03,31.95,-315.03,-228.41,-86.62,21.79,TREND DOWN,,OVERSOLD,,-0.17,-6.61,-0.18,-15.77,PANIC,NO-TOUCH,0,
2025-03-05,22337.30,23200.77,24069.07,249.56,35.81,31.88,-309.10,-244.55,-64.55,33.64,TREND DOWN,,NEUTRAL,,0.99,-5.53,0.63,-14.80,PANIC,NO-TOUCH,0,
2025-03-06,22544.70,23176.66,24069.14,253.92,39.75,31.02,-284.39,-252.52,-31.87,41.42,TREND DOWN,,NEUTRAL,,1.92,-4.65,2.70,-14.00,BEAR,AVOID,0,
2025-03-07,22552.50,23151.44,24068.92,247.86,40.35,29.87,-261.17,-254.25,-6.92,41.70,TREND DOWN,,NEUTRAL,,1.96,-4.62,2.59,-13.97,BEAR,AVOID,0,
2025-03-10,22460.30,23127.75,24066.38,247.85,40.33,28.59,-247.35,-252.87,5.52,39.33,TREND DOWN,CROSS_UP,NEUTRAL,,1.54,-5.01,0.54,-14.33,BEAR,AVOID,0,
2025-03-11,22497.90,23104.81,24064.09,244.96,40.53,27.82,-230.71,-248.43,17.73,40.81,TREND DOWN,,NEUTRAL,,1.71,-4.85,0.41,-14.18,BEAR,AVOID,0,
2025-03-12,22470.50,23079.36,24061.78,245.16,45.36,26.82,-217.23,-242.19,24.97,40.04,TREND DOWN,,NEUTRAL,,1.59,-4.97,0.51,-14.29,BEAR,AVOID,0,
2025-03-13,22397.20,23043.53,24059.32,240.56,46.19,25.90,-210.03,-235.76,25.73,37.99,TREND DOWN,,NEUTRAL,,1.26,-5.28,-0.34,-14.57,BEAR,AVOID,0,
2025-03-17,22508.75,23013.61,24058.34,239.37,57.63,25.14,-193.11,-227.23,34.12,42.79,TREND DOWN,,NEUTRAL,,1.76,-4.80,0.07,-14.14,BEAR,AVOID,0,
2025-03-18,22834.30,22997.98,24060.07,247.20,49.88,23.66,-151.68,-212.12,60.44,53.99,RANGE,,NEUTRAL,,3.23,-3.43,2.25,-12.90,CHOP-UP,WATCH,0,
2025-03-19,22907.60,22981.97,24061.95,239.03,46.76,22.64,-111.64,-192.02,80.38,56.08,RANGE,,NEUTRAL,,3.56,-3.12,2.56,-12.62,CHOP-UP,WATCH,0,
2025-03-20,23190.65,22972.01,24061.59,244.03,39.56,22.71,-56.42,-164.90,108.48,63.04,RANGE,,NEUTRAL,,4.84,-1.92,5.42,-11.54,CHOP-UP,WATCH,0,
2025-03-21,23350.40,22968.48,24068.92,245.88,32.45,23.32,0.23,-131.88,132.11,66.29,RANGE,,NEUTRAL,,5.57,-1.25,5.44,-10.93,CHOP-UP,WATCH,0,
2025-03-24,23658.35,22973.02,24074.11,253.91,26.26,24.65,69.18,-91.67,160.84,71.49,RANGE,,OVERBOUGHT,,6.96,0.06,7.42,-9.76,CHOP-UP,WATCH,0,
2025-03-25,23668.65,22984.68,24078.34,254.93,26.24,26.20,123.23,-48.69,171.92,71.65,TREND UP,,OVERBOUGHT,,7.00,0.10,7.31,-9.72,EARLY-UP,HOLD,1,
2025-03-26,23486.85,22990.89,24079.33,257.07,29.74,26.88,149.67,-9.01,158.69,64.84,TREND UP,,NEUTRAL,,6.18,-0.67,7.65,-10.41,EARLY-UP,HOLD,0,
2025-03-27,23591.95,22998.47,24080.99,255.44,30.56,27.31,177.06,28.20,148.86,66.80,TREND UP,,NEUTRAL,,6.66,-0.22,8.03,-10.01,EARLY-UP,HOLD,0,
2025-03-28,23519.35,23002.62,24082.26,251.41,30.88,27.71,190.72,60.70,130.01,64.13,TREND UP,,NEUTRAL,,6.33,-0.53,6.85,-10.29,EARLY-UP,HOLD,0,
2025-04-01,23165.70,23001.87,24081.48,264.07,32.79,26.57,171.03,82.77,88.26,53.03,TREND UP,,NEUTRAL,,0.00,-2.03,4.84,-11.64,EARLY-UP,HOLD,0,
2025-04-02,23332.35,23001.62,24081.14,258.89,32.99,25.52,166.95,99.61,67.34,56.82,TREND UP,,NEUTRAL,,0.72,-1.32,6.03,-11.00,EARLY-UP,HOLD,0,
2025-04-03,23250.10,23006.13,24080.07,253.73,32.94,24.48,155.29,110.74,44.55,54.49,RANGE,,NEUTRAL,,0.36,-1.67,5.09,-11.31,CHOP-UP,WATCH,0,
2025-04-04,22904.45,23001.11,24076.80,263.65,35.09,23.16,116.81,111.96,4.86,45.93,RANGE,,NEUTRAL,,-1.13,-3.13,2.59,-12.63,CHOP-MID,STAND-ASIDE,0,
2025-04-07,22161.60,22980.24,24070.03,327.73,30.59,24.56,26.08,94.78,-68.71,33.69,RANGE,CROSS_DOWN,NEUTRAL,,-4.33,-6.27,-1.34,-15.47,WEAK,NO-BUY,0,
2025-04-08,22535.85,22969.11,24064.87,342.58,32.04,24.39,-15.46,72.73,-88.19,42.07,RANGE,,NEUTRAL,,-2.72,-4.69,0.37,-14.04,CHOP-DOWN,STAND-ASIDE,0,
2025-04-09,22399.15,22960.51,24059.36,331.15,32.42,24.24,-58.73,46.44,-105.17,40.07,RANGE,,NEUTRAL,,-3.31,-5.27,-0.16,-14.56,CHOP-DOWN,STAND-ASIDE,0,
2025-04-11,22828.55,22957.93,24055.82,344.98,34.02,22.82,-57.70,25.61,-83.31,48.35,RANGE,,NEUTRAL,,-1.46,-3.45,1.39,-12.92,CHOP-DOWN,STAND-ASIDE,0,
2025-04-15,23328.55,22961.24,24053.85,358.90,35.93,21.87,-16.36,17.22,-33.58,55.97,RANGE,,NEUTRAL,,0.70,-1.34,3.62,-11.01,CHOP-DOWN,STAND-ASIDE,0,
2025-04-16,23437.20,22965.00,24051.69,346.06,34.67,21.15,24.89,18.75,6.14,57.44,RANGE,CROSS_UP,NEUTRAL,,1.17,-0.88,3.40,-10.60,CHOP-UP,WATCH,0,
2025-04-17,23851.65,22971.86,24050.73,362.32,36.75,21.26,89.98,33.00,56.99,62.57,RANGE,,NEUTRAL,,2.96,0.87,5.34,-9.02,CHOP-UP,WATCH,0,
2025-04-21,24125.55,22984.73,24051.30,360.58,31.84,21.87,161.81,58.76,103.05,65.53,RANGE,,NEUTRAL,,4.14,2.03,6.03,-7.97,STRONG-FLOW,BUY,0,
2025-04-22,24167.25,23000.85,24051.43,347.01,30.60,22.52,219.56,90.92,128.64,65.97,RANGE,,NEUTRAL,,4.32,2.21,7.32,-7.82,STRONG-FLOW,BUY,0,
2025-04-23,24328.95,23012.65,24052.46,339.32,29.14,23.31,275.21,127.78,147.43,67.70,RANGE,,NEUTRAL,,5.02,2.89,9.23,-7.20,STRONG-FLOW,BUY,0,
2025-04-24,24246.70,23023.66,24052.26,324.49,27.09,24.04,309.11,164.04,145.06,65.87,RANGE,,NEUTRAL,,4.67,2.55,9.48,-7.51,STRONG-FLOW,BUY,0,
2025-04-25,24039.35,23032.38,24050.94,338.28,29.25,23.58,315.61,194.36,121.25,61.36,RANGE,,NEUTRAL,,3.77,1.67,9.29,-8.30,CHOP-UP,WATCH,0,
2025-04-28,24328.50,23047.75,24050.97,336.67,30.10,23.15,340.16,223.52,116.65,64.96,RANGE,,NEUTRAL,,5.02,2.89,9.85,-7.20,STRONG-FLOW,BUY,0,
2025-04-29,24335.95,23066.83,24051.04,324.55,27.29,22.97,356.12,250.04,106.08,65.05,RANGE,,NEUTRAL,,5.05,2.92,8.95,-7.17,STRONG-FLOW,BUY,0,
2025-04-30,24334.20,23092.08,24050.55,315.46,28.28,22.51,364.43,272.92,91.51,65.01,RANGE,,NEUTRAL,,5.04,2.92,8.79,-7.18,STRONG-FLOW,BUY,0,
2025-05-02,24346.70,23118.11,24050.66,317.98,25.89,22.51,367.78,291.89,75.89,65.18,RANGE,,NEUTRAL,,0.00,2.97,8.68,-7.13,STRONG-FLOW,BUY,0,
2025-05-05,24461.15,23146.71,24051.39,308.10,32.16,22.51,375.35,308.58,66.76,66.82,RANGE,,NEUTRAL,,0.47,3.45,8.38,-6.69,STRONG-FLOW,BUY,0,
2025-05-06,24379.60,23175.71,24050.77,298.80,41.00,22.26,370.49,320.96,49.53,64.50,RANGE,,NEUTRAL,,0.14,3.11,8.74,-7.01,STRONG-FLOW,BUY,0,
2025-05-07,24414.40,23204.81,24049.91,293.85,39.86,21.61,365.24,329.82,35.42,65.05,RANGE,,NEUTRAL,,0.28,3.25,7.82,-6.87,STRONG-FLOW,BUY,0,
2025-05-08,24273.80,23231.38,24048.22,294.08,41.77,20.75,345.75,333.00,12.74,60.89,RANGE,,NEUTRAL,,-0.30,2.66,7.38,-7.41,STRONG-FLOW,BUY,0,
2025-05-09,24008.00,23252.88,24044.25,297.22,60.40,19.32,305.33,327.47,-22.14,53.88,CHOP,CROSS_DOWN,NEUTRAL,,-1.39,1.54,6.00,-8.42,CHOP-DOWN,STAND-ASIDE,0,
2025-05-12,24924.70,23293.11,24046.22,342.91,51.31,19.84,343.31,330.64,12.68,67.70,RANGE,CROSS_UP,NEUTRAL,,2.37,5.41,10.90,-4.93,CHOP-UP,WATCH,0,
2025-05-13,24578.35,23328.76,24046.57,348.86,52.54,20.37,341.53,332.82,8.71,60.34,RANGE,,NEUTRAL,,0.95,3.95,9.52,-6.25,STRONG-FLOW,BUY,0,
2025-05-14,24666.90,23371.03,24047.50,340.52,52.48,20.82,343.31,334.92,8.39,61.49,RANGE,,NEUTRAL,,1.32,4.32,10.60,-5.91,STRONG-FLOW,BUY,0,
2025-05-15,25062.10,23421.32,24050.75,360.61,51.88,21.91,372.31,342.39,29.92,66.21,RANGE,,NEUTRAL,BEAR_DIV,2.94,5.99,12.37,-4.40,TOP-WARNING,NO-NEW,0,
2025-05-16,25019.80,23470.82,24053.82,343.20,51.43,22.93,387.42,351.40,36.02,65.29,RANGE,,NEUTRAL,,2.76,5.82,13.95,-4.56,STRONG-FLOW,BUY,0,
2025-05-19,24945.45,23527.23,24054.37,329.14,50.00,23.73,388.91,358.90,30.01,63.61,RANGE,,NEUTRAL,,2.46,5.50,13.10,-4.85,STRONG-FLOW,BUY,0,
2025-05-20,24683.90,23578.53,24053.61,329.96,51.46,23.50,364.78,360.08,4.70,57.97,RANGE,,NEUTRAL,,1.38,4.39,11.67,-5.84,STRONG-FLOW,BUY,0,
2025-05-21,24813.45,23633.14,24053.39,325.13,52.00,23.28,352.05,358.47,-6.42,59.87,RANGE,CROSS_DOWN,NEUTRAL,,1.92,4.94,11.68,-5.35,CHOP-MID,STAND-ASIDE,0,
2025-05-22,24609.70,23678.59,24051.68,326.98,52.00,22.26,321.82,351.14,-29.33,55.62,RANGE,,NEUTRAL,,1.08,4.08,10.85,-6.13,CHOP-DOWN,STAND-ASIDE,0,
2025-05-23,24853.15,23724.76,24050.89,325.01,52.96,21.79,313.88,343.69,-29.81,59.33,RANGE,,NEUTRAL,,2.08,5.11,10.93,-5.20,CHOP-DOWN,STAND-ASIDE,0,
2025-05-26,25001.15,23773.73,24052.31,317.94,53.34,21.79,315.89,338.13,-22.24,61.45,RANGE,,NEUTRAL,,2.69,5.74,11.28,-4.63,CHOP-DOWN,STAND-ASIDE,0,
2025-05-27,24826.20,23821.05,24056.16,320.86,54.34,21.06,299.91,330.48,-30.58,57.63,RANGE,,NEUTRAL,,1.97,5.00,10.20,-5.30,CHOP-DOWN,STAND-ASIDE,0,
2025-05-28,24752.45,23866.14,24059.96,307.02,53.02,20.39,278.09,320.01,-41.92,56.05,RANGE,,NEUTRAL,,1.67,4.68,9.53,-5.58,CHOP-DOWN,STAND-ASIDE,0,
2025-05-29,24833.60,23913.40,24062.64,300.47,69.87,19.54,264.30,308.86,-44.57,57.44,CHOP,,NEUTRAL,,2.00,5.03,8.12,-5.27,CHOP-DOWN,STAND-ASIDE,0,
2025-05-30,24750.70,23960.47,24065.81,289.48,67.38,18.75,243.86,295.86,-52.00,55.52,CHOP,,NEUTRAL,,1.66,4.68,7.81,-5.59,CHOP-DOWN,STAND-ASIDE,0,
2025-06-02,24716.60,24004.63,24067.56,285.10,65.39,17.55,222.36,281.16,-58.80,54.70,CHOP,,NEUTRAL,,0.00,4.53,7.78,-5.72,CHOP-DOWN,STAND-ASIDE,0,
2025-06-03,24542.50,24038.79,24068.53,289.24,66.52,16.50,189.09,262.75,-73.66,50.64,CHOP,,NEUTRAL,,-0.70,3.80,7.23,-6.38,CHOP-DOWN,STAND-ASIDE,0,
2025-06-04,24620.20,24073.05,24070.94,276.71,63.27,15.53,167.06,243.61,-76.55,52.34,CHOP,,NEUTRAL,,-0.39,4.13,8.44,-6.09,CHOP-DOWN,STAND-ASIDE,0,
2025-06-05,24750.90,24104.25,24073.98,277.42,65.18,15.54,158.33,226.55,-68.22,55.14,CHOP,,NEUTRAL,,0.14,4.68,10.06,-5.59,CHOP-DOWN,STAND-ASIDE,0,
2025-06-06,25003.05,24137.30,24076.29,283.18,67.44,15.95,169.80,215.20,-45.41,60.03,CHOP,,NEUTRAL,,1.16,5.74,10.97,-4.63,CHOP-DOWN,STAND-ASIDE,0,
2025-06-09,25103.20,24166.20,24078.94,274.17,60.82,16.72,184.84,209.13,-24.29,61.81,CHOP,,NEUTRAL,,1.56,6.17,7.91,-4.24,CHOP-DOWN,STAND-ASIDE,0,
2025-06-10,25104.25,24194.91,24080.97,264.86,57.44,17.55,194.60,206.22,-11.63,61.82,CHOP,,NEUTRAL,,1.57,6.17,14.71,-4.24,CHOP-UP,WATCH,0,
2025-06-11,25141.40,24228.00,24082.82,256.02,55.85,18.38,202.99,205.58,-2.59,62.54,CHOP,,NEUTRAL,,1.72,6.33,11.15,-4.10,CHOP-UP,WATCH,0,
2025-06-12,24888.20,24253.93,24083.21,264.19,56.70,17.88,187.05,201.87,-14.82,54.97,CHOP,,NEUTRAL,,0.69,5.26,9.06,-5.07,CHOP-MID,STAND-ASIDE,0,
2025-06-13,24718.60,24277.91,24082.68,274.97,57.36,17.15,158.91,193.28,-34.37,50.55,CHOP,,NEUTRAL,,0.01,4.54,6.13,-5.71,CHOP-DOWN,STAND-ASIDE,0,
2025-06-16,24946.50,24313.53,24082.36,274.15,56.28,16.15,153.22,185.27,-32.04,55.70,CHOP,,NEUTRAL,,0.93,5.51,7.25,-4.84,CHOP-DOWN,STAND-ASIDE,0,
2025-06-17,24853.40,24343.95,24081.54,266.60,56.75,15.27,139.60,176.13,-36.54,53.26,CHOP,,NEUTRAL,,0.55,5.11,6.83,-5.20,CHOP-DOWN,STAND-ASIDE,0,
2025-06-18,24812.05,24375.19,24080.34,261.63,56.55,14.21,124.03,165.71,-41.68,52.17,CHOP,,NEUTRAL,,0.39,4.94,6.38,-5.36,CHOP-DOWN,STAND-ASIDE,0,
2025-06-19,24793.25,24412.97,24078.55,252.21,56.35,13.23,108.93,154.36,-45.43,51.65,CHOP,,NEUTRAL,,0.31,4.86,5.96,-5.43,CHOP-DOWN,STAND-ASIDE,0,
2025-06-20,25112.40,24471.98,24077.93,259.38,57.75,13.26,121.31,147.75,-26.44,59.09,CHOP,,NEUTRAL,,1.60,6.21,7.02,-4.21,CHOP-DOWN,STAND-ASIDE,0,
2025-06-23,24971.90,24520.70,24076.39,261.39,57.13,13.28,118.42,141.88,-23.46,55.07,CHOP,,NEUTRAL,,1.03,5.61,6.00,-4.75,CHOP-DOWN,STAND-ASIDE,0,
2025-06-24,25044.35,24573.61,24075.22,267.42,55.11,14.14,120.58,137.62,-17.04,56.71,CHOP,,NEUTRAL,,1.33,5.92,6.50,-4.47,CHOP-DOWN,STAND-ASIDE,0,
2025-06-25,25244.75,24621.93,24075.45,264.21,54.43,14.93,136.89,137.48,-0.58,60.94,RANGE,,NEUTRAL,,2.14,6.77,7.12,-3.70,CHOP-UP,WATCH,0,
2025-06-26,25549.00,24666.34,24077.47,268.23,44.29,16.48,172.38,144.46,27.92,66.33,RANGE,CROSS_UP,NEUTRAL,,3.37,8.05,8.71,-2.54,CHOP-UP,WATCH,0,
2025-06-27,25637.80,24710.35,24081.39,258.40,41.04,18.12,205.30,156.63,48.68,67.72,RANGE,,NEUTRAL,,3.73,8.43,8.92,-2.21,CHOP-UP,WATCH,0,
2025-06-30,25517.05,24743.66,24084.30,253.95,41.12,19.38,219.13,169.13,50.00,63.84,RANGE,,NEUTRAL,,3.24,7.92,7.57,-2.67,CHOP-UP,WATCH,0,
2025-07-01,25541.80,24771.99,24086.80,242.35,40.58,20.55,229.43,181.19,48.25,64.29,RANGE,,NEUTRAL,,0.00,8.02,7.01,-2.57,STRONG-FLOW,BUY,0,
2025-07-02,25453.40,24797.71,24089.48,241.42,39.02,20.93,227.84,190.52,37.32,61.34,RANGE,,NEUTRAL,,-0.35,7.65,5.86,-2.91,STRONG-FLOW,BUY,0,
2025-07-03,25405.30,24819.24,24089.56,238.69,44.66,21.28,220.16,196.45,23.72,59.74,RANGE,,NEUTRAL,,-0.53,7.45,5.81,-3.09,STRONG-FLOW,BUY,0,
2025-07-04,25461.00,24843.52,24090.08,231.54,44.31,21.30,216.08,200.37,15.71,61.01,RANGE,,NEUTRAL,,-0.32,7.68,5.46,-2.88,STRONG-FLOW,BUY,0,
2025-07-07,25461.30,24871.96,24090.47,220.90,43.21,21.39,210.44,202.39,8.05,61.02,RANGE,,NEUTRAL,,-0.32,7.68,5.54,-2.88,STRONG-FLOW,BUY,0,
2025-07-08,25522.50,24895.84,24090.99,213.97,42.25,21.71,208.51,203.61,4.90,62.53,RANGE,,NEUTRAL,,-0.08,7.94,5.09,-2.65,STRONG-FLOW,BUY,0,
2025-07-09,25476.10,24918.64,24091.48,207.57,44.27,22.00,200.92,203.07,-2.16,60.61,RANGE,CROSS_DOWN,NEUTRAL,,-0.26,7.75,4.83,-2.82,CHOP-UP,WATCH,0,
2025-07-10,25355.25,24939.06,24091.18,205.86,43.76,21.69,183.04,199.07,-16.03,55.82,RANGE,,NEUTRAL,,-0.73,7.23,4.24,-3.28,CHOP-DOWN,STAND-ASIDE,0,
2025-07-11,25149.85,24955.13,24087.97,207.31,51.68,20.15,150.56,189.37,-38.80,48.75,RANGE,,NEUTRAL,,-1.53,6.37,3.41,-4.07,CHOP-DOWN,STAND-ASIDE,0,
2025-07-14,25082.30,24967.55,24083.69,203.16,48.84,19.36,118.01,175.09,-57.08,46.66,RANGE,,NEUTRAL,,-1.80,6.08,2.66,-4.32,CHOP-DOWN,STAND-ASIDE,0,
2025-07-15,25195.80,24983.88,24079.97,200.28,47.90,18.11,100.22,160.12,-59.90,50.50,RANGE,,NEUTRAL,,-1.35,6.56,3.58,-3.89,CHOP-DOWN,STAND-ASIDE,0,
2025-07-16,25212.05,24999.83,24076.01,195.57,44.79,16.89,86.43,145.38,-58.95,51.05,RANGE,,NEUTRAL,,-1.29,6.63,3.69,-3.83,CHOP-DOWN,STAND-ASIDE,0,
2025-07-17,25111.45,25016.58,24070.48,191.41,44.91,15.87,66.62,129.63,-63.01,47.56,RANGE,,NEUTRAL,,-1.68,6.20,2.49,-4.21,CHOP-DOWN,STAND-ASIDE,0,
2025-07-18,24968.40,25035.79,24064.43,193.88,44.19,15.86,38.93,111.49,-72.56,43.07,RANGE,,NEUTRAL,,-2.24,5.60,1.55,-4.76,CHOP-DOWN,STAND-ASIDE,0,
2025-07-21,25090.70,25039.11,24060.83,196.39,44.53,16.03,26.54,94.50,-67.96,47.63,RANGE,,NEUTRAL,,-1.77,6.12,1.94,-4.29,CHOP-DOWN,STAND-ASIDE,0,
2025-07-22,25060.90,25048.76,24057.15,192.82,44.26,15.71,14.16,78.43,-64.27,46.65,RANGE,,NEUTRAL,,-1.88,5.99,1.05,-4.41,CHOP-DOWN,STAND-ASIDE,0,
2025-07-23,25219.90,25059.82,24057.00,191.38,45.89,15.09,16.98,66.14,-49.16,52.29,RANGE,,NEUTRAL,,-1.26,6.66,2.81,-3.80,CHOP-DOWN,STAND-ASIDE,0,
2025-07-24,25062.10,25059.82,24057.24,193.96,47.37,14.87,6.41,54.20,-47.78,46.98,RANGE,,NEUTRAL,,-1.88,5.99,2.26,-4.40,CHOP-DOWN,STAND-ASIDE,0,
2025-07-25,24837.00,25056.16,24057.44,198.38,46.00,15.67,-19.90,39.38,-59.28,40.64,RANGE,,NEUTRAL,,-2.76,5.04,1.46,-5.26,CHOP-DOWN,STAND-ASIDE,0,
2025-07-28,24680.90,25050.87,24055.78,201.54,40.37,17.02,-52.74,20.95,-73.69,36.92,RANGE,,NEUTRAL,,-3.37,4.38,1.10,-5.86,WEAK,NO-BUY,0,
2025-07-29,24821.10,25053.62,24054.98,204.89,41.16,18.44,-66.68,3.43,-70.11,42.05,RANGE,,NEUTRAL,,-2.82,4.97,1.70,-5.32,CHOP-DOWN,STAND-ASIDE,0,
2025-07-30,24855.05,25054.45,24054.26,199.57,49.72,19.35,-74.14,-12.09,-62.05,43.25,RANGE,,NEUTRAL,,-2.69,5.12,0.08,-5.19,CHOP-DOWN,STAND-ASIDE,0,
2025-07-31,24768.35,25057.62,24053.28,208.28,54.73,20.69,-86.06,-26.88,-59.17,40.91,RANGE,,NEUTRAL,,-3.03,4.75,-0.27,-5.52,CHOP-DOWN,STAND-ASIDE,0,
2025-08-01,24565.35,25051.87,24050.47,211.19,52.57,22.26,-110.60,-43.63,-66.98,36.01,RANGE,,NEUTRAL,,0.00,3.89,-1.17,-6.30,WEAK,NO-BUY,0,
2025-08-04,24722.75,25046.30,24048.79,209.13,52.82,23.72,-116.02,-58.10,-57.91,41.83,RANGE,,NEUTRAL,,0.64,4.56,-0.92,-5.70,CHOP-DOWN,STAND-ASIDE,0,
2025-08-05,24649.55,25042.77,24047.18,204.39,53.41,25.07,-124.78,-71.44,-53.34,40.01,TREND DOWN,,NEUTRAL,,0.34,4.25,-1.44,-5.98,BEAR,AVOID,0,
2025-08-06,24574.20,25039.20,24046.31,199.23,53.35,26.51,-136.23,-84.40,-51.83,38.16,TREND DOWN,,NEUTRAL,,0.04,3.93,-0.58,-6.26,BEAR,AVOID,0,
2025-08-07,24596.15,25034.45,24045.02,205.72,45.16,28.46,-141.90,-95.90,-46.00,39.05,TREND DOWN,,NEUTRAL,,0.13,4.02,2.25,-6.18,BEAR,AVOID,0,
2025-08-08,24363.30,25026.70,24042.93,209.50,45.26,30.30,-163.30,-109.38,-53.92,33.58,TREND DOWN,,NEUTRAL,,-0.82,3.04,1.55,-7.07,PANIC,NO-TOUCH,0,
2025-08-11,24585.05,25024.07,24043.49,212.64,46.59,31.84,-160.51,-119.61,-40.91,41.92,TREND DOWN,,NEUTRAL,,0.08,3.98,1.18,-6.22,BEAR,AVOID,0,
2025-08-12,24487.40,25022.97,24043.75,214.37,47.36,32.29,-164.29,-128.54,-35.75,39.56,TREND DOWN,,NEUTRAL,,-0.32,3.56,1.54,-6.59,BEAR,AVOID,0,
2025-08-13,24619.35,25022.95,24044.85,211.71,58.15,32.71,-154.86,-133.81,-21.05,44.13,TREND DOWN,,NEUTRAL,,0.22,4.12,1.03,-6.09,BEAR,AVOID,0,
2025-08-14,24631.30,25020.56,24047.10,202.07,59.07,33.00,-144.74,-135.99,-8.75,44.54,TREND DOWN,,NEUTRAL,,0.27,4.17,1.17,-6.04,BEAR,AVOID,0,
2025-08-18,24876.95,25018.04,24049.79,215.55,57.12,30.73,-115.58,-131.91,16.33,52.28,TREND UP,CROSS_UP,NEUTRAL,,1.27,5.21,3.06,-5.11,EARLY-UP,HOLD,1,
2025-08-19,24980.65,25015.59,24052.36,210.06,55.75,28.62,-83.13,-122.15,39.02,55.12,TREND UP,,NEUTRAL,,1.69,5.65,3.47,-4.71,ALL-ALIGN BULL,BUY,0,
2025-08-20,25050.55,25014.51,24055.91,206.41,52.59,27.12,-51.19,-107.96,56.77,56.99,TREND UP,,NEUTRAL,,1.98,5.95,2.08,-4.45,ALL-ALIGN BULL,BUY,0,
2025-08-21,25083.75,25013.36,24060.30,199.03,46.59,26.11,-22.94,-90.96,68.02,57.88,TREND UP,,NEUTRAL,,2.11,6.09,2.08,-4.32,ALL-ALIGN BULL,BUY,0,
2025-08-22,24870.10,25013.00,24063.13,200.94,46.27,24.58,-17.58,-76.28,58.70,50.59,RANGE,,NEUTRAL,,1.24,5.18,0.69,-5.13,CHOP-MID,STAND-ASIDE,0,
2025-08-25,24967.75,25017.98,24067.99,197.40,45.84,23.16,-5.39,-62.10,56.71,53.48,RANGE,,NEUTRAL,,1.64,5.60,0.80,-4.76,CHOP-UP,WATCH,0,
2025-08-26,24712.05,25013.29,24070.49,203.17,47.67,22.93,-16.18,-52.92,36.74,45.92,RANGE,,NEUTRAL,,0.60,4.51,-0.40,-5.74,CHOP-MID,STAND-ASIDE,0,
2025-08-28,24500.90,25006.24,24070.57,205.12,48.95,23.56,-41.29,-50.59,9.30,40.79,RANGE,,NEUTRAL,,-0.26,3.62,-1.30,-6.54,CHOP-DOWN,STAND-ASIDE,0,
2025-08-29,24426.85,24998.54,24071.71,202.45,47.36,24.41,-66.40,-53.76,-12.65,39.14,RANGE,CROSS_DOWN,NEUTRAL,,-0.56,3.31,-2.33,-6.82,CHOP-DOWN,STAND-ASIDE,0,
2025-09-01,24625.05,24995.18,24074.09,202.90,47.15,24.76,-69.51,-56.91,-12.60,45.50,RANGE,,NEUTRAL,,0.00,4.15,-1.57,-6.07,CHOP-MID,STAND-ASIDE,0,
2025-09-02,24579.60,24984.52,24076.28,205.10,49.67,24.26,-74.78,-60.48,-14.30,44.36,RANGE,,NEUTRAL,,-0.18,3.95,-1.89,-6.24,CHOP-DOWN,STAND-ASIDE,0,
2025-09-03,24715.05,24979.38,24080.44,205.01,49.22,23.80,-67.25,-61.83,-5.41,48.51,RANGE,,NEUTRAL,,0.37,4.53,-1.74,-5.73,CHOP-MID,STAND-ASIDE,0,
2025-09-04,24734.30,24973.18,24086.32,209.84,50.51,22.27,-59.04,-61.28,2.23,49.09,RANGE,CROSS_UP,NEUTRAL,,0.44,4.61,-1.99,-5.65,CHOP-MID,STAND-ASIDE,0,
2025-09-05,24741.00,24963.11,24092.36,209.90,52.26,20.96,-51.41,-59.30,7.89,49.31,RANGE,,NEUTRAL,,0.47,4.64,-2.13,-5.63,CHOP-MID,STAND-ASIDE,0,
2025-09-08,24773.15,24947.59,24098.96,205.23,48.99,19.47,-42.28,-55.90,13.62,50.39,RANGE,,NEUTRAL,,0.60,4.77,-2.00,-5.50,CHOP-MID,STAND-ASIDE,0,
2025-09-09,24868.60,24932.21,24105.71,199.05,48.71,18.12,-27.03,-50.12,23.09,53.55,RANGE,,NEUTRAL,,0.99,5.18,-1.31,-5.14,CHOP-UP,WATCH,0,
2025-09-10,24973.10,24921.33,24113.82,196.76,48.82,17.65,-6.44,-41.39,34.95,56.81,RANGE,,NEUTRAL,,1.41,5.62,-0.68,-4.74,CHOP-UP,WATCH,0,
2025-09-11,25005.50,24910.60,24119.32,189.65,52.39,17.21,12.35,-30.64,42.99,57.79,RANGE,,NEUTRAL,,1.54,5.75,0.62,-4.62,CHOP-UP,WATCH,0,
2025-09-12,25114.00,24903.81,24123.78,185.67,48.16,17.32,35.59,-17.39,52.98,61.00,RANGE,,NEUTRAL,,1.99,6.21,0.71,-4.20,CHOP-UP,WATCH,0,
2025-09-15,25069.20,24897.09,24128.15,178.82,47.25,17.43,49.82,-3.95,53.77,59.01,RANGE,,NEUTRAL,,1.80,6.02,0.11,-4.37,CHOP-UP,WATCH,0,
2025-09-16,25239.10,24892.65,24132.97,179.77,40.14,18.13,73.95,11.63,62.32,63.84,RANGE,,NEUTRAL,,2.49,6.74,1.29,-3.73,CHOP-UP,WATCH,0,
2025-09-17,25330.25,24890.03,24140.05,174.60,34.62,19.14,99.28,29.16,70.12,66.15,RANGE,,NEUTRAL,,2.86,7.13,-0.23,-3.38,CHOP-UP,WATCH,0,
2025-09-18,25423.60,24888.05,24146.51,170.65,30.94,20.49,125.45,48.42,77.03,68.37,RANGE,,NEUTRAL,,3.24,7.52,0.26,-3.02,CHOP-UP,WATCH,0,
2025-09-19,25327.05,24885.07,24151.77,168.63,33.33,21.38,136.82,66.10,70.72,63.71,RANGE,,NEUTRAL,,2.85,7.11,-0.22,-3.39,CHOP-UP,WATCH,0,
2025-09-22,25202.35,24882.01,24155.49,169.49,32.87,21.15,134.22,79.72,54.49,58.19,RANGE,,NEUTRAL,,2.34,6.59,-0.85,-3.87,CHOP-UP,WATCH,0,
2025-09-23,25169.50,24882.41,24159.00,170.04,36.25,20.48,128.03,89.38,38.65,56.79,RANGE,,NEUTRAL,,2.21,6.45,-0.82,-3.99,CHOP-UP,WATCH,0,
2025-09-24,25056.90,24881.90,24160.75,168.04,33.88,19.46,112.74,94.05,18.69,52.17,RANGE,,NEUTRAL,,1.75,5.97,-1.41,-4.42,CHOP-UP,WATCH,0,
2025-09-25,24890.85,24875.80,24161.81,171.36,40.42,18.54,86.23,92.49,-6.26,46.20,RANGE,CROSS_DOWN,NEUTRAL,,1.08,5.27,-3.49,-5.05,CHOP-MID,STAND-ASIDE,0,
2025-09-26,24654.70,24864.65,24161.99,177.79,36.43,18.87,45.64,83.12,-37.48,39.31,RANGE,,NEUTRAL,,0.12,4.27,-4.95,-5.96,CHOP-DOWN,STAND-ASIDE,0,
2025-09-29,24634.90,24855.12,24162.11,178.31,36.53,19.28,11.74,68.84,-57.10,38.79,RANGE,,NEUTRAL,,0.04,4.19,-5.03,-6.03,CHOP-DOWN,STAND-ASIDE,0,
2025-09-30,24611.10,24847.98,24161.96,175.87,35.31,19.74,-16.85,51.70,-68.56,38.13,RANGE,,NEUTRAL,,-0.06,4.09,-5.36,-6.12,CHOP-DOWN,STAND-ASIDE,0,
2025-10-01,24836.30,24842.89,24163.40,182.02,38.07,19.22,-21.10,37.14,-58.24,47.23,RANGE,,NEUTRAL,,0.00,5.04,-5.26,-5.26,CHOP-DOWN,STAND-ASIDE,0,
2025-10-03,24894.25,24839.56,24164.03,180.25,38.44,18.49,-19.56,25.80,-45.36,49.29,RANGE,,NEUTRAL,,0.23,5.28,-4.91,-5.04,CHOP-DOWN,STAND-ASIDE,0,
2025-10-06,25077.65,24836.71,24166.08,182.68,40.38,17.64,-3.51,19.94,-23.45,55.26,RANGE,,NEUTRAL,,0.97,6.06,-2.84,-4.34,CHOP-DOWN,STAND-ASIDE,0,
2025-10-07,25108.30,24837.63,24169.94,179.96,39.65,17.45,11.56,18.26,-6.70,56.19,RANGE,,NEUTRAL,,1.10,6.19,-2.67,-4.23,CHOP-MID,STAND-ASIDE,0,
2025-10-08,25046.15,24841.82,24174.17,180.25,40.81,16.86,18.27,18.27,0.01,53.75,RANGE,CROSS_UP,NEUTRAL,,0.84,5.93,-0.81,-4.46,CHOP-UP,WATCH,0,
2025-10-09,25181.80,24851.84,24180.32,179.87,42.54,16.34,34.15,21.44,12.70,58.03,RANGE,,NEUTRAL,,1.39,6.50,0.67,-3.95,CHOP-UP,WATCH,0,
2025-10-10,25285.35,24861.12,24188.81,179.44,47.64,16.52,54.45,28.05,26.41,60.99,RANGE,,NEUTRAL,,1.81,6.94,1.97,-3.55,CHOP-UP,WATCH,0,
2025-10-13,25227.35,24868.57,24196.18,176.13,47.00,16.66,65.12,35.46,29.66,58.50,RANGE,,NEUTRAL,,1.57,6.69,0.86,-3.77,CHOP-UP,WATCH,0,
2025-10-14,25145.50,24876.11,24203.27,181.39,48.05,16.14,66.20,41.61,24.59,55.08,RANGE,,NEUTRAL,,1.24,6.35,0.65,-4.08,CHOP-UP,WATCH,0,
2025-10-15,25323.55,24891.27,24211.14,184.13,47.43,15.96,80.50,49.39,31.11,60.49,RANGE,,NEUTRAL,,1.96,7.10,1.30,-3.40,CHOP-UP,WATCH,0,
2025-10-16,25585.30,24908.52,24220.00,192.53,37.69,16.98,111.66,61.84,49.82,66.82,RANGE,,NEUTRAL,,3.02,8.21,2.49,-2.41,CHOP-UP,WATCH,0,
2025-10-17,25709.85,24929.73,24230.32,198.27,32.54,18.48,144.74,78.42,66.32,69.34,RANGE,,NEUTRAL,,3.52,8.73,2.32,-1.93,CHOP-UP,WATCH,0,
2025-10-20,25843.15,24955.11,24241.32,199.57,28.62,20.31,179.64,98.67,80.98,71.80,RANGE,,OVERBOUGHT,,4.05,9.30,3.14,-1.42,STRONG-FLOW,BUY,0,
2025-10-21,25868.60,24980.56,24251.94,193.06,28.43,22.03,206.97,120.33,86.64,72.26,RANGE,,OVERBOUGHT,,4.16,9.41,3.59,-1.33,TOP-WARNING,NO-NEW,0,
2025-10-23,25891.40,25011.12,24260.46,196.54,27.36,24.10,227.84,141.83,86.01,72.69,RANGE,,OVERBOUGHT,,4.25,9.50,4.61,-1.24,TOP-WARNING,NO-NEW,0,
2025-10-24,25795.15,25035.32,24269.41,198.64,32.23,24.97,233.92,160.25,73.67,67.92,RANGE,,NEUTRAL,,3.86,9.09,3.79,-1.61,STRONG-FLOW,BUY,0,
2025-10-27,25966.05,25064.90,24281.16,199.51,36.33,25.97,249.65,178.13,71.52,71.49,TREND UP,,OVERBOUGHT,,4.55,9.82,4.78,-0.95,ALL-ALIGN BULL,BUY,1,
2025-10-28,25936.20,25091.23,24292.30,201.81,37.47,27.02,256.74,193.85,62.89,70.03,TREND UP,,OVERBOUGHT,,4.43,9.69,5.98,-1.07,ALL-ALIGN BULL,BUY,0,
2025-10-29,26053.90,25119.68,24304.13,198.94,37.73,28.17,268.77,208.83,59.93,72.43,TREND UP,,OVERBOUGHT,,4.90,10.19,6.62,-0.62,TOP-WARNING,NO-NEW,0,
2025-10-30,25877.85,25139.70,24315.88,199.63,39.46,28.36,261.08,219.28,41.80,64.14,TREND UP,,NEUTRAL,,4.19,9.44,6.06,-1.29,ALL-ALIGN BULL,BUY,0,
2025-10-31,25722.10,25154.53,24327.34,202.70,40.33,27.63,239.66,223.36,16.30,57.84,TREND UP,,NEUTRAL,,3.57,8.79,6.37,-1.88,ALL-ALIGN BULL,BUY,0,
2025-11-03,25763.35,25168.79,24340.72,199.48,40.63,26.55,223.43,223.37,0.06,58.99,TREND UP,,NEUTRAL,,0.00,8.96,5.85,-1.73,ALL-ALIGN BULL,BUY,0,
2025-11-04,25597.65,25179.07,24352.83,200.16,43.89,25.13,194.96,217.69,-22.73,52.76,TREND UP,CROSS_DOWN,NEUTRAL,,-0.64,8.26,4.62,-2.36,EARLY-UP,HOLD,0,
2025-11-06,25509.70,25191.86,24364.31,199.26,53.40,23.36,163.41,206.83,-43.42,49.76,RANGE,,NEUTRAL,,-0.98,7.89,4.80,-2.69,CHOP-DOWN,STAND-ASIDE,0,
2025-11-07,25492.30,25202.35,24375.22,201.66,49.58,22.60,135.44,192.56,-57.11,49.16,RANGE,,NEUTRAL,,-1.05,7.81,5.32,-2.76,CHOP-DOWN,STAND-ASIDE,0,
2025-11-10,25574.35,25219.59,24387.07,198.76,48.10,21.31,118.53,177.75,-59.22,52.08,RANGE,,NEUTRAL,,-0.73,8.16,5.23,-2.45,CHOP-DOWN,STAND-ASIDE,0,
2025-11-11,25694.95,25243.48,24398.82,203.60,48.77,19.81,113.55,164.91,-51.36,56.07,RANGE,,NEUTRAL,,-0.27,8.67,7.08,-1.99,CHOP-DOWN,STAND-ASIDE,0,
2025-11-12,25875.80,25272.45,24413.08,206.18,50.48,19.47,122.79,156.49,-33.70,61.27,RANGE,,NEUTRAL,,0.44,9.44,6.87,-1.30,CHOP-DOWN,STAND-ASIDE,0,
2025-11-13,25879.15,25297.54,24426.70,205.90,50.28,19.47,128.89,150.97,-22.08,61.36,RANGE,,NEUTRAL,,0.45,9.45,5.70,-1.29,CHOP-DOWN,STAND-ASIDE,0,
2025-11-14,25910.05,25324.15,24440.22,205.43,49.94,19.07,134.66,147.71,-13.04,62.24,RANGE,,NEUTRAL,,0.57,9.58,7.07,-1.17,CHOP-UP,WATCH,0,
2025-11-17,26013.45,25350.11,24454.83,199.18,48.71,19.06,145.90,147.35,-1.44,65.12,RANGE,,NEUTRAL,,0.97,10.02,7.72,-0.77,CHOP-UP,WATCH,0,
2025-11-18,25910.05,25373.63,24470.23,195.90,47.64,18.87,144.80,146.84,-2.04,60.18,RANGE,,NEUTRAL,,0.57,9.58,7.33,-1.17,CHOP-UP,WATCH,0,
2025-11-19,26052.65,25399.86,24485.71,197.52,49.56,18.90,153.66,148.20,5.46,64.21,RANGE,CROSS_UP,NEUTRAL,,1.12,10.18,9.08,-0.62,CHOP-UP,WATCH,0,
2025-11-20,26192.15,25428.24,24500.85,197.26,41.60,19.65,169.98,152.56,17.42,67.66,RANGE,,NEUTRAL,,1.66,10.77,11.18,-0.09,CHOP-UP,WATCH,0,
2025-11-21,26068.15,25452.23,24514.95,193.17,40.17,20.27,170.93,156.23,14.70,61.95,RANGE,,NEUTRAL,,1.18,10.25,10.77,-0.56,STRONG-FLOW,BUY,0,
2025-11-24,25959.50,25471.96,24527.20,195.85,41.19,19.88,161.07,157.20,3.87,57.38,RANGE,,NEUTRAL,,0.76,9.79,10.68,-0.98,CHOP-UP,WATCH,0,
2025-11-25,25884.80,25489.55,24539.22,194.37,40.72,19.16,145.54,154.87,-9.33,54.40,RANGE,CROSS_DOWN,NEUTRAL,,0.47,9.47,10.06,-1.26,CHOP-MID,STAND-ASIDE,0,
2025-11-26,26205.30,25511.37,24553.44,207.07,43.21,19.36,157.29,155.35,1.94,63.21,RANGE,CROSS_UP,NEUTRAL,,1.72,10.83,12.23,-0.04,CHOP-UP,WATCH,0,
2025-11-27,26215.55,25534.30,24565.82,204.32,45.20,19.92,165.51,157.38,8.13,63.45,RANGE,,NEUTRAL,BEAR_DIV,1.76,10.87,9.66,-0.00,TOP-WARNING,NO-NEW,0,
2025-11-28,26202.95,25553.58,24578.35,197.46,44.49,20.45,169.07,159.72,9.35,62.90,RANGE,,NEUTRAL,,1.71,10.82,8.18,-0.05,STRONG-FLOW,BUY,0,
2025-12-01,26175.75,25570.49,24591.21,197.76,58.25,20.58,167.76,161.33,6.43,61.66,CHOP,,NEUTRAL,,0.00,10.70,8.19,-0.15,STRONG-FLOW,BUY,0,
2025-12-02,26032.20,25582.66,24603.57,196.34,57.38,19.83,153.37,159.74,-6.37,55.43,CHOP,CROSS_DOWN,NEUTRAL,,-0.55,10.10,7.24,-0.70,CHOP-MID,STAND-ASIDE,0,
2025-12-03,25986.00,25595.84,24616.60,194.85,57.00,18.48,136.66,155.12,-18.46,53.56,CHOP,,NEUTRAL,,-0.72,9.90,8.66,-0.88,CHOP-DOWN,STAND-ASIDE,0,
2025-12-04,26033.75,25612.47,24631.41,192.31,63.69,17.41,125.82,149.26,-23.44,55.24,CHOP,,NEUTRAL,,-0.54,10.10,7.88,-0.70,CHOP-DOWN,STAND-ASIDE,0,
2025-12-05,26186.45,25632.80,24647.11,194.09,65.11,17.00,128.08,145.02,-16.95,60.21,CHOP,,NEUTRAL,,0.04,10.75,7.87,-0.11,CHOP-DOWN,STAND-ASIDE,0,
2025-12-08,25960.55,25650.88,24661.76,201.24,67.05,16.02,110.36,138.09,-27.73,51.16,CHOP,,NEUTRAL,,-0.82,9.79,6.15,-0.97,CHOP-DOWN,STAND-ASIDE,0,
2025-12-09,25839.65,25669.85,24676.31,203.48,59.14,15.56,85.58,127.59,-42.01,47.08,CHOP,,NEUTRAL,,-1.28,9.28,5.61,-1.44,CHOP-DOWN,STAND-ASIDE,0,
2025-12-10,25758.00,25691.92,24690.30,204.16,59.40,14.98,58.68,113.81,-55.13,44.50,CHOP,,NEUTRAL,,-1.60,8.94,4.25,-1.75,CHOP-DOWN,STAND-ASIDE,0,
2025-12-11,25898.55,25717.19,24705.07,205.98,58.42,14.67,48.15,100.68,-52.53,49.62,CHOP,,NEUTRAL,,-1.06,9.53,4.95,-1.21,CHOP-DOWN,STAND-ASIDE,0,
2025-12-12,26046.95,25745.91,24720.64,202.63,57.49,13.71,51.18,90.78,-39.59,54.40,CHOP,,NEUTRAL,,-0.49,10.16,5.80,-0.65,CHOP-DOWN,STAND-ASIDE,0,
2025-12-15,26027.30,25769.73,24736.21,198.32,57.06,12.85,51.41,82.90,-31.49,53.68,CHOP,,NEUTRAL,,-0.57,10.08,5.76,-0.72,CHOP-DOWN,STAND-ASIDE,0,
2025-12-16,25860.10,25789.05,24751.53,197.94,54.60,12.46,37.66,73.86,-36.19,47.82,RANGE,,NEUTRAL,,-1.21,9.37,4.94,-1.36,CHOP-DOWN,STAND-ASIDE,0,
2025-12-17,25818.55,25803.86,24767.86,195.14,54.46,12.47,23.15,63.71,-40.56,46.47,RANGE,,NEUTRAL,,-1.36,9.19,5.17,-1.52,CHOP-DOWN,STAND-ASIDE,0,
2025-12-18,25815.55,25818.01,24784.20,193.78,55.41,12.72,11.28,53.23,-41.95,46.37,CHOP,,NEUTRAL,,-1.38,9.18,4.23,-1.53,CHOP-DOWN,STAND-ASIDE,0,
2025-12-19,25966.40,25836.41,24801.30,192.64,63.29,12.28,13.88,45.36,-31.48,52.07,CHOP,,NEUTRAL,,-0.80,9.82,5.26,-0.95,CHOP-DOWN,STAND-ASIDE,0,
2025-12-22,26172.40,25856.23,24821.54,194.19,63.79,12.08,32.19,42.72,-10.53,58.56,CHOP,,NEUTRAL,,-0.01,10.69,7.55,-0.17,CHOP-MID,STAND-ASIDE,0,
2025-12-23,26177.15,25874.06,24841.83,188.49,60.71,12.18,46.55,43.49,3.06,58.70,CHOP,CROSS_UP,NEUTRAL,,0.01,10.71,8.18,-0.15,CHOP-UP,WATCH,0,
2025-12-24,26142.10,25892.36,24862.13,183.13,59.85,12.29,54.48,45.69,8.79,57.18,CHOP,,NEUTRAL,,-0.13,10.56,9.15,-0.28,CHOP-UP,WATCH,0,
2025-12-26,26042.30,25910.29,24880.65,179.74,58.66,11.58,52.11,46.97,5.13,52.97,CHOP,,NEUTRAL,,-0.51,10.14,10.41,-0.66,CHOP-UP,WATCH,0,
2025-12-29,25942.10,25922.66,24897.64,180.22,57.03,11.14,41.66,45.91,-4.25,49.06,CHOP,CROSS_DOWN,NEUTRAL,,-0.89,9.72,9.21,-1.04,CHOP-MID,STAND-ASIDE,0,
2025-12-30,25938.85,25929.74,24914.57,174.40,54.90,10.98,32.74,43.28,-10.54,48.93,RANGE,,NEUTRAL,,-0.91,9.70,9.32,-1.06,CHOP-MID,STAND-ASIDE,0,
2025-12-31,26129.60,25938.13,24932.92,179.73,55.48,10.87,40.60,42.74,-2.14,56.07,CHOP,,NEUTRAL,,-0.18,10.51,10.02,-0.33,CHOP-MID,STAND-ASIDE,0,
2026-01-01,26146.55,25944.20,24951.16,172.91,55.44,10.82,47.64,43.72,3.92,56.65,CHOP,CROSS_UP,NEUTRAL,,0.00,0.06,9.80,-0.27,CHOP-UP,WATCH,0,
2026-01-02,26328.55,25953.40,24970.45,176.39,49.50,11.52,67.14,48.40,18.73,62.39,RANGE,,NEUTRAL,,0.70,0.76,11.35,0.00,CHOP-UP,WATCH,0,
2026-01-05,26250.30,25960.58,24989.72,175.44,47.84,12.33,75.40,53.80,21.60,58.79,RANGE,,NEUTRAL,,0.40,0.46,11.02,-0.30,CHOP-UP,WATCH,0,
2026-01-06,26178.70,25968.25,25008.07,173.57,47.11,12.44,75.31,58.10,17.20,55.62,RANGE,,NEUTRAL,,0.12,0.19,10.26,-0.57,CHOP-UP,WATCH,0,
2026-01-07,26140.75,25971.74,25024.60,169.69,46.44,12.14,71.35,60.75,10.60,53.96,RANGE,,NEUTRAL,,-0.02,0.04,8.07,-0.71,CHOP-UP,WATCH,0,
2026-01-08,25876.85,25970.55,25039.45,177.73,56.88,11.95,46.38,57.88,-11.50,44.11,CHOP,CROSS_DOWN,NEUTRAL,,-1.03,-0.97,7.80,-1.72,CHOP-DOWN,STAND-ASIDE,0,
2026-01-09,25683.30,25963.14,25051.91,187.72,44.84,12.85,10.85,48.47,-37.62,38.55,RANGE,,NEUTRAL,,-1.77,-1.71,8.75,-2.45,CHOP-DOWN,STAND-ASIDE,0,
2026-01-12,25790.25,25961.39,25064.11,198.58,39.84,14.23,-8.58,37.06,-45.64,42.84,RANGE,,NEUTRAL,,-1.36,-1.30,8.78,-2.04,CHOP-DOWN,STAND-ASIDE,0,
2026-01-13,25732.30,25961.59,25074.48,205.57,42.43,14.95,-28.32,23.99,-52.31,41.16,RANGE,,NEUTRAL,,-1.58,-1.52,8.63,-2.26,CHOP-DOWN,STAND-ASIDE,0,
2026-01-14,25665.60,25959.64,25084.46,204.30,43.44,15.61,-48.79,9.43,-58.22,39.26,RANGE,,NEUTRAL,,-1.84,-1.78,9.09,-2.52,CHOP-DOWN,STAND-ASIDE,0,
2026-01-16,25694.35,25961.57,25095.50,204.79,44.43,15.69,-61.98,-4.85,-57.13,40.54,RANGE,,NEUTRAL,,-1.73,-1.67,9.66,-2.41,CHOP-DOWN,STAND-ASIDE,0,
2026-01-19,25585.50,25963.09,25105.47,204.45,44.61,16.47,-80.29,-19.94,-60.35,37.34,RANGE,,NEUTRAL,,-2.15,-2.08,10.83,-2.82,WEAK,NO-BUY,0,
2026-01-20,25232.50,25957.89,25114.03,219.43,37.53,18.23,-121.88,-40.33,-81.55,29.27,RANGE,,OVERSOLD,,-3.50,-3.43,8.87,-4.16,WEAK,NO-BUY,0,
2026-01-21,25157.50,25949.56,25123.99,230.98,31.84,20.47,-159.06,-64.07,-94.98,27.89,RANGE,,OVERSOLD,,-3.78,-3.72,8.38,-4.45,WEAK,NO-BUY,0,
2026-01-22,25289.90,25941.45,25133.78,234.35,33.97,21.74,-175.81,-86.42,-89.39,33.82,RANGE,,NEUTRAL,,-3.28,-3.21,8.49,-3.94,WEAK,NO-BUY,0,
2026-01-23,25048.65,25924.91,25142.77,240.66,35.03,23.26,-206.18,-110.37,-95.81,29.12,RANGE,,OVERSOLD,,-4.20,-4.14,7.95,-4.86,WEAK,NO-BUY,0,
2026-01-27,25175.40,25910.84,25154.13,245.91,39.24,24.90,-217.51,-131.80,-85.71,34.29,RANGE,,NEUTRAL,,-3.71,-3.65,7.84,-4.38,WEAK,NO-BUY,0,
2026-01-28,25342.75,25899.49,25170.03,242.39,42.21,25.67,-210.56,-147.55,-63.01,40.45,TREND DOWN,,NEUTRAL,,-3.07,-3.01,10.07,-3.74,BEAR,AVOID,0,
2026-01-29,25418.90,25887.60,25184.45,246.39,45.58,25.90,-196.64,-157.37,-39.27,43.07,TREND DOWN,,NEUTRAL,,-2.78,-2.72,9.78,-3.45,BEAR,AVOID,0,
2026-01-30,25320.65,25875.81,25199.06,243.45,51.40,26.11,-191.33,-164.16,-27.17,40.59,TREND DOWN,,NEUTRAL,,-3.16,-3.10,9.12,-3.83,BEAR,AVOID,0,
2026-02-02,25088.40,25856.53,25210.36,271.86,47.61,27.66,-203.52,-172.03,-31.48,35.40,TREND DOWN,,NEUTRAL,,0.00,-3.98,8.64,-4.71,BEAR,AVOID,0,
2026-02-03,25727.55,25847.23,25222.35,341.93,43.23,26.47,-159.76,-169.58,9.82,53.15,TREND UP,CROSS_UP,NEUTRAL,,2.55,-1.54,12.70,-2.28,EARLY-UP,HOLD,1,
2026-02-04,25776.00,25841.39,25234.05,335.69,42.92,25.15,-119.79,-159.62,39.83,54.18,TREND UP,,NEUTRAL,,2.74,-1.35,12.28,-2.10,EARLY-UP,HOLD,0,
2026-02-05,25642.80,25835.06,25243.00,325.75,42.98,23.93,-97.74,-147.24,49.51,50.88,RANGE,,NEUTRAL,,2.21,-1.86,10.71,-2.60,CHOP-MID,STAND-ASIDE,0,
2026-02-06,25693.70,25831.24,25250.84,317.63,42.99,22.54,-75.29,-132.85,57.57,52.08,RANGE,,NEUTRAL,,2.41,-1.67,10.51,-2.41,CHOP-UP,WATCH,0,
2026-02-09,25867.30,25824.48,25259.34,311.27,43.20,21.81,-42.99,-114.88,71.89,56.03,RANGE,,NEUTRAL,,3.10,-1.00,10.03,-1.75,CHOP-UP,WATCH,0,
2026-02-10,25935.15,25818.87,25267.37,297.76,41.01,21.30,-11.78,-94.26,82.48,57.51,RANGE,,NEUTRAL,,3.38,-0.74,10.45,-1.49,CHOP-UP,WATCH,0,
2026-02-11,25953.85,25813.89,25275.91,284.32,38.85,20.87,14.29,-72.55,86.84,57.93,RANGE,,NEUTRAL,,3.45,-0.67,11.10,-1.42,CHOP-UP,WATCH,0,
2026-02-12,25807.20,25806.51,25284.75,278.40,38.22,19.96,22.86,-53.47,76.33,53.47,RANGE,,NEUTRAL,,2.87,-1.23,8.71,-1.98,CHOP-UP,WATCH,0,
2026-02-13,25471.10,25795.29,25290.46,284.43,38.55,18.91,2.50,-42.27,44.78,44.94,RANGE,,NEUTRAL,,1.53,-2.52,7.49,-3.26,CHOP-DOWN,STAND-ASIDE,0,
2026-02-16,25682.75,25789.23,25297.20,287.28,38.63,18.13,3.41,-33.14,36.54,50.32,RANGE,,NEUTRAL,,2.37,-1.71,8.81,-2.45,CHOP-MID,STAND-ASIDE,0,
2026-02-17,25725.40,25783.06,25304.15,280.63,38.61,17.18,7.48,-25.01,32.49,51.35,RANGE,,NEUTRAL,,2.54,-1.55,9.19,-2.29,CHOP-MID,STAND-ASIDE,0,
2026-02-18,25819.35,25775.72,25311.51,273.65,37.65,16.08,18.08,-16.39,34.47,53.63,RANGE,,NEUTRAL,,2.91,-1.19,10.43,-1.93,CHOP-UP,WATCH,0,
2026-02-19,25454.35,25765.59,25316.48,289.57,40.03,15.85,-2.94,-13.70,10.77,44.83,RANGE,,NEUTRAL,,1.46,-2.58,10.33,-3.32,CHOP-DOWN,STAND-ASIDE,0,
2026-02-20,25571.25,25760.23,25322.44,289.16,57.55,15.66,-10.05,-12.97,2.93,47.79,CHOP,,NEUTRAL,,1.92,-2.14,10.96,-2.88,CHOP-MID,STAND-ASIDE,0,
2026-02-23,25713.00,25759.33,25328.93,282.80,63.14,15.06,-4.19,-11.22,7.02,51.20,CHOP,,NEUTRAL,,2.49,-1.59,11.64,-2.34,CHOP-MID,STAND-ASIDE,0,
2026-02-24,25424.65,25749.85,25334.69,290.13,61.99,15.35,-22.56,-13.49,-9.08,44.79,CHOP,CROSS_DOWN,NEUTRAL,,1.34,-2.70,10.88,-3.43,CHOP-DOWN,STAND-ASIDE,0,
2026-02-25,25482.50,25738.56,25342.06,285.69,62.33,15.57,-32.08,-17.20,-14.88,46.24,CHOP,,NEUTRAL,,1.57,-2.48,10.99,-3.21,CHOP-MID,STAND-ASIDE,0,
2026-02-26,25496.55,25727.94,25344.92,277.57,61.90,15.86,-38.05,-21.37,-16.68,46.61,CHOP,,NEUTRAL,,1.63,-2.42,11.12,-3.16,CHOP-DOWN,STAND-ASIDE,0,
2026-02-27,25178.65,25714.32,25347.92,283.12,54.09,16.85,-67.66,-30.63,-37.03,39.95,RANGE,,NEUTRAL,,0.36,-3.64,9.79,-4.37,CHOP-DOWN,STAND-ASIDE,0,
2026-03-02,24865.70,25695.26,25348.91,303.98,40.29,18.86,-115.05,-47.51,-67.53,34.69,RANGE,,NEUTRAL,,0.00,-4.84,8.52,-5.56,WEAK,NO-BUY,0,
2026-03-04,24480.50,25668.56,25346.01,322.29,39.34,21.18,-181.59,-74.33,-107.26,29.54,RANGE,,OVERSOLD,,-1.55,-6.31,7.39,-7.02,WEAK,NO-BUY,0,
2026-03-05,24765.90,25644.55,25344.74,325.96,41.27,22.31,-208.89,-101.24,-107.65,37.00,RANGE,,NEUTRAL,,-0.40,-5.22,9.81,-5.94,WEAK,NO-BUY,0,
2026-03-06,24450.45,25610.11,25342.26,327.69,41.16,23.56,-253.06,-131.61,-121.46,32.86,RANGE,,NEUTRAL,,-1.67,-6.43,8.44,-7.13,WEAK,NO-BUY,0,
2026-03-09,24028.05,25567.13,25338.98,358.04,32.15,25.71,-318.48,-168.98,-149.50,28.29,TREND DOWN,,OVERSOLD,,-3.37,-8.04,6.58,-8.74,PANIC,NO-TOUCH,0,
2026-03-10,24261.60,25529.52,25336.22,352.16,32.75,26.91,-347.48,-204.68,-142.80,33.77,TREND DOWN,,NEUTRAL,,-2.43,-7.15,9.66,-7.85,PANIC,NO-TOUCH,0,Panic bottom 22200
2026-03-11,23866.85,25486.01,25332.51,360.20,34.75,28.35,-397.72,-243.29,-154.43,29.65,TREND DOWN,,OVERSOLD,,-4.02,-8.66,7.90,-9.35,PANIC,NO-TOUCH,0,
2026-03-12,23639.15,25439.95,25326.44,356.65,32.97,30.01,-450.72,-284.78,-165.95,27.56,TREND DOWN,,OVERSOLD,,-4.93,-9.53,7.05,-10.21,PANIC,NO-TOUCH,0,
2026-03-13,23151.10,25384.19,25317.19,368.83,27.75,32.01,-526.04,-333.03,-193.01,23.70,TREND DOWN,,OVERSOLD,,-6.90,-11.40,3.64,-12.07,PANIC,NO-TOUCH,0,
2026-03-16,23408.80,25329.78,25310.10,381.54,29.51,34.00,-558.50,-378.12,-180.38,29.32,TREND DOWN,,OVERSOLD,,-5.86,-10.41,3.83,-11.09,PANIC,NO-TOUCH,0,
2026-03-17,23581.15,25278.47,25304.24,376.45,29.02,35.31,-563.82,-415.26,-148.56,32.89,TREND DOWN,,NEUTRAL,,-5.17,-9.75,4.56,-10.44,PANIC,NO-TOUCH,0,
2026-03-18,23777.80,25227.45,25298.97,369.63,30.51,35.83,-545.87,-441.39,-104.49,36.81,TREND DOWN,,NEUTRAL,,-4.38,-9.00,5.87,-9.69,BEAR,AVOID,0,
2026-03-19,23002.15,25162.49,25290.22,403.76,35.69,37.08,-587.47,-470.60,-116.87,29.49,TREND DOWN,,OVERSOLD,,-7.49,-11.97,2.24,-12.63,PANIC,NO-TOUCH,0,
2026-03-20,23114.50,25101.21,25282.21,399.42,43.67,38.24,-604.40,-497.36,-107.04,31.61,TREND DOWN,,NEUTRAL,,-7.04,-11.54,2.87,-12.21,PANIC,NO-TOUCH,0,
2026-03-23,22512.65,25028.65,25272.06,416.84,38.53,39.84,-658.79,-529.65,-129.14,26.94,TREND DOWN,,OVERSOLD,,-9.46,-13.84,0.52,-14.49,PANIC,NO-TOUCH,0,
2026-03-24,22912.40,24969.36,25263.52,425.97,38.44,40.70,-662.00,-556.12,-105.88,33.93,TREND DOWN,,NEUTRAL,,-7.86,-12.31,1.79,-12.98,PANIC,NO-TOUCH,0,
2026-03-25,23306.45,24921.82,25256.30,435.04,41.97,40.34,-625.54,-570.00,-55.54,40.01,TREND DOWN,,NEUTRAL,,-6.27,-10.80,2.07,-11.48,BEAR,AVOID,0,
2026-03-27,22819.60,24862.41,25245.38,439.82,50.25,40.31,-628.68,-581.74,-46.95,35.64,TREND DOWN,,NEUTRAL,,-8.23,-12.67,-0.38,-13.33,BEAR,AVOID,0,
2026-03-30,22331.40,24794.39,25231.53,446.67,45.35,40.84,-662.93,-597.98,-64.95,31.88,TREND DOWN,,NEUTRAL,BULL_DIV,-10.19,-14.54,-3.71,-15.18,PANIC,NO-TOUCH,0,
2026-04-01,22679.40,24734.66,25219.40,458.33,47.29,40.73,-654.44,-609.27,-45.17,36.99,TREND DOWN,,NEUTRAL,,0.00,-13.20,-2.87,-13.86,BEAR,AVOID,0,
2026-04-02,22713.10,24675.04,25207.26,468.43,54.91,41.08,-637.64,-614.94,-22.70,37.48,TREND DOWN,,NEUTRAL,,0.15,-13.08,-4.00,-13.73,BEAR,AVOID,0,
2026-04-06,22968.25,24622.69,25197.66,467.50,55.67,40.86,-596.87,-611.33,14.46,41.19,TREND DOWN,CROSS_UP,NEUTRAL,,1.27,-12.10,-2.96,-12.76,BEAR,AVOID,0,
2026-04-07,23123.65,24580.52,25189.68,465.14,55.19,40.27,-545.72,-598.21,52.49,43.40,TREND DOWN,,NEUTRAL,,1.96,-11.50,-1.55,-12.17,BEAR,AVOID,0,
2026-04-08,23997.35,24557.31,25184.94,496.31,53.50,37.89,-429.73,-564.51,134.78,53.88,TREND DOWN,,NEUTRAL,,5.81,-8.16,1.72,-8.85,BEAR,AVOID,0,
2026-04-09,23775.10,24527.02,25179.55,483.33,53.52,35.91,-351.69,-521.95,170.26,51.28,TREND DOWN,,NEUTRAL,,4.83,-9.01,1.09,-9.70,BEAR,AVOID,0,
2026-04-10,24050.60,24507.06,25175.74,470.16,52.62,33.91,-264.56,-470.47,205.91,54.23,TREND DOWN,,NEUTRAL,,6.05,-7.96,3.82,-8.65,BEAR,AVOID,0,
2026-04-13,23842.65,24480.40,25170.99,471.93,50.81,32.54,-209.87,-418.35,208.48,51.68,TREND DOWN,,NEUTRAL,,5.13,-8.75,2.19,-9.44,BEAR,AVOID,0,
2026-04-15,24231.30,24458.17,25166.58,469.53,47.38,30.53,-133.62,-361.40,227.78,55.85,TREND DOWN,,NEUTRAL,,6.84,-7.26,4.22,-7.97,BEAR,AVOID,0,
2026-04-16,24196.75,24433.73,25162.71,457.29,43.44,28.45,-75.12,-304.15,229.03,55.39,TREND DOWN,,NEUTRAL,,6.69,-7.40,5.64,-8.10,BEAR,AVOID,0,
2026-04-17,24353.55,24414.39,25159.25,444.33,41.95,26.52,-15.92,-246.50,230.58,57.11,TREND DOWN,,NEUTRAL,,7.38,-6.80,9.89,-7.50,BEAR,AVOID,0,
2026-04-20,24364.85,24399.92,25154.85,429.69,38.80,24.74,31.54,-190.89,222.43,57.24,RANGE,,NEUTRAL,,7.43,-6.75,8.12,-7.46,CHOP-UP,WATCH,0,
2026-04-21,24576.60,24376.90,25149.99,416.63,35.32,23.33,85.26,-135.66,220.92,59.66,RANGE,,NEUTRAL,,8.37,-5.94,9.72,-6.65,CHOP-UP,WATCH,0,
2026-04-22,24378.10,24348.94,25143.69,402.85,33.34,22.02,110.54,-86.42,196.96,56.43,RANGE,,NEUTRAL,,7.49,-6.70,6.79,-7.41,CHOP-UP,WATCH,0,
2026-04-23,24173.05,24319.55,25136.97,391.45,30.88,20.60,112.73,-46.59,159.32,53.23,RANGE,,NEUTRAL,,6.59,-7.49,3.62,-8.19,CHOP-UP,WATCH,0,
2026-04-24,23897.95,24283.63,25128.75,391.51,35.53,19.97,91.22,-19.03,110.25,49.19,RANGE,,NEUTRAL,,5.37,-8.54,1.97,-9.23,CHOP-MID,STAND-ASIDE,0,
2026-04-27,24092.70,24248.14,25121.95,380.17,37.28,19.38,88.86,2.55,86.31,51.97,RANGE,,NEUTRAL,,6.23,-7.80,1.01,-8.49,CHOP-MID,STAND-ASIDE,0,
2026-04-28,23995.70,24209.35,25114.90,369.07,57.93,18.70,78.26,17.69,60.57,50.49,CHOP,,NEUTRAL,,5.80,-8.17,-0.54,-8.86,CHOP-MID,STAND-ASIDE,0,
2026-04-29,24177.65,24173.83,25108.48,366.92,53.23,17.64,83.58,30.87,52.71,53.18,RANGE,,NEUTRAL,,6.61,-7.47,0.04,-8.17,CHOP-UP,WATCH,0,
2026-04-30,23997.55,24137.63,25101.17,367.91,53.82,17.28,72.42,39.18,33.25,50.27,RANGE,,NEUTRAL,,5.81,-8.16,-1.36,-8.85,CHOP-MID,STAND-ASIDE,0,
2026-05-04,24119.30,24110.60,25094.15,362.54,53.76,16.38,72.57,45.86,26.72,52.17,RANGE,,NEUTRAL,,0.00,-7.69,-0.53,-8.39,CHOP-UP,WATCH,0,
2026-05-05,24032.80,24077.60,25086.93,353.59,61.37,15.85,64.96,49.68,15.28,50.69,CHOP,,NEUTRAL,,-0.36,-8.02,-0.03,-8.72,CHOP-MID,STAND-ASIDE,0,
2026-05-06,24330.95,24049.71,25081.81,353.95,60.62,14.82,82.04,56.15,25.89,55.41,CHOP,,NEUTRAL,,0.88,-6.88,0.01,-7.59,CHOP-UP,WATCH,0,
2026-05-07,24326.65,24019.85,25077.70,342.82,59.65,14.19,94.15,63.75,30.40,55.33,CHOP,,NEUTRAL,,0.86,-6.90,-0.04,-7.60,CHOP-UP,WATCH,0,
2026-05-08,24176.15,23994.29,25073.17,332.61,58.91,13.18,90.55,69.11,21.44,52.39,CHOP,,NEUTRAL,,0.24,-7.48,-0.65,-8.18,CHOP-UP,WATCH,0,
2026-05-11,23815.85,23959.18,25066.27,335.79,60.25,13.06,57.96,66.88,-8.92,46.09,CHOP,CROSS_DOWN,NEUTRAL,,-1.26,-8.85,-2.18,-9.54,CHOP-MID,STAND-ASIDE,0,
2026-05-12,23379.55,23912.51,25057.10,345.19,48.22,13.85,-3.03,52.90,-55.93,39.85,RANGE,,NEUTRAL,,-3.07,-10.52,-4.42,-11.20,CHOP-DOWN,STAND-ASIDE,0,
2026-05-13,23412.60,23872.27,25048.61,343.42,47.43,14.74,-48.16,32.69,-80.84,40.50,RANGE,,NEUTRAL,,-2.93,-10.40,-3.97,-11.08,CHOP-DOWN,STAND-ASIDE,0,
2026-05-14,23689.60,23836.41,25042.21,344.93,48.50,14.98,-60.86,13.98,-74.84,45.85,RANGE,,NEUTRAL,,-1.78,-9.34,-2.97,-10.02,CHOP-DOWN,STAND-ASIDE,0,
2026-05-15,23643.50,23799.35,25034.98,336.65,47.06,15.02,-73.80,-3.58,-70.22,45.12,RANGE,,NEUTRAL,,-1.97,-9.51,-2.60,-10.20,CHOP-DOWN,STAND-ASIDE,0,
2026-05-18,23649.95,23768.78,25027.92,339.65,48.35,15.66,-82.58,-19.38,-63.20,45.25,RANGE,,NEUTRAL,,-1.95,-9.49,-1.49,-10.17,CHOP-DOWN,STAND-ASIDE,0,
2026-05-19,23618.00,23743.83,25019.91,329.32,48.09,15.98,-91.07,-33.71,-57.35,44.69,RANGE,,NEUTRAL,,-2.08,-9.61,-5.24,-10.30,CHOP-DOWN,STAND-ASIDE,0,
2026-05-20,23659.00,23727.40,25012.90,326.77,47.69,16.67,-93.41,-45.65,-47.75,45.63,RANGE,,NEUTRAL,,-1.91,-9.46,-3.74,-10.14,CHOP-DOWN,STAND-ASIDE,0,
2026-05-21,23654.70,23705.17,25006.99,322.24,46.64,16.76,-94.52,-55.43,-39.09,45.54,RANGE,,NEUTRAL,,-1.93,-9.47,-4.10,-10.16,CHOP-DOWN,STAND-ASIDE,0,
2026-05-22,23719.30,23690.55,25002.18,312.14,45.61,16.84,-89.16,-62.17,-26.99,47.18,RANGE,,NEUTRAL,,-1.66,-9.22,-5.36,-9.91,CHOP-DOWN,STAND-ASIDE,0,
2026-05-25,24031.70,23690.62,24998.23,313.79,46.51,16.20,-59.03,-61.54,2.52,54.35,RANGE,CROSS_UP,NEUTRAL,,-0.36,-8.03,-3.95,-8.72,CHOP-UP,WATCH,0,
2026-05-26,23913.70,23683.66,24993.53,305.97,45.08,15.71,-44.16,-58.07,13.91,51.51,RANGE,,NEUTRAL,,-0.85,-8.48,-4.14,-9.17,CHOP-MID,STAND-ASIDE,0,
2026-05-27,23907.15,23684.47,24989.22,293.04,52.24,15.34,-32.53,-52.96,20.43,51.35,RANGE,,NEUTRAL,,-0.88,-8.51,-3.15,-9.20,CHOP-MID,STAND-ASIDE,0,
2026-05-29,23547.75,23682.64,24984.13,309.11,62.04,15.94,-51.71,-52.71,1.00,43.36,CHOP,,NEUTRAL,,-2.37,-9.88,-5.10,-10.56,CHOP-DOWN,STAND-ASIDE,0,
2026-06-01,23382.60,23687.27,24977.43,313.87,62.02,16.78,-79.33,-58.03,-21.30,40.26,CHOP,CROSS_DOWN,NEUTRAL,,0.00,-10.51,-4.99,-11.19,CHOP-DOWN,STAND-ASIDE,0,
2026-06-02,23483.55,23688.77,24971.60,314.87,59.26,17.84,-92.01,-64.83,-27.18,42.94,CHOP,,NEUTRAL,,0.43,-10.13,-5.51,-10.81,CHOP-DOWN,STAND-ASIDE,0,
2026-06-03,23405.60,23685.26,24965.76,316.09,56.09,18.98,-107.12,-73.29,-33.83,41.40,CHOP,,NEUTRAL,,0.10,-10.42,-6.38,-11.10,CHOP-DOWN,STAND-ASIDE,0,
2026-06-04,23416.55,23678.03,24959.86,309.09,54.72,20.02,-116.86,-82.00,-34.86,41.72,RANGE,,NEUTRAL,,0.15,-10.38,-5.68,-11.06,CHOP-DOWN,STAND-ASIDE,0,
2026-06-05,23366.70,23685.32,24954.88,303.70,54.77,20.75,-127.13,-91.03,-36.11,40.64,RANGE,,NEUTRAL,,-0.07,-10.57,-5.60,-11.25,CHOP-DOWN,STAND-ASIDE,0,
2026-06-08,23123.00,23685.49,24947.57,303.19,50.83,21.92,-153.17,-103.46,-49.72,35.76,RANGE,,NEUTRAL,,-1.11,-11.51,-6.89,-12.18,WEAK,NO-BUY,0,
2026-06-09,23242.10,23700.08,24941.34,294.03,50.63,22.95,-162.33,-115.23,-47.10,39.58,RANGE,,NEUTRAL,,-0.60,-11.05,-6.10,-11.72,CHOP-DOWN,STAND-ASIDE,0,
2026-06-10,23214.95,23706.13,24934.32,290.23,50.11,23.19,-169.82,-126.15,-43.67,39.01,RANGE,,NEUTRAL,,-0.72,-11.15,-6.08,-11.83,CHOP-DOWN,STAND-ASIDE,0,
2026-06-11,23161.60,23703.23,24926.97,287.74,50.03,23.72,-178.01,-136.52,-41.49,37.86,RANGE,,NEUTRAL,,-0.95,-11.36,-5.63,-12.03,WEAK,NO-BUY,0,
2026-06-12,23622.90,23719.30,24920.70,301.74,52.92,22.82,-145.60,-138.34,-7.26,51.25,RANGE,,NEUTRAL,,1.03,-9.59,-4.05,-10.28,CHOP-MID,STAND-ASIDE,0,
2026-06-15,23853.90,23749.75,24915.07,307.94,53.41,21.63,-100.12,-130.69,30.57,56.33,RANGE,CROSS_UP,NEUTRAL,,2.02,-8.71,-3.62,-9.40,CHOP-UP,WATCH,0,
2026-06-16,23989.15,23775.94,24909.76,296.56,55.93,20.53,-52.56,-115.07,62.51,59.02,CHOP,,NEUTRAL,,2.59,-8.19,-4.06,-8.89,CHOP-UP,WATCH,0,
2026-06-17,24085.70,23803.40,24904.77,285.27,52.35,19.84,-6.99,-93.45,86.46,60.87,RANGE,,NEUTRAL,,3.01,-7.82,-4.05,-8.52,CHOP-UP,WATCH,0,
2026-06-18,24168.00,23827.39,24901.26,275.77,45.99,19.45,35.35,-67.69,103.04,62.43,RANGE,,NEUTRAL,,3.36,-7.51,-3.73,-8.21,CHOP-UP,WATCH,0,
2026-06-19,24013.10,23845.18,24896.48,275.08,44.87,18.55,55.77,-43.00,98.77,57.76,RANGE,,NEUTRAL,,2.70,-8.10,-4.49,-8.79,CHOP-UP,WATCH,0,
2026-06-22,24102.90,23847.29,24893.44,266.50,43.03,18.11,78.29,-18.74,97.03,59.65,RANGE,,NEUTRAL,,3.08,-7.76,-3.16,-8.45,CHOP-UP,WATCH,0,
2026-06-23,23824.10,23848.27,24890.05,272.51,43.24,17.00,72.81,-0.43,73.24,51.91,RANGE,,NEUTRAL,,1.89,-8.82,-3.62,-9.51,CHOP-MID,STAND-ASIDE,0,
2026-06-24,24021.65,23847.69,24888.03,274.53,44.12,15.97,83.44,16.34,67.09,56.24,RANGE,,NEUTRAL,,2.73,-8.07,-3.71,-8.76,CHOP-UP,WATCH,0,
2026-06-25,24056.00,23851.96,24885.18,272.06,41.81,15.26,93.56,31.79,61.77,56.97,RANGE,,NEUTRAL,,2.88,-7.94,-3.21,-8.63,CHOP-UP,WATCH,0,
2026-06-29,23946.25,23846.26,24882.02,266.59,40.79,14.18,91.66,43.76,47.90,53.89,RANGE,,NEUTRAL,,2.41,-8.36,-3.49,-9.05,CHOP-UP,WATCH,0,
2026-06-30,23865.75,23839.64,24877.77,262.28,41.13,13.51,82.71,51.55,31.16,51.69,RANGE,,NEUTRAL,,2.07,-8.66,-3.74,-9.35,CHOP-MID,STAND-ASIDE,0,
2026-07-01,24005.85,23832.68,24874.13,256.70,40.52,12.83,85.93,58.43,27.51,55.13,RANGE,,NEUTRAL,,0.00,-8.13,-4.41,-8.82,CHOP-UP,WATCH,0,
2026-07-02,24175.70,23828.90,24871.30,251.84,48.39,12.21,101.03,66.95,34.08,58.94,RANGE,,NEUTRAL,,0.71,-7.48,-3.19,-8.18,CHOP-UP,WATCH,0,
2026-07-03,24270.85,23822.79,24868.79,248.32,62.87,12.29,119.29,77.42,41.88,60.95,CHOP,,NEUTRAL,,1.10,-7.11,-3.09,-7.82,CHOP-UP,WATCH,0,
2026-07-06,24430.35,23823.83,24866.60,243.99,55.53,12.64,144.97,90.93,54.04,64.11,CHOP,,NEUTRAL,,1.77,-6.50,-3.23,-7.21,CHOP-UP,WATCH,0,
2026-07-07,24398.70,23828.34,24863.73,239.56,52.10,13.21,160.91,104.92,55.98,63.02,RANGE,,NEUTRAL,,1.64,-6.62,-4.50,-7.33,CHOP-UP,WATCH,0,
2026-07-08,23882.05,23828.03,24858.11,264.84,57.53,12.92,130.34,110.01,20.34,48.51,CHOP,,NEUTRAL,,-0.52,-8.60,-6.85,-9.29,CHOP-MID,STAND-ASIDE,0,
2026-07-09,23962.80,23825.43,24852.35,263.97,58.63,12.66,111.36,110.28,1.08,50.43,CHOP,,NEUTRAL,,-0.18,-8.29,-6.09,-8.99,CHOP-MID,STAND-ASIDE,0,
2026-07-10,24206.90,23829.65,24848.04,264.09,58.63,12.05,114.68,111.16,3.53,55.80,CHOP,,NEUTRAL,,0.84,-7.36,-5.23,-8.06,CHOP-UP,WATCH,0,
2026-07-13,24211.00,23830.32,24842.90,263.77,59.74,11.90,116.31,112.19,4.12,55.89,CHOP,,NEUTRAL,,0.85,-7.34,-4.88,-8.04,CHOP-UP,WATCH,0,
2026-07-14,24052.05,23831.41,24836.51,258.31,58.21,11.76,103.58,110.47,-6.89,51.67,CHOP,CROSS_DOWN,NEUTRAL,,0.19,-7.95,-5.33,-8.65,CHOP-MID,STAND-ASIDE,0,
2026-07-15,24078.50,23830.59,24829.79,254.84,58.02,11.35,94.54,107.28,-12.74,52.31,CHOP,,NEUTRAL,,0.30,-7.85,-5.43,-8.55,CHOP-MID,STAND-ASIDE,0,
2026-07-16,24072.75,23831.39,24823.51,246.39,56.83,10.97,85.91,103.01,-17.09,52.15,CHOP,,NEUTRAL,,0.28,-7.87,-5.45,-8.57,CHOP-DOWN,STAND-ASIDE,0,
2026-07-17,24334.30,23831.46,24819.17,249.83,57.97,10.56,99.04,102.21,-3.17,58.48,CHOP,,NEUTRAL,,1.37,-6.87,-4.66,-7.57,CHOP-MID,STAND-ASIDE,0,
2026-07-20,24238.50,23829.70,24814.52,246.16,57.88,10.19,100.56,101.88,-1.32,55.58,CHOP,,NEUTRAL,,0.97,-7.24,-4.86,-7.94,CHOP-MID,STAND-ASIDE,0,
2026-07-21,24187.70,23829.93,24810.17,237.62,57.22,9.83,96.55,100.82,-4.27,54.05,CHOP,,NEUTRAL,,0.76,-7.43,-4.60,-8.13,CHOP-MID,STAND-ASIDE,0,
2026-07-22,23996.25,23833.54,24805.70,236.81,57.65,9.61,77.03,96.06,-19.03,48.61,CHOP,,NEUTRAL,,-0.04,-8.16,-4.59,-8.86,CHOP-DOWN,STAND-ASIDE,0,
2026-07-23,23869.60,23843.34,24801.77,233.40,57.50,10.05,50.76,87.00,-36.24,45.36,CHOP,,NEUTRAL,,-0.57,-8.65,-4.83,-9.34,CHOP-DOWN,STAND-ASIDE,0,
2026-07-24,23767.45,23850.43,24797.44,235.53,49.18,11.19,21.45,73.89,-52.44,42.87,RANGE,,NEUTRAL,,-0.99,-9.04,-5.67,-9.73,CHOP-DOWN,STAND-ASIDE,0,
2026-07-27,23995.95,23856.56,24794.36,236.15,57.24,11.27,16.47,62.41,-45.93,49.55,CHOP,,NEUTRAL,,-0.04,-8.17,-4.82,-8.86,CHOP-DOWN,STAND-ASIDE,0,
2026-07-28,23985.35,23863.40,24790.11,225.46,51.22,11.20,11.54,52.23,-40.69,49.26,RANGE,,NEUTRAL,,-0.09,-8.21,-4.48,-8.90,CHOP-DOWN,STAND-ASIDE,0,
2026-07-29,24250.20,23875.40,24786.89,230.66,51.80,10.74,28.67,47.52,-18.85,56.11,RANGE,,NEUTRAL,,1.02,-7.19,-2.88,-7.89,CHOP-DOWN,STAND-ASIDE,0,
2026-07-30,24317.15,23889.39,24783.08,225.32,50.38,10.56,47.10,47.44,-0.33,57.66,RANGE,,NEUTRAL,,1.30,-6.94,-3.08,-7.64,CHOP-MID,STAND-ASIDE,0,
2026-07-31,24383.60,23903.88,24779.46,218.49,45.66,10.73,66.31,51.21,15.10,59.21,RANGE,CROSS_UP,NEUTRAL,,1.57,-6.68,-2.70,-7.39,CHOP-UP,WATCH,0,
2026-08-03,24774.30,23926.27,24778.10,230.79,35.10,12.02,111.77,63.32,48.45,66.87,RANGE,,NEUTRAL,,0.00,-5.19,-1.77,-5.90,CHOP-UP,WATCH,0,
2026-08-04,24614.90,23944.18,24775.27,239.04,36.82,12.78,133.40,77.34,56.06,61.77,RANGE,,NEUTRAL,,-0.64,-5.80,-1.78,-6.51,CHOP-UP,WATCH,0,
2026-08-05,24624.65,23956.04,24771.96,234.80,37.34,13.49,149.60,91.79,57.81,61.96,RANGE,,NEUTRAL,,-0.60,-5.76,-0.85,-6.47,CHOP-UP,WATCH,0,
2026-08-06,24636.00,23970.49,24769.01,223.24,34.56,14.15,161.50,105.73,55.76,62.20,RANGE,,NEUTRAL,,-0.56,-5.72,-0.18,-6.43,CHOP-UP,WATCH,0,
2026-08-07,24570.65,23983.76,24766.13,215.38,33.43,14.31,163.76,117.34,46.42,59.89,RANGE,,NEUTRAL,,-0.82,-5.97,-1.01,-6.68,CHOP-UP,WATCH,0,
2026-08-10,24583.80,24004.48,24762.43,207.84,33.21,14.38,164.72,126.81,37.90,60.21,RANGE,,NEUTRAL,,-0.77,-5.92,-1.09,-6.63,CHOP-UP,WATCH,0,
2026-08-11,24471.70,24026.26,24756.86,204.03,32.23,13.98,154.65,132.38,22.27,56.10,RANGE,,NEUTRAL,,-1.22,-6.34,-1.20,-7.05,CHOP-UP,WATCH,0,
2026-08-12,24435.95,24045.31,24750.50,204.27,32.48,13.20,142.15,134.33,7.81,54.81,RANGE,,NEUTRAL,,-1.37,-6.48,-0.53,-7.19,CHOP-UP,WATCH,0,
2026-08-13,24395.85,24065.11,24743.26,198.58,41.13,12.48,127.53,132.97,-5.44,53.33,RANGE,CROSS_DOWN,NEUTRAL,,-1.53,-6.64,-1.32,-7.34,CHOP-MID,STAND-ASIDE,0,
2026-08-14,24366.00,24084.10,24735.75,192.14,41.92,11.89,112.25,128.83,-16.58,52.21,RANGE,,NEUTRAL,,-1.65,-6.75,-1.15,-7.45,CHOP-DOWN,STAND-ASIDE,0,
2026-08-17,24287.65,24102.52,24727.73,188.34,52.23,11.71,92.74,121.61,-28.87,49.26,RANGE,,NEUTRAL,,-1.96,-7.05,-1.17,-7.75,CHOP-DOWN,STAND-ASIDE,0,
2026-08-18,24154.90,24123.16,24719.53,184.37,50.77,11.91,65.81,110.45,-44.64,44.67,RANGE,,NEUTRAL,,-2.50,-7.56,-1.79,-8.26,CHOP-DOWN,STAND-ASIDE,0,
2026-08-19,24078.30,24139.88,24710.09,181.72,43.45,12.71,37.86,95.93,-58.08,42.22,RANGE,,NEUTRAL,,-2.81,-7.85,-1.17,-8.55,CHOP-DOWN,STAND-ASIDE,0,
2026-08-20,24231.85,24160.22,24701.57,182.08,44.35,12.82,27.77,82.30,-54.53,48.33,RANGE,,NEUTRAL,,-2.19,-7.26,-1.44,-7.96,CHOP-DOWN,STAND-ASIDE,0,
2026-08-21,24252.00,24182.03,24692.56,174.60,42.82,12.80,21.16,70.07,-48.91,49.09,RANGE,,NEUTRAL,,-2.11,-7.19,-0.96,-7.89,CHOP-DOWN,STAND-ASIDE,0,
2026-08-24,24219.05,24193.95,24684.26,174.17,40.97,13.11,13.11,58.68,-45.57,47.85,RANGE,,NEUTRAL,,-2.24,-7.31,-1.63,-8.01,CHOP-DOWN,STAND-ASIDE,0,
2026-08-25,24334.55,24203.56,24677.32,177.38,41.78,13.55,15.86,50.12,-34.25,52.39,RANGE,,NEUTRAL,,-1.78,-6.87,-1.20,-7.57,CHOP-DOWN,STAND-ASIDE,0,
2026-08-26,24207.75,24207.94,24669.55,176.92,46.44,13.61,7.73,41.64,-33.91,47.50,RANGE,,NEUTRAL,,-2.29,-7.36,-2.69,-8.06,CHOP-DOWN,STAND-ASIDE,0,
2026-08-27,24090.85,24208.04,24662.01,179.04,48.71,14.29,-8.06,31.70,-39.76,43.47,RANGE,,NEUTRAL,,-2.76,-7.80,-3.56,-8.50,CHOP-DOWN,STAND-ASIDE,0,
2026-08-28,24175.65,24208.19,24655.34,174.21,51.66,15.00,-13.57,22.64,-36.22,46.98,RANGE,,NEUTRAL,,-2.42,-7.48,-3.49,-8.18,CHOP-DOWN,STAND-ASIDE,0,
2026-08-31,24080.40,24209.54,24648.28,174.77,57.40,16.07,-25.33,13.05,-38.38,43.70,CHOP,,NEUTRAL,,-2.80,-7.84,-4.00,-8.54,CHOP-DOWN,STAND-ASIDE,0,
2026-09-01,24055.80,24208.60,24640.69,175.90,57.16,17.27,-36.22,3.19,-39.42,42.86,CHOP,,NEUTRAL,,0.00,-7.94,-3.27,-8.63,CHOP-DOWN,STAND-ASIDE,0,
2026-09-02,23914.45,24210.40,24631.79,182.55,49.93,19.07,-55.62,-8.57,-47.05,38.34,RANGE,,NEUTRAL,,-0.59,-8.48,-4.22,-9.17,CHOP-DOWN,STAND-ASIDE,0,
2026-09-03,23873.45,24207.44,24621.78,180.36,52.31,19.78,-73.45,-21.54,-51.91,37.11,RANGE,,NEUTRAL,,-0.76,-8.63,-3.39,-9.32,WEAK,NO-BUY,0,
2026-09-04,23897.70,24204.27,24611.87,176.93,52.20,20.44,-84.65,-34.16,-50.48,38.37,RANGE,,NEUTRAL,,-0.66,-8.54,-2.46,-9.23,CHOP-DOWN,STAND-ASIDE,0,
