Date,Open,High,Low,Close,Event,Category
2015-01-01,8309.0,8317.31,8268.85,8284.0,,
2015-01-02,8423.79,8432.21,8363.92,8384.07,,
2015-01-05,8318.0,8363.23,8295.98,8331.41,,
2015-01-06,8164.82,8269.1,8146.02,8248.87,Global growth scare -3%,Major
2015-01-07,8236.44,8299.99,8217.85,8241.62,,
2015-01-08,8216.57,8264.7,8165.21,8184.47,,
2015-01-09,8165.19,8217.74,8157.02,8182.8,,
2015-01-12,8292.15,8337.68,8276.63,8299.44,,
2015-01-13,8390.73,8405.39,8334.69,8396.32,,
2015-01-14,8116.39,8210.53,8087.64,8192.06,,
2015-01-15,8296.25,8330.06,8268.23,8285.03,RBI surprise cut 25bps,RBI
2015-01-16,8258.6,8332.74,8207.37,8251.22,,
2015-01-19,8311.1,8364.05,8242.04,8338.5,,
2015-01-20,8269.35,8284.0,8203.78,8242.24,,
2015-01-21,8349.97,8378.75,8304.68,8328.45,,
2015-01-22,8310.2,8362.82,8301.89,8330.51,,
2015-01-23,8170.93,8234.18,8111.32,8186.05,,
2015-01-26,8330.85,8355.32,8288.37,8328.91,,
2015-01-27,8259.28,8373.53,8251.02,8363.37,,
2015-01-28,8312.18,8327.84,8291.96,8315.17,,
2015-01-29,8161.35,8169.51,8103.13,8128.66,,
2015-01-30,8255.06,8273.06,8191.94,8224.9,,
2015-02-02,8281.11,8312.9,8244.54,8278.29,,
2015-02-03,8319.25,8363.09,8295.03,8319.69,,
2015-02-04,8159.19,8180.88,8137.28,8158.21,,
2015-02-05,8254.62,8316.78,8209.5,8238.51,,
2015-02-06,8240.6,8248.84,8172.11,8200.17,,
2015-02-09,8219.07,8283.14,8210.85,8262.09,,
2015-02-10,8183.74,8259.2,8117.94,8247.96,,
2015-02-11,8268.98,8278.75,8202.56,8268.76,,
2015-02-12,8329.59,8345.33,8244.09,8297.62,,
2015-02-13,8091.19,8191.55,8039.43,8154.65,,
2015-02-16,8159.1,8220.34,8150.94,8207.22,,
2015-02-17,8240.05,8309.11,8216.57,8248.24,,
2015-02-18,8376.98,8392.67,8320.61,8345.06,,
2015-02-19,8095.05,8180.15,8086.96,8160.84,,
2015-02-20,8209.77,8274.45,8201.56,8253.32,,
2015-02-23,8163.17,8185.25,8128.88,8151.54,,
2015-02-24,8278.91,8302.54,8240.79,8260.55,,
2015-02-25,8194.71,8289.75,8158.34,8189.79,,
2015-02-26,8312.7,8336.0,8231.92,8279.26,,
2015-02-27,8214.76,8236.59,8152.65,8181.08,,
2015-03-02,8322.45,8378.17,8311.38,8357.5,,
2015-03-03,8178.3,8189.96,8153.09,8177.99,,
2015-03-04,8242.94,8294.26,8204.85,8285.32,,
2015-03-05,8376.24,8449.1,8357.48,8409.1,,
2015-03-06,8260.48,8280.25,8217.29,8260.91,,
2015-03-09,8194.29,8271.81,8138.9,8221.78,,
2015-03-10,8260.74,8301.0,8211.95,8282.07,,
2015-03-11,8269.72,8302.26,8234.36,8250.21,,
2015-03-12,8170.32,8178.49,8113.26,8148.8,,
2015-03-13,8316.22,8369.37,8237.56,8292.47,,
2015-03-16,8185.85,8288.15,8055.49,8254.36,,
2015-03-17,8294.07,8350.21,8253.71,8294.39,,
2015-03-18,8270.02,8315.41,8248.75,8268.76,,
2015-03-19,8251.35,8345.93,8123.12,8223.38,,
2015-03-20,8097.68,8142.23,8050.07,8111.13,,
2015-03-23,8126.77,8186.88,8102.43,8143.75,,
2015-03-24,8265.9,8274.17,8187.57,8227.94,,
2015-03-25,8283.65,8363.16,8237.03,8254.51,,
2015-03-26,8297.34,8315.62,8254.05,8268.0,,
2015-03-27,8277.71,8335.89,8243.17,8268.01,,
2015-03-30,8168.11,8260.42,8137.68,8165.67,,
2015-03-31,8257.32,8381.63,8208.55,8267.98,,
2015-04-01,8199.67,8245.44,8132.21,8175.06,,
2015-04-02,8198.05,8311.08,8189.85,8256.85,,
2015-04-03,8153.46,8161.61,8068.9,8137.9,,
2015-04-06,8151.31,8159.46,8094.26,8108.72,,
2015-04-07,8111.67,8172.25,8098.9,8107.5,,
2015-04-08,8222.99,8249.25,8193.33,8231.17,,
2015-04-09,8200.16,8208.37,8134.1,8174.72,,
2015-04-10,8118.66,8230.07,8014.85,8117.95,,
2015-04-13,8221.57,8257.28,8196.18,8235.15,,
2015-04-14,8165.76,8200.45,8113.65,8163.39,,
2015-04-15,8183.78,8201.61,8126.27,8149.43,,
2015-04-16,8260.38,8284.51,8199.39,8235.27,,
2015-04-17,8262.33,8270.59,8219.13,8233.15,,
2015-04-20,8154.92,8186.75,8133.78,8151.81,,
2015-04-21,8294.36,8310.92,8213.16,8261.7,,
2015-04-22,8207.33,8231.97,8166.81,8190.23,,
2015-04-23,8147.17,8192.42,8139.03,8179.48,,
2015-04-24,8347.91,8382.81,8255.28,8324.19,,
2015-04-27,8236.0,8275.52,8197.15,8236.41,,
2015-04-28,8134.08,8142.22,8083.87,8124.97,,
2015-04-29,8195.72,8221.93,8149.31,8173.23,,
2015-04-30,8165.22,8193.47,8125.06,8145.1,,
2015-05-01,8118.41,8179.16,8110.29,8147.96,,
2015-05-04,8106.28,8129.46,8068.05,8086.48,,
2015-05-05,8291.08,8325.13,8258.03,8274.23,,
2015-05-06,8112.56,8120.67,8089.13,8111.28,,
2015-05-07,8094.55,8155.35,8039.15,8121.89,,
2015-05-08,8214.04,8243.61,8173.49,8201.42,,
2015-05-11,8157.44,8186.36,8127.35,8173.39,,
2015-05-12,8269.37,8283.98,8148.89,8204.27,,
2015-05-13,8190.83,8199.02,8103.65,8120.7,,
2015-05-14,8071.3,8166.22,8063.23,8117.17,,
2015-05-15,8157.98,8180.01,8119.32,8134.78,,
2015-05-18,8276.09,8344.75,8252.19,8289.15,,
2015-05-19,8214.28,8271.05,8099.66,8197.85,,
2015-05-20,8140.18,8226.04,8060.07,8134.21,,
2015-05-21,8269.59,8332.04,8206.98,8244.84,,
2015-05-22,8135.82,8196.45,8127.56,8166.21,,
2015-05-25,8159.04,8167.2,8117.99,8151.28,,
2015-05-26,8100.58,8168.89,8016.29,8086.3,,
2015-05-27,8173.62,8193.67,8096.27,8110.0,,
2015-05-28,8163.79,8271.59,8068.36,8162.41,,
2015-05-29,8178.91,8260.63,8144.89,8220.54,,
2015-06-01,8152.99,8259.65,8104.69,8199.33,,
2015-06-02,8046.06,8054.11,7978.18,8020.7,,
2015-06-03,8122.08,8245.64,8082.05,8157.69,,
2015-06-04,8106.43,8175.32,8098.32,8148.38,,
2015-06-05,8169.8,8217.29,8104.49,8145.33,,
2015-06-08,8072.55,8120.35,8027.87,8087.3,,
2015-06-09,8208.78,8266.79,8176.96,8209.97,,
2015-06-10,8059.19,8108.48,8036.85,8095.18,,
2015-06-11,8097.7,8171.21,8058.16,8067.94,,
2015-06-12,8171.46,8179.63,8140.12,8159.09,,
2015-06-15,8184.04,8226.21,8155.45,8191.92,,
2015-06-16,8034.78,8072.5,7918.31,7991.78,,
2015-06-17,8206.15,8214.36,8101.36,8124.64,,
2015-06-18,8152.93,8227.43,8144.78,8212.91,,
2015-06-19,8120.29,8197.58,8074.74,8152.39,,
2015-06-22,8085.47,8155.97,8015.48,8066.17,,
2015-06-23,8250.29,8258.54,8181.31,8232.04,,
2015-06-24,8169.23,8228.99,8152.44,8169.93,,
2015-06-25,7986.54,8096.81,7943.91,8044.02,,
2015-06-26,8159.26,8209.87,8137.75,8169.77,,
2015-06-29,8061.97,8084.8,8026.08,8074.37,,
2015-06-30,8096.09,8146.24,8074.11,8126.45,,
2015-07-01,8168.72,8210.76,8121.88,8177.98,,
2015-07-02,8188.23,8267.02,8142.05,8176.86,,
2015-07-03,8098.87,8209.83,8067.75,8164.24,,
2015-07-06,8127.55,8148.5,8075.51,8127.7,,
2015-07-07,7972.53,8026.93,7949.53,8015.73,,
2015-07-08,8162.07,8176.06,8099.08,8125.94,,
2015-07-09,8090.23,8133.18,8021.69,8084.52,,
2015-07-10,8270.3,8344.96,8167.35,8214.8,,
2015-07-13,8101.83,8131.56,8067.93,8105.38,,
2015-07-14,8138.03,8172.58,8087.13,8107.6,,
2015-07-15,8101.02,8121.89,8061.05,8090.11,,
2015-07-16,8066.48,8110.83,7979.96,8088.67,,
2015-07-17,8063.75,8160.46,8055.68,8093.98,,
2015-07-20,8084.27,8145.61,8022.14,8047.15,,
2015-07-21,8243.62,8251.86,8201.49,8220.5,,
2015-07-22,7919.25,7986.63,7911.33,7967.38,,
2015-07-23,8197.86,8209.03,8155.65,8184.21,,
2015-07-24,8243.43,8273.72,8235.18,8256.45,,
2015-07-27,8052.56,8099.66,8002.09,8051.46,,
2015-07-28,8103.39,8111.5,8050.52,8074.74,,
2015-07-29,8043.86,8092.94,8016.36,8071.79,,
2015-07-30,8145.64,8173.55,8075.4,8128.46,,
2015-07-31,8136.05,8219.55,8090.69,8191.02,,
2015-08-03,8042.46,8113.61,7939.98,8019.91,,
2015-08-04,8134.98,8143.11,8033.4,8096.11,,
2015-08-05,8103.94,8120.66,8063.85,8107.23,,
2015-08-06,8166.07,8174.24,8081.47,8112.5,,
2015-08-07,8186.56,8270.79,8151.03,8184.3,,
2015-08-10,8020.18,8097.22,8012.16,8086.43,,
2015-08-11,8161.27,8208.72,8153.11,8192.75,,
2015-08-12,7972.78,8033.18,7964.8,7985.72,,
2015-08-13,7969.89,8032.32,7920.04,8008.16,,
2015-08-14,7928.52,8013.64,7920.59,7993.85,,
2015-08-17,8118.62,8126.74,8043.23,8085.06,,
2015-08-18,8203.1,8211.3,8098.32,8160.6,,
2015-08-19,8095.25,8103.34,8081.43,8090.69,,
2015-08-20,8076.52,8112.57,8042.11,8076.66,,
2015-08-21,8058.48,8092.51,8036.81,8049.99,,
2015-08-24,8248.67,8318.24,8118.12,8179.82,Black Monday China -5.92%,Global
2015-08-25,7913.42,7971.97,7905.5,7947.66,,
2015-08-26,8037.66,8092.17,7938.2,8030.57,,
2015-08-27,8139.37,8205.73,8098.79,8162.19,,
2015-08-28,8117.31,8178.42,8068.0,8110.77,,
2015-08-31,8050.08,8094.79,8022.86,8052.35,,
2015-09-01,8176.49,8211.69,8112.37,8150.61,,
2015-09-02,8054.84,8078.69,7986.4,8054.86,,
2015-09-03,8032.29,8095.43,8003.3,8062.06,,
2015-09-04,7974.28,8064.79,7945.2,7982.18,,
2015-09-07,8198.51,8294.38,8092.47,8183.87,,
2015-09-08,8066.09,8097.92,8036.12,8063.47,,
2015-09-09,8130.32,8153.8,8122.19,8140.08,,
2015-09-10,7997.78,8087.3,7973.59,8064.32,,
2015-09-11,8115.24,8131.55,8098.05,8115.11,,
2015-09-14,8085.96,8121.3,8041.18,8087.0,,
2015-09-15,7994.24,8028.22,7910.95,8000.6,,
2015-09-16,8116.14,8124.25,8037.58,8093.34,,
2015-09-17,8125.87,8225.41,8056.96,8127.42,,
2015-09-18,8062.31,8095.96,8019.69,8062.83,,
2015-09-21,7968.58,8047.3,7934.33,8009.87,,
2015-09-22,7946.02,8025.27,7912.27,7970.58,,
2015-09-23,8212.96,8259.13,8204.74,8226.53,,
2015-09-24,8174.38,8182.55,8087.11,8101.13,,
2015-09-25,8058.88,8112.56,8006.98,8048.95,,
2015-09-28,8154.94,8205.57,8069.76,8166.65,,
2015-09-29,8022.26,8053.94,7960.74,8015.48,,
2015-09-30,7959.39,7992.39,7929.98,7949.72,,
2015-10-01,8071.1,8106.7,8017.13,8089.97,,
2015-10-02,8096.05,8123.74,8027.97,8088.46,,
2015-10-05,8048.0,8087.61,7987.65,8076.13,,
2015-10-06,8008.64,8080.29,7989.35,8059.08,,
2015-10-07,8097.7,8122.68,8071.38,8112.64,,
2015-10-08,8058.43,8099.3,8012.98,8045.91,,
2015-10-09,8021.75,8042.32,7990.53,8013.4,,
2015-10-12,8013.96,8078.2,7958.82,8009.78,,
2015-10-13,8066.28,8089.07,7993.98,8011.43,,
2015-10-14,7930.44,7964.0,7893.02,7943.32,,
2015-10-15,8140.73,8148.87,8029.93,8106.51,,
2015-10-16,8027.56,8043.27,7935.99,8013.81,,
2015-10-19,7972.02,8029.16,7964.04,8000.96,,
2015-10-20,7979.5,8030.74,7930.0,7974.67,,
2015-10-21,8085.0,8130.9,7991.7,8047.91,,
2015-10-22,7976.2,8028.65,7968.22,8018.25,,
2015-10-23,8054.82,8071.82,8023.88,8055.71,,
2015-10-26,8173.59,8225.81,8152.03,8186.27,,
2015-10-27,8012.87,8030.63,7927.09,7992.04,,
2015-10-28,7985.62,8038.14,7959.64,7990.21,,
2015-10-29,8072.32,8084.54,7985.28,8066.64,,
2015-10-30,8152.92,8178.54,8113.38,8140.44,,
2015-11-02,8007.15,8083.9,7939.07,8044.04,,
2015-11-03,7985.2,8044.48,7927.59,7970.48,,
2015-11-04,8142.78,8169.44,8116.96,8136.01,,
2015-11-05,8132.84,8227.22,8062.39,8096.25,,
2015-11-06,8072.04,8127.33,7988.54,8086.13,,
2015-11-09,8000.78,8029.88,7932.41,7993.53,,
2015-11-10,8079.14,8107.85,7983.79,8048.24,,
2015-11-11,8086.11,8094.19,8041.31,8056.45,,
2015-11-12,7961.72,7987.22,7934.89,7961.62,,
2015-11-13,8065.59,8112.48,8057.52,8095.1,,
2015-11-16,8014.26,8097.69,7945.85,8058.39,,
2015-11-17,7989.49,8043.8,7939.87,8023.76,,
2015-11-18,8026.13,8064.07,8009.73,8026.73,,
2015-11-19,8024.77,8080.17,7963.06,8020.43,,
2015-11-20,7941.11,8027.41,7881.64,7962.3,,
2015-11-23,8051.48,8112.25,8017.53,8028.73,,
2015-11-24,8116.59,8202.94,8008.97,8124.16,,
2015-11-25,7984.03,8027.57,7928.9,7970.71,,
2015-11-26,7991.17,8035.11,7916.27,7965.89,,
2015-11-27,7976.83,8091.46,7935.52,7994.79,,
2015-11-30,7943.82,7964.43,7934.74,7954.3,,
2015-12-01,8013.64,8088.55,7942.81,8020.24,,
2015-12-02,8079.37,8093.01,8038.18,8068.34,,
2015-12-03,8012.85,8063.64,7952.68,8024.64,,
2015-12-04,7991.6,8052.87,7963.05,8040.49,,
2015-12-07,8077.02,8117.79,8030.08,8107.72,,
2015-12-08,7942.02,7996.25,7909.13,7948.17,,
2015-12-09,7786.12,7899.31,7747.85,7870.06,,
2015-12-10,8023.98,8084.58,8010.07,8038.61,,
2015-12-11,7994.45,8002.44,7922.66,7986.09,,
2015-12-14,8052.34,8061.34,8033.29,8042.63,,
2015-12-15,7821.43,7874.79,7813.6,7855.28,,
2015-12-16,7980.9,8060.89,7928.33,7966.9,,
2015-12-17,8033.43,8096.0,7968.1,8020.57,,
2015-12-18,7970.42,7983.07,7915.15,7941.83,,
2015-12-21,8065.2,8079.71,7987.37,8021.12,,
2015-12-22,8067.19,8099.94,7951.32,7992.33,,
2015-12-23,7987.83,8030.75,7960.32,7991.49,,
2015-12-24,8003.27,8038.21,7969.54,8005.07,,
2015-12-25,8146.21,8206.16,8084.52,8113.86,,
2015-12-28,7966.26,8019.62,7925.31,7982.23,,
2015-12-29,7850.02,7894.01,7828.89,7867.28,,
2015-12-30,8072.91,8140.76,7994.31,8073.25,,
2015-12-31,8094.34,8128.12,8008.63,8038.78,,
2016-01-01,7949.03,7966.63,7900.37,7950.43,,
2016-01-04,7783.59,7872.89,7723.68,7795.96,,
2016-01-05,7893.84,7932.7,7881.11,7901.36,,
2016-01-06,7800.93,7824.1,7752.33,7815.08,,
2016-01-07,7793.19,7858.98,7673.7,7814.94,,
2016-01-08,7662.78,7734.74,7650.79,7710.24,,
2016-01-11,7835.54,7863.64,7809.69,7833.8,,
2016-01-12,7767.25,7783.51,7704.61,7772.15,,
2016-01-13,7753.65,7772.59,7665.54,7692.98,,
2016-01-14,7749.27,7780.77,7732.77,7756.77,,
2016-01-15,7835.95,7843.79,7784.98,7812.93,,
2016-01-18,7642.27,7662.0,7625.83,7642.47,,
2016-01-19,7638.65,7647.37,7596.54,7606.52,,
2016-01-20,7561.94,7595.93,7486.34,7584.77,,
2016-01-21,7595.86,7644.63,7452.15,7591.53,,
2016-01-22,7558.41,7600.75,7488.44,7543.0,,
2016-01-25,7397.91,7466.2,7338.24,7430.93,,
2016-01-26,7499.76,7534.59,7458.23,7487.97,,
2016-01-27,7534.75,7593.04,7467.56,7477.62,,
2016-01-28,7511.78,7556.53,7438.38,7499.24,,
2016-01-29,7367.2,7429.24,7291.94,7349.79,,
2016-02-01,7317.1,7325.99,7294.12,7315.85,,
2016-02-02,7386.17,7444.69,7338.54,7365.93,,
2016-02-03,7390.89,7438.6,7316.83,7378.51,,
2016-02-04,7316.82,7364.35,7275.98,7343.88,,
2016-02-05,7270.58,7305.99,7263.31,7291.12,,
2016-02-08,7137.97,7218.75,7099.79,7143.2,,
2016-02-09,7103.53,7117.44,7019.91,7083.17,,
2016-02-10,7233.62,7283.48,7141.21,7246.29,,
2016-02-11,7125.13,7264.96,7045.13,7150.47,,
2016-02-12,7055.17,7106.26,6945.63,7055.87,,
2016-02-15,7135.32,7157.2,7081.06,7124.63,,
2016-02-16,7074.28,7100.95,7067.2,7089.43,,
2016-02-17,7051.36,7117.17,7027.37,7038.56,,
2016-02-18,6967.02,6987.68,6908.02,6973.17,,
2016-02-19,6908.61,6976.12,6882.02,6928.02,,
2016-02-22,6939.79,6976.21,6899.05,6946.31,,
2016-02-23,6838.63,6897.3,6831.79,6865.64,,
2016-02-24,6938.53,6952.73,6915.03,6944.97,,
2016-02-25,6972.98,6989.01,6951.85,6976.78,,
2016-02-26,6897.88,6921.2,6890.98,6912.26,,
2016-02-29,6756.41,6852.78,6710.82,6788.81,Budget 2016 crash,Budget
2016-03-01,6781.98,6827.68,6748.36,6791.59,,
2016-03-02,6892.98,6936.93,6883.66,6902.1,,
2016-03-03,6987.23,7012.26,6935.81,6955.69,,
2016-03-04,6867.47,6879.94,6853.22,6865.43,,
2016-03-07,6810.98,6894.54,6750.46,6848.05,,
2016-03-08,6718.3,6795.76,6673.67,6785.37,,
2016-03-09,6990.35,7032.06,6924.99,6955.02,,
2016-03-10,6950.46,6981.74,6943.48,6958.93,,
2016-03-11,6807.03,6851.49,6761.25,6818.09,,
2016-03-14,6824.44,6861.25,6774.12,6844.8,,
2016-03-15,6996.88,7027.63,6915.13,6937.62,,
2016-03-16,6840.62,6904.81,6805.39,6829.38,,
2016-03-17,6918.61,6927.5,6887.44,6897.48,,
2016-03-18,6826.27,6867.97,6789.21,6854.14,,
2016-03-21,6880.48,6905.51,6810.55,6868.31,,
2016-03-22,6998.02,7009.11,6936.36,6956.51,,
2016-03-23,6979.14,7038.62,6911.79,6935.08,,
2016-03-24,6928.82,6935.75,6901.29,6914.53,,
2016-03-25,6939.26,7029.18,6926.44,6989.2,,
2016-03-28,6963.85,7030.9,6880.67,6977.69,,
2016-03-29,7076.61,7099.93,7049.84,7092.58,,
2016-03-30,6971.52,6998.16,6933.78,6952.83,,
2016-03-31,6970.25,7015.69,6932.21,6980.7,,
2016-04-01,6918.16,6954.34,6880.88,6925.1,,
2016-04-04,6992.32,7032.55,6953.21,6980.05,,
2016-04-05,7048.47,7096.43,7000.16,7030.7,,
2016-04-06,6919.21,6967.25,6896.52,6916.09,,
2016-04-07,6972.04,6992.79,6954.27,6983.43,,
2016-04-08,6965.5,7035.32,6935.36,7025.57,,
2016-04-11,7048.56,7061.47,6971.4,7003.58,,
2016-04-12,7060.53,7100.69,7014.13,7084.52,,
2016-04-13,7000.0,7034.42,6981.93,7001.62,,
2016-04-14,7047.12,7054.17,7027.41,7034.58,,
2016-04-15,7030.63,7143.97,7023.6,7096.4,,
2016-04-18,7094.82,7160.76,7078.76,7095.42,,
2016-04-19,6929.08,6975.16,6907.08,6945.63,,
2016-04-20,6878.06,6935.06,6871.18,6905.5,,
2016-04-21,7057.04,7074.18,7034.86,7066.46,,
2016-04-22,7026.83,7062.94,6991.93,7005.59,,
2016-04-25,7008.13,7046.79,6976.82,7021.07,,
2016-04-26,7201.73,7241.56,7098.69,7175.26,,
2016-04-27,7050.2,7106.4,7019.77,7070.92,,
2016-04-28,7241.39,7248.63,7162.53,7190.75,,
2016-04-29,7094.24,7101.33,7037.58,7057.3,,
2016-05-02,7188.11,7202.33,7154.08,7193.76,,
2016-05-03,7102.96,7163.47,7058.04,7070.9,,
2016-05-04,7158.08,7189.17,7075.78,7124.4,,
2016-05-05,7116.95,7132.53,7051.07,7080.93,,
2016-05-06,7138.33,7213.76,7124.09,7163.75,,
2016-05-09,7252.15,7259.41,7203.74,7221.82,,
2016-05-10,7121.71,7199.14,7072.08,7172.33,,
2016-05-11,7226.47,7233.7,7179.25,7198.04,,
2016-05-12,7159.13,7208.88,7125.16,7178.49,,
2016-05-13,7130.05,7157.56,7015.0,7105.86,,
2016-05-16,7109.33,7120.51,7085.08,7103.97,,
2016-05-17,7220.86,7262.99,7186.02,7218.47,,
2016-05-18,7173.61,7210.27,7115.85,7192.33,,
2016-05-19,7215.63,7258.75,7164.74,7222.77,,
2016-05-20,7093.81,7134.64,7075.59,7110.46,,
2016-05-23,7265.21,7293.12,7223.95,7232.1,,
2016-05-24,7261.54,7318.72,7179.71,7300.86,,
2016-05-25,7141.13,7148.27,7082.36,7105.7,,
2016-05-26,7222.34,7263.78,7190.05,7250.5,,
2016-05-27,7202.74,7209.95,7134.56,7167.01,,
2016-05-30,7294.65,7311.61,7225.69,7252.27,,
2016-05-31,7184.23,7211.59,7177.04,7198.6,,
2016-06-01,7249.98,7288.43,7242.73,7275.87,,
2016-06-02,7262.39,7269.65,7194.08,7217.43,,
2016-06-03,7177.97,7241.02,7170.79,7224.05,,
2016-06-06,7152.08,7231.03,7096.95,7158.28,,
2016-06-07,7456.43,7463.88,7398.07,7413.68,,
2016-06-08,7427.71,7484.95,7325.23,7386.11,,
2016-06-09,7295.41,7349.84,7276.91,7308.37,,
2016-06-10,7287.16,7294.45,7251.09,7278.14,,
2016-06-13,7291.61,7358.64,7274.97,7347.39,,
2016-06-14,7257.87,7323.46,7196.02,7284.81,,
2016-06-15,7290.35,7367.03,7258.57,7293.44,,
2016-06-16,7422.53,7475.13,7380.07,7413.35,,
2016-06-17,7278.76,7286.04,7198.75,7253.34,,
2016-06-20,7402.29,7442.36,7356.02,7413.18,,
2016-06-21,7217.27,7244.8,7209.95,7223.56,,
2016-06-22,7212.31,7267.7,7205.1,7238.13,,
2016-06-23,7165.75,7175.89,7084.23,7167.54,,
2016-06-24,7294.73,7347.48,7285.85,7313.71,Brexit Leave -3.62%,Global
2016-06-27,7359.24,7412.93,7310.06,7371.64,,
2016-06-28,7342.48,7392.43,7302.59,7346.34,,
2016-06-29,7419.93,7432.32,7341.48,7384.42,,
2016-06-30,7281.77,7359.54,7274.49,7351.24,,
2016-07-01,7435.44,7464.08,7403.86,7423.8,,
2016-07-04,7456.14,7492.49,7384.55,7415.48,,
2016-07-05,7302.2,7335.51,7248.5,7315.3,,
2016-07-06,7385.48,7470.88,7332.78,7391.78,,
2016-07-07,7307.07,7366.58,7292.42,7350.38,,
2016-07-08,7404.48,7432.91,7368.25,7406.43,,
2016-07-11,7387.0,7438.48,7379.61,7394.34,,
2016-07-12,7185.6,7273.38,7178.41,7247.13,,
2016-07-13,7333.7,7399.77,7266.83,7365.02,,
2016-07-14,7345.45,7401.67,7317.92,7386.18,,
2016-07-15,7378.65,7415.16,7336.77,7386.36,,
2016-07-18,7539.01,7566.2,7525.06,7544.02,,
2016-07-19,7372.27,7404.87,7347.69,7358.48,,
2016-07-20,7626.4,7667.94,7604.47,7646.58,,
2016-07-21,7519.93,7541.75,7456.66,7529.1,,
2016-07-22,7432.8,7516.06,7369.6,7425.1,,
2016-07-25,7548.17,7565.61,7508.8,7554.97,,
2016-07-26,7416.03,7468.27,7378.8,7432.11,,
2016-07-27,7521.12,7528.64,7436.63,7463.04,,
2016-07-28,7394.98,7436.19,7357.38,7427.69,,
2016-07-29,7533.33,7578.77,7496.4,7523.24,,
2016-08-01,7549.99,7630.21,7443.61,7568.66,,
2016-08-02,7537.53,7549.8,7509.99,7533.47,,
2016-08-03,7452.06,7515.66,7433.83,7500.57,,
2016-08-04,7570.36,7659.02,7562.79,7591.38,,
2016-08-05,7496.8,7556.46,7482.1,7490.62,,
2016-08-08,7511.34,7555.53,7477.98,7510.11,,
2016-08-09,7547.34,7554.89,7473.74,7522.86,,
2016-08-10,7545.66,7592.55,7453.78,7529.98,,
2016-08-11,7515.97,7553.59,7508.45,7527.81,,
2016-08-12,7567.19,7639.19,7516.42,7577.95,,
2016-08-15,7597.75,7605.35,7564.5,7583.85,,
2016-08-16,7539.44,7594.37,7478.89,7547.33,,
2016-08-17,7717.46,7752.09,7659.17,7698.14,,
2016-08-18,7607.2,7619.49,7566.03,7595.9,,
2016-08-19,7676.14,7683.82,7638.09,7656.82,,
2016-08-22,7724.47,7732.2,7665.53,7718.33,,
2016-08-23,7617.91,7706.67,7553.69,7599.9,,
2016-08-24,7625.57,7633.2,7589.86,7606.15,,
2016-08-25,7612.17,7620.56,7570.18,7589.58,,
2016-08-26,7642.3,7708.75,7600.56,7658.07,,
2016-08-29,7644.18,7707.87,7590.9,7683.24,,
2016-08-30,7628.78,7636.41,7595.53,7616.99,,
2016-08-31,7565.14,7599.24,7488.12,7543.95,,
2016-09-01,7752.01,7764.49,7736.28,7751.87,,
2016-09-02,7761.35,7773.53,7704.03,7722.79,,
2016-09-05,7614.58,7712.19,7606.97,7695.73,,
2016-09-06,7695.64,7749.04,7618.71,7711.04,,
2016-09-07,7776.77,7784.54,7706.15,7758.22,,
2016-09-08,7781.76,7843.29,7716.83,7759.1,,
2016-09-09,7620.13,7627.75,7538.4,7584.32,,
2016-09-12,7676.41,7698.65,7652.19,7685.28,,
2016-09-13,7797.62,7841.97,7788.07,7804.98,,
2016-09-14,7626.96,7659.27,7614.32,7623.63,,
2016-09-15,7662.56,7739.16,7654.9,7666.74,,
2016-09-16,7721.58,7772.4,7685.23,7760.79,,
2016-09-19,7613.99,7703.13,7606.37,7680.73,,
2016-09-20,7731.86,7753.96,7699.9,7738.78,,
2016-09-21,7703.39,7712.0,7645.19,7689.57,,
2016-09-22,7768.17,7838.02,7731.32,7741.88,,
2016-09-23,7662.37,7741.72,7570.91,7651.21,,
2016-09-26,7794.65,7871.68,7740.33,7789.91,,
2016-09-27,7782.31,7854.92,7722.34,7771.89,,
2016-09-28,7740.11,7819.22,7670.89,7711.85,,
2016-09-29,7706.35,7724.08,7698.64,7710.29,,
2016-09-30,7704.03,7751.25,7696.32,7735.68,,
2016-10-03,7895.99,7903.88,7868.6,7877.37,,
2016-10-04,7809.69,7860.94,7787.18,7808.43,,
2016-10-05,7844.39,7882.43,7807.98,7820.89,,
2016-10-06,7735.99,7803.59,7694.13,7789.79,,
2016-10-07,7822.35,7830.17,7757.08,7813.02,,
2016-10-10,7763.94,7819.35,7738.71,7766.36,,
2016-10-11,7966.49,8000.96,7884.47,7936.13,,
2016-10-12,7820.87,7860.35,7767.98,7787.44,,
2016-10-13,7852.96,7864.39,7804.2,7850.2,,
2016-10-14,7744.33,7796.96,7643.94,7728.69,,
2016-10-17,7912.32,7982.27,7895.01,7922.44,,
2016-10-18,7862.34,7870.2,7798.11,7842.6,,
2016-10-19,7916.6,7983.11,7908.68,7948.32,,
2016-10-20,7770.1,7867.39,7730.81,7814.29,,
2016-10-21,7807.16,7841.22,7799.35,7832.15,,
2016-10-24,7933.38,7941.32,7900.93,7909.52,,
2016-10-25,7893.27,7916.19,7874.56,7887.63,,
2016-10-26,7849.92,7888.4,7785.04,7868.31,,
2016-10-27,7913.75,7921.67,7853.81,7877.45,,
2016-10-28,7878.48,7936.95,7870.61,7923.92,,
2016-10-31,7908.04,7915.95,7827.99,7842.55,,
2016-11-01,8019.45,8098.62,8011.43,8059.68,,
2016-11-02,7888.35,7933.59,7851.14,7888.38,,
2016-11-03,7901.04,7999.06,7853.98,7897.28,,
2016-11-04,7914.05,8053.79,7895.11,7946.85,,
2016-11-07,7877.19,7987.16,7825.85,7926.82,,
2016-11-08,8052.95,8061.0,7967.98,7981.03,Demonetisation,Political/Market
2016-11-09,7878.81,7886.69,7828.37,7858.25,,
2016-11-10,7969.0,7987.27,7937.91,7964.57,,
2016-11-11,7955.9,7978.5,7915.38,7940.92,,
2016-11-14,7957.54,8036.15,7949.58,7974.24,,
2016-11-15,8052.81,8113.03,8021.47,8061.12,,
2016-11-16,8074.11,8184.42,7912.9,8072.8,,
2016-11-17,8010.69,8018.7,7982.01,8003.71,,
2016-11-18,8041.63,8070.0,8022.8,8035.15,,
2016-11-21,7989.25,8014.89,7935.18,7997.53,,
2016-11-22,7833.59,7861.85,7806.25,7823.21,,
2016-11-23,7976.9,8053.14,7937.82,7991.2,,
2016-11-24,8021.7,8101.68,7972.09,8046.67,,
2016-11-25,8108.61,8134.7,8047.43,8080.37,,
2016-11-28,8095.98,8110.7,8042.56,8071.53,,
2016-11-29,8111.51,8157.18,8048.87,8091.31,,
2016-11-30,8091.32,8125.53,8065.1,8116.12,,
2016-12-01,7997.4,8044.14,7988.75,8003.69,,
2016-12-02,8076.8,8135.7,8017.95,8036.26,,
2016-12-05,7971.34,8056.46,7963.37,8016.7,,
2016-12-06,8040.48,8069.72,7971.39,8024.62,,
2016-12-07,8039.09,8086.69,7960.86,8065.81,,
2016-12-08,8030.09,8038.12,7981.34,8002.64,,
2016-12-09,8113.85,8155.67,7985.72,8002.54,,
2016-12-12,8193.73,8201.93,8148.56,8180.84,,
2016-12-13,8066.75,8074.82,8009.47,8041.88,,
2016-12-14,8284.94,8316.3,8254.9,8288.48,,
2016-12-15,7993.33,8040.43,7971.43,7999.06,,
2016-12-16,8120.95,8176.51,8065.48,8128.23,,
2016-12-19,8155.4,8163.56,8115.37,8131.06,,
2016-12-20,8055.64,8119.69,8047.58,8079.67,,
2016-12-21,8083.91,8118.42,8036.73,8087.2,,
2016-12-22,8184.63,8207.46,8142.74,8157.61,,
2016-12-23,8075.39,8163.84,8067.31,8142.71,,
2016-12-26,8189.77,8231.84,8100.59,8154.01,,
2016-12-27,8230.02,8260.63,8221.79,8247.99,,
2016-12-28,8133.21,8189.3,8084.03,8151.0,,
2016-12-29,8096.7,8154.84,8088.6,8146.66,,
2016-12-30,8001.9,8064.87,7963.5,8030.28,,
2017-01-02,8171.76,8218.76,8108.8,8188.28,,
2017-01-03,8237.07,8263.13,8159.81,8224.18,,
2017-01-04,8157.83,8247.21,8145.04,8205.96,,
2017-01-05,8236.57,8298.16,8218.2,8271.19,,
2017-01-06,8264.25,8365.53,8207.95,8297.95,,
2017-01-09,8265.11,8310.1,8247.22,8285.46,,
2017-01-10,8233.66,8249.37,8181.37,8239.11,,
2017-01-11,8140.34,8241.95,8132.2,8222.44,,
2017-01-12,8290.01,8377.99,8203.14,8250.19,,
2017-01-13,8209.69,8261.28,8201.48,8251.91,,
2017-01-16,8373.58,8406.94,8318.29,8362.65,,
2017-01-17,8289.75,8338.37,8258.82,8296.55,,
2017-01-18,8197.04,8276.95,8178.64,8263.63,,
2017-01-19,8217.75,8227.01,8199.96,8210.67,,
2017-01-20,8259.26,8350.42,8248.2,8330.93,,
2017-01-23,8236.3,8292.33,8189.09,8278.91,,
2017-01-24,8414.23,8461.01,8405.82,8451.5,,
2017-01-25,8339.33,8347.67,8281.84,8305.96,,
2017-01-26,8425.19,8455.28,8370.09,8390.88,,
2017-01-27,8430.14,8524.87,8376.58,8436.35,,
2017-01-30,8314.03,8322.35,8263.76,8295.24,,
2017-01-31,8364.17,8405.42,8355.8,8380.94,,
2017-02-01,8621.04,8629.66,8514.83,8532.81,,
2017-02-02,8390.7,8417.45,8373.06,8399.46,,
2017-02-03,8478.8,8619.19,8411.2,8497.8,,
2017-02-06,8362.65,8437.05,8354.28,8406.97,,
2017-02-07,8484.2,8573.95,8384.99,8462.6,,
2017-02-08,8387.32,8423.09,8378.93,8393.23,,
2017-02-09,8536.69,8577.7,8459.18,8477.36,,
2017-02-10,8412.83,8421.24,8331.4,8363.45,,
2017-02-13,8470.53,8518.9,8462.06,8494.43,,
2017-02-14,8516.8,8571.47,8486.22,8517.82,,
2017-02-15,8564.35,8572.92,8489.48,8501.35,,
2017-02-16,8484.58,8499.72,8431.65,8473.01,,
2017-02-17,8502.99,8525.53,8408.28,8483.96,,
2017-02-20,8479.26,8578.31,8415.17,8474.83,,
2017-02-21,8572.68,8686.17,8521.66,8576.12,,
2017-02-22,8543.9,8587.88,8520.93,8578.56,,
2017-02-23,8620.61,8629.24,8543.4,8582.05,,
2017-02-24,8450.32,8525.14,8421.07,8434.78,,
2017-02-27,8448.16,8488.1,8414.75,8470.01,,
2017-02-28,8676.04,8755.43,8661.89,8671.19,,
2017-03-01,8543.88,8653.44,8535.34,8599.04,,
2017-03-02,8626.94,8635.56,8564.82,8594.24,,
2017-03-03,8454.98,8556.78,8444.12,8513.49,,
2017-03-06,8648.47,8663.29,8615.68,8628.53,,
2017-03-07,8567.96,8622.83,8559.39,8579.43,,
2017-03-08,8549.66,8588.03,8477.23,8544.62,,
2017-03-09,8716.14,8756.3,8614.08,8657.9,,
2017-03-10,8584.89,8597.15,8532.42,8564.7,,
2017-03-13,8658.18,8674.13,8552.26,8634.5,,
2017-03-14,8685.54,8739.4,8675.2,8726.2,,
2017-03-15,8692.42,8731.67,8619.3,8701.11,,
2017-03-16,8558.62,8629.79,8507.28,8567.1,,
2017-03-17,8681.99,8808.14,8524.44,8695.22,,
2017-03-20,8667.01,8721.13,8629.67,8684.56,,
2017-03-21,8839.34,8849.82,8793.63,8828.8,,
2017-03-22,8730.83,8792.43,8698.58,8739.66,,
2017-03-23,8643.11,8671.49,8591.07,8640.05,,
2017-03-24,8793.57,8849.24,8784.77,8840.11,,
2017-03-27,8703.93,8760.75,8662.56,8715.63,,
2017-03-28,8797.99,8832.64,8716.72,8744.18,,
2017-03-29,8808.05,8831.21,8784.54,8795.96,,
2017-03-30,8736.0,8761.17,8685.16,8715.87,,
2017-03-31,8746.87,8853.4,8665.59,8731.74,,
2017-04-03,8763.09,8772.52,8698.21,8727.44,,
2017-04-04,8852.03,8883.12,8756.79,8837.99,,
2017-04-05,8778.44,8847.84,8769.66,8819.46,,
2017-04-06,8787.42,8899.81,8755.87,8836.35,,
2017-04-07,8854.07,8935.0,8801.85,8892.5,,
2017-04-10,8705.64,8779.98,8639.58,8712.84,,
2017-04-11,8821.68,8830.5,8765.93,8801.2,,
2017-04-12,8911.93,8977.26,8868.9,8948.98,,
2017-04-13,8880.71,8931.6,8811.61,8871.38,,
2017-04-14,8830.58,8866.59,8806.87,8855.98,,
2017-04-17,8760.59,8869.17,8749.74,8813.24,,
2017-04-18,8839.49,8907.39,8776.12,8819.3,,
2017-04-19,8792.04,8846.19,8727.06,8788.74,,
2017-04-20,8903.23,8950.78,8884.94,8903.28,,
2017-04-21,8859.71,8983.67,8805.2,8885.48,,
2017-04-24,8996.51,9036.28,8912.71,8983.52,,
2017-04-25,9073.81,9110.64,8981.89,9040.65,,
2017-04-26,8972.83,8995.29,8929.42,8956.66,,
2017-04-27,8839.49,8913.34,8777.94,8848.83,,
2017-04-28,8989.76,9038.33,8910.58,8947.11,,
2017-05-01,9001.65,9034.72,8938.3,8965.21,,
2017-05-02,8904.93,8913.84,8884.73,8902.94,,
2017-05-03,8925.69,8972.12,8902.79,8956.09,,
2017-05-04,8849.0,8975.72,8791.25,8873.6,,
2017-05-05,9059.73,9081.62,9021.92,9045.25,,
2017-05-08,8975.95,9049.52,8951.92,8998.17,,
2017-05-09,8962.42,8974.1,8914.11,8961.52,,
2017-05-10,9158.49,9176.42,9113.21,9135.46,,
2017-05-11,9063.62,9081.85,9019.2,9068.64,,
2017-05-12,8930.51,9007.17,8894.93,8951.49,,
2017-05-15,9105.28,9114.38,9042.78,9063.22,,
2017-05-16,9230.34,9291.27,9152.7,9238.42,,
2017-05-17,9055.7,9147.59,9037.19,9125.81,,
2017-05-18,9154.33,9172.61,9027.03,9130.25,,
2017-05-19,9011.79,9069.51,8975.12,9030.68,,
2017-05-22,9050.45,9113.04,8988.71,9102.55,,
2017-05-23,9002.06,9097.97,8974.59,9062.06,,
2017-05-24,9199.89,9209.09,9153.59,9178.15,,
2017-05-25,9130.13,9190.65,9087.89,9150.14,,
2017-05-26,9174.55,9183.72,9033.03,9087.07,,
2017-05-29,9256.53,9326.62,9159.87,9242.38,,
2017-05-30,9202.48,9237.35,9174.58,9197.83,,
2017-05-31,9123.12,9202.19,9056.85,9188.26,,
2017-06-01,9041.5,9126.94,8936.16,9108.25,,
2017-06-02,9177.77,9214.01,9118.54,9154.18,,
2017-06-05,9280.09,9364.68,9169.41,9241.3,,
2017-06-06,9113.54,9174.54,9075.49,9134.93,,
2017-06-07,9155.12,9250.91,9128.11,9187.88,,
2017-06-08,9198.97,9268.67,9141.38,9220.15,,
2017-06-09,9216.83,9343.12,9166.75,9199.83,,
2017-06-12,9127.06,9265.93,9075.92,9200.29,,
2017-06-13,9126.19,9220.91,9079.05,9109.44,,
2017-06-14,9377.14,9451.03,9285.12,9294.6,,
2017-06-15,9330.06,9396.12,9315.86,9329.98,,
2017-06-16,9272.75,9346.15,9254.91,9286.92,,
2017-06-19,9354.36,9393.29,9313.35,9335.82,,
2017-06-20,9265.32,9274.58,9174.27,9186.22,,
2017-06-21,9238.36,9307.95,9153.38,9217.67,,
2017-06-22,9435.84,9468.36,9406.38,9437.83,,
2017-06-23,9380.6,9475.88,9359.87,9404.54,,
2017-06-26,9372.86,9382.23,9304.81,9317.68,,
2017-06-27,9328.41,9337.74,9292.61,9305.15,,
2017-06-28,9221.74,9230.96,9157.01,9177.81,,
2017-06-29,9332.85,9429.79,9271.57,9315.48,,
2017-06-30,9265.12,9313.73,9250.18,9269.7,,
2017-07-03,9220.32,9271.6,9133.14,9212.75,,
2017-07-04,9321.44,9330.76,9289.63,9299.3,,
2017-07-05,9472.83,9492.48,9427.33,9441.41,,
2017-07-06,9507.11,9556.87,9452.66,9507.13,,
2017-07-07,9537.44,9546.98,9451.68,9510.28,,
2017-07-10,9483.63,9510.93,9439.52,9476.24,,
2017-07-11,9510.08,9519.59,9437.92,9465.05,,
2017-07-12,9466.57,9537.9,9454.27,9517.49,,
2017-07-13,9494.27,9585.55,9451.28,9473.14,,
2017-07-14,9398.41,9471.18,9346.65,9400.27,,
2017-07-17,9312.14,9372.78,9302.54,9362.54,,
2017-07-18,9556.79,9629.68,9521.83,9590.67,,
2017-07-19,9557.51,9618.96,9486.32,9546.81,,
2017-07-20,9555.56,9607.29,9469.81,9530.47,,
2017-07-21,9421.34,9458.56,9336.28,9422.92,,
2017-07-24,9398.83,9461.27,9375.85,9420.6,,
2017-07-25,9528.3,9589.75,9518.77,9565.23,,
2017-07-26,9346.29,9406.86,9280.46,9377.79,,
2017-07-27,9515.13,9562.09,9487.03,9513.77,,
2017-07-28,9610.26,9625.12,9568.43,9596.21,,
2017-07-31,9417.66,9494.73,9398.26,9442.37,,
2017-08-01,9554.45,9564.0,9530.37,9547.61,,
2017-08-02,9693.77,9754.98,9596.55,9682.39,,
2017-08-03,9719.09,9728.81,9608.11,9681.1,,
2017-08-04,9645.38,9688.38,9594.05,9664.25,,
2017-08-07,9548.52,9636.92,9507.4,9607.04,,
2017-08-08,9713.99,9768.45,9638.18,9729.51,,
2017-08-09,9432.41,9501.57,9396.95,9456.58,,
2017-08-10,9645.43,9756.87,9595.33,9634.17,,
2017-08-11,9832.14,9869.92,9735.34,9745.3,,
2017-08-14,9797.71,9807.5,9716.03,9754.16,,
2017-08-15,9836.3,9846.13,9725.86,9787.26,,
2017-08-16,9667.17,9676.84,9593.15,9622.52,,
2017-08-17,9735.97,9770.11,9699.34,9736.11,,
2017-08-18,9791.89,9877.13,9692.74,9719.74,,
2017-08-21,9662.54,9672.2,9585.33,9606.71,,
2017-08-22,9831.68,9861.88,9805.86,9824.57,,
2017-08-23,9624.72,9694.88,9615.09,9673.88,,
2017-08-24,9784.95,9810.52,9707.01,9763.84,,
2017-08-25,9655.37,9697.19,9615.57,9672.81,,
2017-08-28,9780.17,9816.92,9755.53,9776.82,,
2017-08-29,9635.49,9709.63,9590.02,9689.65,,
2017-08-30,9730.75,9756.83,9708.3,9732.12,,
2017-08-31,9769.52,9859.54,9750.32,9798.28,,
2017-09-01,9667.46,9723.93,9655.78,9685.9,,
2017-09-04,9710.57,9721.52,9665.08,9685.3,,
2017-09-05,9733.65,9783.52,9685.69,9749.59,,
2017-09-06,9687.32,9776.47,9619.31,9733.23,,
2017-09-07,9766.17,9850.54,9661.35,9829.85,,
2017-09-08,9682.46,9749.21,9620.53,9733.9,,
2017-09-11,9773.94,9830.11,9724.71,9766.65,,
2017-09-12,9884.08,9900.65,9760.0,9788.63,,
2017-09-13,9924.34,9947.87,9877.46,9909.27,,
2017-09-14,9681.8,9725.65,9640.86,9699.7,,
2017-09-15,9735.45,9760.11,9637.98,9747.29,,
2017-09-18,9839.53,9938.96,9829.69,9872.67,,
2017-09-19,9841.72,9912.86,9785.03,9810.95,,
2017-09-20,9940.72,9989.52,9760.78,9866.81,,
2017-09-21,9892.02,9911.86,9784.69,9884.43,,
2017-09-22,9767.74,9833.57,9736.65,9810.99,,
2017-09-25,9842.32,9902.34,9814.79,9856.5,,
2017-09-26,10058.68,10071.97,9972.43,9995.64,,
2017-09-27,9944.63,9954.57,9871.57,9895.14,,
2017-09-28,9926.34,9999.58,9916.41,9957.86,,
2017-09-29,9980.99,10037.68,9971.01,10003.13,,
2017-10-02,9858.11,9939.34,9814.84,9897.65,,
2017-10-03,10055.61,10146.92,9966.33,10011.42,,
2017-10-04,9925.36,9974.33,9859.12,9908.69,,
2017-10-05,9958.2,10116.88,9836.1,9972.84,,
2017-10-06,10082.7,10206.45,9990.81,10030.89,,
2017-10-09,10129.32,10158.51,10091.6,10124.97,,
2017-10-10,9880.8,9904.74,9826.88,9849.45,,
2017-10-11,10343.89,10481.45,10224.41,10341.66,,
2017-10-12,10027.65,10069.07,10017.62,10056.27,,
2017-10-13,10076.74,10167.95,10010.8,10066.16,,
2017-10-16,9928.06,10005.11,9883.12,9968.2,,
2017-10-17,10114.44,10148.91,10038.54,10094.49,,
2017-10-18,10208.96,10242.07,10169.88,10221.07,,
2017-10-19,10176.34,10237.23,10127.43,10183.08,,
2017-10-20,10071.54,10095.54,10054.59,10079.91,,
2017-10-23,10166.29,10227.96,10051.99,10121.9,,
2017-10-24,10098.66,10138.06,10006.42,10074.18,,
2017-10-25,10197.86,10284.08,10187.66,10236.71,,
2017-10-26,10127.65,10162.71,10053.9,10092.21,,
2017-10-27,10092.63,10144.84,10035.34,10115.04,,
2017-10-30,9899.99,9928.08,9800.33,9907.06,,
2017-10-31,10158.17,10258.45,10116.19,10219.58,,
2017-11-01,10361.58,10372.97,10280.05,10304.97,,
2017-11-02,10069.92,10139.38,10032.54,10079.39,,
2017-11-03,10129.72,10174.07,10064.12,10089.86,,
2017-11-06,10137.8,10269.93,10122.23,10148.81,,
2017-11-07,10205.16,10290.2,10064.56,10196.21,,
2017-11-08,10246.39,10304.7,10154.89,10216.94,,
2017-11-09,10222.65,10257.57,10142.85,10231.11,,
2017-11-10,10262.46,10356.95,10175.68,10244.88,,
2017-11-13,10255.6,10328.19,10089.98,10248.37,,
2017-11-14,10262.83,10311.32,10252.57,10296.57,,
2017-11-15,10240.05,10286.19,10173.42,10260.05,,
2017-11-16,10266.92,10375.1,10184.34,10247.43,,
2017-11-17,10412.55,10466.96,10327.86,10421.71,,
2017-11-20,10174.58,10235.01,10119.95,10158.79,,
2017-11-21,10380.13,10492.58,10304.26,10401.77,,
2017-11-22,10329.69,10489.79,10197.97,10384.64,,
2017-11-23,10361.17,10436.03,10311.97,10351.06,,
2017-11-24,10459.44,10534.53,10372.61,10407.25,,
2017-11-27,10306.03,10410.76,10295.72,10368.64,,
2017-11-28,10269.06,10321.85,10212.73,10283.56,,
2017-11-29,10356.84,10413.2,10346.48,10381.46,,
2017-11-30,10329.73,10382.07,10313.8,10333.86,,
2017-12-01,10370.54,10430.94,10238.16,10376.03,,
2017-12-04,10282.45,10385.79,10264.38,10348.99,,
2017-12-05,10362.86,10373.22,10265.63,10324.46,,
2017-12-06,10292.32,10363.41,10282.03,10318.66,,
2017-12-07,10360.07,10393.58,10332.41,10363.45,,
2017-12-08,10450.4,10463.38,10328.47,10358.79,,
2017-12-11,10369.52,10448.36,10359.15,10423.84,,
2017-12-12,10502.25,10594.24,10456.86,10570.83,,
2017-12-13,10601.53,10646.92,10541.36,10587.05,,
2017-12-14,10392.64,10506.56,10382.25,10421.0,,
2017-12-15,10349.25,10376.77,10325.26,10354.86,,
2017-12-18,10569.44,10704.2,10550.11,10569.77,,
2017-12-19,10500.25,10554.36,10489.75,10537.84,,
2017-12-20,10598.38,10664.78,10540.32,10587.94,,
2017-12-21,10583.24,10593.82,10471.23,10535.8,,
2017-12-22,10554.14,10640.47,10543.59,10583.51,,
2017-12-25,10479.46,10600.37,10432.3,10561.23,,
2017-12-26,10479.39,10525.21,10409.16,10495.75,,
2017-12-27,10562.65,10573.21,10488.91,10547.24,,
2017-12-28,10683.64,10713.7,10622.2,10672.03,,
2017-12-29,10429.72,10528.15,10419.29,10508.84,,
2018-01-01,10647.74,10676.75,10624.48,10661.43,,
2018-01-02,10553.95,10665.35,10440.13,10545.16,,
2018-01-03,10596.7,10654.95,10508.51,10583.88,,
2018-01-04,10478.54,10586.13,10377.41,10522.09,,
2018-01-05,10468.53,10529.72,10451.94,10491.99,,
2018-01-08,10479.06,10494.74,10410.52,10477.3,,
2018-01-09,10551.46,10698.29,10470.28,10504.39,,
2018-01-10,10472.83,10483.87,10378.99,10396.21,,
2018-01-11,10548.46,10607.24,10518.82,10558.23,,
2018-01-12,10440.48,10554.56,10351.07,10471.49,,
2018-01-15,10497.82,10554.47,10487.32,10537.82,,
2018-01-16,10559.25,10668.1,10514.12,10573.88,,
2018-01-17,10518.4,10560.1,10415.63,10457.51,,
2018-01-18,10541.89,10635.03,10518.78,10562.4,,
2018-01-19,10434.37,10548.99,10395.2,10489.35,,
2018-01-22,10544.07,10654.2,10460.14,10586.83,,
2018-01-23,10573.83,10725.15,10520.04,10569.74,,
2018-01-24,10302.07,10404.63,10222.8,10349.97,,
2018-01-25,10542.37,10565.2,10505.51,10542.94,,
2018-01-26,10595.98,10683.12,10558.14,10611.82,,
2018-01-29,10620.34,10636.3,10529.43,10568.58,,
2018-01-30,10425.53,10512.61,10292.75,10398.09,,
2018-01-31,10657.46,10761.34,10600.68,10644.79,,
2018-02-01,10606.58,10631.04,10495.44,10553.92,Budget LTCG 10%,Budget
2018-02-02,10500.78,10578.4,10476.85,10549.87,,
2018-02-05,10601.09,10651.01,10577.78,10590.85,,
2018-02-06,10248.65,10390.93,10185.79,10314.28,,
2018-02-07,10496.27,10572.26,10408.78,10498.24,,
2018-02-08,10415.84,10570.51,10367.06,10559.16,,
2018-02-09,10562.44,10588.98,10507.98,10567.44,,
2018-02-12,10379.73,10436.49,10285.4,10411.76,,
2018-02-13,10494.7,10547.09,10419.27,10496.33,,
2018-02-14,10524.56,10547.88,10426.7,10481.93,,
2018-02-15,10565.34,10613.7,10554.78,10587.97,,
2018-02-16,10495.78,10616.83,10430.57,10564.05,,
2018-02-19,10409.0,10453.65,10377.89,10428.73,,
2018-02-20,10361.93,10450.85,10330.21,10385.49,,
2018-02-21,10605.46,10654.94,10551.0,10570.08,,
2018-02-22,10459.6,10566.05,10449.14,10501.2,,
2018-02-23,10517.73,10635.57,10420.94,10526.32,,
2018-02-26,10484.85,10495.34,10401.4,10429.84,,
2018-02-27,10229.57,10326.56,10206.82,10237.8,,
2018-02-28,10340.9,10468.63,10284.99,10354.02,,
2018-03-01,10524.94,10569.0,10467.26,10537.04,,
2018-03-02,10372.28,10433.34,10278.3,10354.53,,
2018-03-05,10483.07,10586.05,10454.41,10464.89,,
2018-03-06,10492.68,10612.04,10396.23,10470.38,,
2018-03-07,10471.86,10482.33,10393.7,10465.79,,
2018-03-08,10550.85,10645.91,10540.3,10622.77,,
2018-03-09,10468.52,10528.62,10408.68,10448.89,,
2018-03-12,10409.19,10451.16,10310.47,10372.74,,
2018-03-13,10365.76,10399.74,10245.48,10291.19,,
2018-03-14,10359.52,10401.2,10286.84,10306.35,,
2018-03-15,10548.22,10621.44,10537.67,10566.07,,
2018-03-16,10487.11,10588.47,10403.85,10517.02,,
2018-03-19,10542.21,10595.02,10522.3,10541.49,,
2018-03-20,10371.27,10415.91,10360.9,10378.83,,
2018-03-21,10341.96,10406.89,10248.61,10391.59,,
2018-03-22,10249.92,10403.83,10207.29,10322.0,,
2018-03-23,10234.28,10343.02,10158.17,10288.92,,
2018-03-26,10416.99,10446.45,10392.41,10411.0,,
2018-03-27,10232.01,10394.99,10173.17,10294.99,,
2018-03-28,10301.88,10335.04,10237.51,10307.41,,
2018-03-29,10366.97,10474.83,10246.13,10330.18,,
2018-03-30,10465.62,10554.28,10428.36,10474.24,,
2018-04-02,10363.24,10454.03,10352.88,10389.88,,
2018-04-03,10375.86,10386.24,10299.88,10314.88,,
2018-04-04,10304.29,10314.59,10162.75,10264.63,,
2018-04-05,10347.95,10385.19,10298.64,10344.31,,
2018-04-06,10323.86,10405.36,10200.11,10367.85,,
2018-04-09,10303.19,10405.28,10243.28,10381.02,,
2018-04-10,10354.18,10469.25,10273.41,10335.29,,
2018-04-11,10334.2,10417.34,10323.87,10354.7,,
2018-04-12,10350.53,10368.9,10305.83,10320.93,,
2018-04-13,10427.99,10519.21,10321.19,10397.9,,
2018-04-16,10466.46,10510.86,10392.85,10472.45,,
2018-04-17,10552.11,10562.66,10450.81,10467.42,,
2018-04-18,10365.42,10474.06,10337.5,10427.7,,
2018-04-19,10366.27,10395.91,10327.9,10376.47,,
2018-04-20,10464.42,10536.2,10399.77,10481.94,,
2018-04-23,10262.75,10312.49,10242.52,10278.28,,
2018-04-24,10135.92,10257.3,10125.79,10239.21,,
2018-04-25,10534.13,10590.32,10476.85,10511.07,,
2018-04-26,10241.11,10357.04,10115.76,10242.48,,
2018-04-27,10373.02,10443.61,10328.28,10422.21,,
2018-04-30,10347.46,10381.55,10319.07,10342.97,,
2018-05-01,10270.11,10337.11,10247.6,10323.55,,
2018-05-02,10223.05,10292.51,10083.02,10222.26,,
2018-05-03,10357.71,10470.49,10267.74,10441.1,,
2018-05-04,10382.14,10392.52,10277.25,10319.43,,
2018-05-07,10343.01,10442.11,10264.41,10374.13,,
2018-05-08,10314.38,10340.78,10256.44,10299.79,,
2018-05-09,10493.63,10537.05,10461.77,10475.27,,
2018-05-10,10302.78,10367.52,10235.36,10284.31,,
2018-05-11,10299.18,10357.54,10220.95,10316.13,,
2018-05-14,10338.08,10348.41,10258.13,10301.38,,
2018-05-15,10244.55,10347.74,10114.88,10232.3,,
2018-05-16,10393.14,10403.54,10305.28,10341.93,,
2018-05-17,10028.49,10158.9,9956.9,10118.23,,
2018-05-18,10408.58,10480.2,10349.46,10433.31,,
2018-05-21,10535.37,10589.45,10387.47,10463.87,,
2018-05-22,10474.79,10485.26,10356.68,10444.7,,
2018-05-23,10415.46,10474.08,10360.0,10421.17,,
2018-05-24,10267.46,10305.57,10175.24,10274.88,,
2018-05-25,10251.14,10292.09,10168.25,10197.59,,
2018-05-28,10418.35,10481.21,10388.73,10401.37,,
2018-05-29,10028.04,10181.27,9987.04,10149.99,,
2018-05-30,10286.89,10324.23,10256.58,10274.43,,
2018-05-31,10085.66,10192.84,10075.58,10168.45,,
2018-06-01,10406.94,10441.67,10358.02,10371.6,,
2018-06-04,10325.81,10380.48,10289.69,10356.17,,
2018-06-05,10338.26,10404.2,10327.92,10373.84,,
2018-06-06,10268.63,10349.51,10238.17,10287.82,,
2018-06-07,10257.72,10314.9,10083.51,10174.88,,
2018-06-08,10101.75,10174.72,10071.27,10160.21,,
2018-06-11,10238.15,10265.73,10145.41,10179.77,,
2018-06-12,10367.21,10455.66,10201.15,10302.81,,
2018-06-13,10354.83,10416.27,10272.65,10345.45,,
2018-06-14,10297.07,10307.37,10176.61,10230.94,,
2018-06-15,10223.57,10306.2,10188.99,10247.82,,
2018-06-18,10360.93,10424.99,10294.87,10330.92,,
2018-06-19,10264.19,10274.46,10214.99,10249.55,,
2018-06-20,10357.36,10370.04,10270.93,10298.77,,
2018-06-21,10280.43,10405.35,10270.15,10310.03,,
2018-06-22,10242.32,10365.71,10170.36,10238.77,,
2018-06-25,10338.47,10397.61,10242.63,10291.96,,
2018-06-26,10173.06,10200.3,10120.13,10175.7,,
2018-06-27,10242.84,10278.71,10214.62,10247.59,,
2018-06-28,10240.58,10302.26,10230.34,10261.38,,
2018-06-29,10217.88,10279.23,10140.78,10219.24,,
2018-07-02,10257.32,10292.34,10197.31,10233.99,,
2018-07-03,10252.65,10297.45,10198.74,10259.78,,
2018-07-04,10183.73,10253.37,10104.35,10242.69,,
2018-07-05,10392.01,10424.71,10336.1,10391.84,,
2018-07-06,10255.24,10318.34,10147.38,10234.78,,
2018-07-09,10277.59,10287.86,10220.9,10251.97,,
2018-07-10,10281.09,10353.93,10212.36,10273.13,,
2018-07-11,10240.18,10250.42,10186.66,10206.05,,
2018-07-12,10219.1,10270.16,10157.21,10191.44,,
2018-07-13,10365.83,10376.2,10233.92,10296.71,,
2018-07-16,10263.3,10300.97,10193.03,10212.53,,
2018-07-17,10289.33,10342.84,10182.27,10257.54,,
2018-07-18,10197.33,10207.53,10131.18,10161.6,,
2018-07-19,10127.53,10242.51,10068.6,10167.3,,
2018-07-20,10094.44,10134.07,10084.34,10115.43,,
2018-07-23,10255.77,10324.71,10245.51,10288.22,,
2018-07-24,10043.82,10096.22,9930.38,10069.16,,
2018-07-25,10184.55,10369.66,10010.84,10161.58,,
2018-07-26,10092.44,10234.9,10050.04,10163.96,,
2018-07-27,10041.56,10072.91,9980.39,10025.43,,
2018-07-30,10244.33,10336.4,10099.7,10252.28,,
2018-07-31,10176.88,10228.6,10077.24,10096.11,,
2018-08-01,10149.5,10189.76,10131.85,10151.7,,
2018-08-02,10065.75,10103.41,10008.77,10050.22,,
2018-08-03,10130.01,10242.58,10119.88,10171.61,,
2018-08-06,10147.7,10264.37,10066.95,10166.95,,
2018-08-07,10180.78,10264.1,10139.83,10177.35,,
2018-08-08,9939.15,10005.13,9856.68,9988.93,,
2018-08-09,10129.87,10174.92,10119.74,10145.15,,
2018-08-10,10188.44,10236.0,10178.25,10211.94,,
2018-08-13,10279.59,10296.51,10201.16,10245.36,,
2018-08-14,10044.46,10154.96,10034.42,10097.44,,
2018-08-15,10129.24,10296.26,10089.11,10174.2,,
2018-08-16,10090.12,10146.42,10080.03,10127.15,,
2018-08-17,10044.21,10075.31,9994.11,10037.27,,
2018-08-20,10038.91,10076.07,9966.47,10055.08,,
2018-08-21,10092.3,10117.24,10066.91,10091.56,,
2018-08-22,10065.23,10116.82,10055.16,10096.76,,
2018-08-23,9996.0,10132.8,9932.71,10039.04,,
2018-08-24,10144.96,10196.84,10091.05,10132.37,,
2018-08-27,9920.36,10003.81,9896.36,9954.69,,
2018-08-28,10130.73,10208.47,10120.6,10146.13,,
2018-08-29,9961.13,9998.15,9947.91,9965.27,,
2018-08-30,10015.29,10046.78,9986.54,10012.72,,
2018-08-31,10070.45,10172.25,10040.18,10121.39,,
2018-09-03,10155.7,10222.66,10101.17,10140.54,,
2018-09-04,10015.68,10129.26,9960.79,10056.62,,
2018-09-05,10062.03,10150.24,10032.38,10065.36,,
2018-09-06,10097.27,10117.8,10017.66,10070.58,,
2018-09-07,10039.08,10089.48,9923.49,9983.04,,
2018-09-10,9996.43,10070.05,9954.55,10050.95,,
2018-09-11,10120.94,10215.26,10048.98,10126.31,,
2018-09-12,10074.87,10166.95,10026.66,10072.44,,
2018-09-13,10056.65,10104.44,10009.35,10067.05,,
2018-09-14,10062.47,10096.13,10009.58,10063.59,,
2018-09-17,10139.97,10227.55,10129.83,10208.77,,
2018-09-18,10052.5,10162.92,9986.98,10086.36,,
2018-09-19,10142.66,10236.03,10132.52,10167.85,,
2018-09-20,10002.36,10082.44,9992.36,10054.17,,
2018-09-21,9916.41,10010.28,9906.5,9996.44,IL&FS DHFL crisis,Major
2018-09-24,10049.18,10068.28,9988.37,10049.6,,
2018-09-25,10062.19,10166.37,9982.0,10107.71,,
2018-09-26,10173.42,10234.59,10086.26,10139.59,,
2018-09-27,10151.1,10161.25,10069.74,10087.7,,
2018-09-28,10057.88,10086.26,9950.25,9979.5,,
2018-10-01,9890.03,9981.62,9880.14,9936.71,,
2018-10-02,10025.26,10136.65,10004.51,10065.55,,
2018-10-03,10053.49,10063.54,9995.74,10038.77,,
2018-10-04,10078.24,10161.47,10016.01,10039.55,,
2018-10-05,9939.38,9949.32,9883.11,9913.02,,
2018-10-08,10124.86,10155.56,10053.65,10074.13,,
2018-10-09,10163.52,10222.13,10101.35,10157.83,,
2018-10-10,10051.43,10150.09,9974.03,10064.49,,
2018-10-11,9926.18,10002.16,9886.01,9969.49,,
2018-10-12,9838.94,9872.06,9774.16,9837.87,,
2018-10-15,10043.9,10085.47,9971.33,10058.5,,
2018-10-16,9986.29,10095.98,9911.44,9955.44,,
2018-10-17,10000.51,10010.51,9947.2,9971.48,,
2018-10-18,10000.21,10087.73,9909.88,10033.6,,
2018-10-19,10095.26,10125.34,10046.43,10078.44,,
2018-10-22,9869.67,9989.19,9773.85,9859.99,,
2018-10-23,9939.58,9951.86,9906.16,9921.23,,
2018-10-24,10011.79,10063.5,9926.03,10023.0,,
2018-10-25,10007.36,10017.36,9814.32,9921.81,,
2018-10-26,9875.83,9938.46,9780.44,9914.08,,
2018-10-29,9982.75,10124.46,9942.53,9998.96,,
2018-10-30,9992.82,10146.97,9962.97,10018.09,,
2018-10-31,10174.05,10207.05,10041.89,10071.29,,
2018-11-01,10136.88,10173.64,10099.09,10111.09,,
2018-11-02,10074.5,10226.49,10064.42,10133.17,,
2018-11-05,10079.23,10122.59,10034.57,10082.93,,
2018-11-06,10054.19,10102.29,10010.92,10032.9,,
2018-11-07,10090.69,10152.25,10060.62,10112.93,,
2018-11-08,10132.11,10308.48,10068.91,10165.83,,
2018-11-09,10236.92,10301.88,10220.05,10249.85,,
2018-11-12,10254.52,10311.92,10144.49,10203.75,,
2018-11-13,10046.17,10202.11,9939.63,10122.01,,
2018-11-14,10337.92,10371.86,10305.41,10329.46,,
2018-11-15,10140.77,10230.19,10130.63,10207.43,,
2018-11-16,10339.28,10369.63,10265.7,10301.64,,
2018-11-19,10515.79,10565.45,10505.27,10548.29,,
2018-11-20,10320.57,10382.92,10310.25,10343.98,,
2018-11-21,10420.47,10460.41,10320.86,10359.07,,
2018-11-22,10320.47,10392.25,10307.73,10335.37,,
2018-11-23,10411.51,10466.72,10344.59,10394.42,,
2018-11-26,10453.88,10516.69,10355.41,10431.75,,
2018-11-27,10390.68,10467.3,10341.89,10361.25,,
2018-11-28,10378.76,10475.66,10306.35,10442.44,,
2018-11-29,10470.92,10481.39,10366.43,10420.46,,
2018-11-30,10359.19,10390.45,10274.9,10299.05,,
2018-12-03,10493.78,10587.1,10469.81,10504.7,,
2018-12-04,10666.38,10677.04,10605.7,10630.45,,
2018-12-05,10433.15,10484.88,10389.78,10437.12,,
2018-12-06,10608.64,10648.63,10483.33,10543.09,,
2018-12-07,10609.66,10639.42,10598.69,10624.79,,
2018-12-10,10739.71,10750.45,10678.34,10703.92,,
2018-12-11,10588.47,10645.24,10428.88,10536.07,,
2018-12-12,10516.61,10609.36,10452.87,10583.35,,
2018-12-13,10584.75,10595.33,10520.38,10539.59,,
2018-12-14,10605.32,10689.03,10578.02,10658.67,,
2018-12-17,10795.85,10892.35,10715.3,10833.68,,
2018-12-18,10683.18,10772.63,10600.98,10693.2,,
2018-12-19,10692.26,10702.95,10640.46,10672.75,,
2018-12-20,10698.84,10769.93,10603.38,10719.36,,
2018-12-21,10735.41,10867.66,10578.35,10758.76,,
2018-12-24,10769.64,10806.87,10736.36,10762.83,,
2018-12-25,10892.05,10902.94,10821.7,10881.3,,
2018-12-26,10758.82,10823.11,10736.62,10778.25,,
2018-12-27,10793.41,10828.93,10775.35,10817.28,,
2018-12-28,10642.94,10702.38,10602.6,10664.0,,
2018-12-31,10799.34,10915.65,10783.49,10840.59,,
2019-01-01,10828.21,10892.01,10775.92,10849.61,,
2019-01-02,10957.45,10968.41,10876.88,10907.86,,
2019-01-03,10801.87,10865.85,10791.07,10836.89,,
2019-01-04,10897.51,10908.41,10783.29,10817.41,,
2019-01-07,10834.98,10848.54,10795.78,10810.68,,
2019-01-08,10782.08,10992.4,10728.07,10897.46,,
2019-01-09,10719.99,10915.18,10709.27,10832.95,,
2019-01-10,10867.31,10954.29,10845.04,10927.37,,
2019-01-11,10794.13,10812.79,10743.51,10794.83,,
2019-01-14,10618.61,10700.74,10552.96,10635.38,,
2019-01-15,10805.61,10901.42,10707.01,10838.64,,
2019-01-16,10991.44,11068.57,10893.18,10935.69,,
2019-01-17,10781.13,10896.4,10666.43,10731.5,,
2019-01-18,11082.65,11094.54,10947.62,10992.87,,
2019-01-21,10888.75,10960.57,10877.86,10931.48,,
2019-01-22,10966.5,11066.06,10955.53,11014.63,,
2019-01-23,10877.49,10899.04,10761.93,10795.2,,
2019-01-24,10904.54,11024.17,10823.64,10892.78,,
2019-01-25,10917.58,10974.72,10849.74,10962.1,,
2019-01-28,11147.78,11158.92,11082.55,11097.48,,
2019-01-29,10904.56,10950.49,10843.4,10925.81,,
2019-01-30,10976.92,11065.59,10894.44,10999.36,,
2019-01-31,10880.86,10908.82,10803.62,10833.07,,
2019-02-01,10881.99,10901.46,10843.57,10886.66,,
2019-02-04,10744.47,10825.63,10671.96,10742.55,,
2019-02-05,10815.8,10972.24,10791.41,10872.65,,
2019-02-06,10896.83,10961.24,10836.99,10911.11,,
2019-02-07,11010.53,11101.99,10843.11,10953.33,,
2019-02-08,11012.03,11070.65,10983.71,11008.13,,
2019-02-11,10990.39,11054.17,10893.36,10944.03,,
2019-02-12,10972.84,10999.71,10867.24,10891.74,,
2019-02-13,10795.57,10876.6,10778.41,10797.38,,
2019-02-14,10800.73,10901.68,10763.4,10863.18,,
2019-02-15,10965.23,11092.93,10879.28,10995.59,,
2019-02-18,10995.44,11026.83,10961.17,11002.81,,
2019-02-19,10777.89,10830.38,10751.96,10787.54,,
2019-02-20,11035.05,11115.67,10944.35,11029.95,,
2019-02-21,10951.09,10962.04,10896.06,10914.0,,
2019-02-22,10822.45,10911.3,10772.5,10850.75,,
2019-02-25,11094.09,11152.21,10991.02,11028.61,,
2019-02-26,10883.69,10910.25,10826.4,10850.22,,
2019-02-27,10866.69,11015.9,10852.53,10896.29,,
2019-02-28,11015.04,11026.06,10903.12,10926.61,,
2019-03-01,11065.03,11100.27,11032.99,11045.84,,
2019-03-04,10768.18,10893.9,10757.41,10821.96,,
2019-03-05,10932.88,10993.8,10845.49,10966.42,,
2019-03-06,11042.97,11054.01,10994.17,11026.61,,
2019-03-07,11017.1,11056.44,10959.54,11025.06,,
2019-03-08,11004.52,11122.59,10921.54,11071.84,,
2019-03-11,10931.93,11029.8,10921.0,10974.5,,
2019-03-12,10989.24,11007.88,10905.5,10925.29,,
2019-03-13,11052.19,11199.68,10885.45,11031.51,,
2019-03-14,10885.73,10929.37,10874.84,10908.17,,
2019-03-15,10979.37,11046.42,10957.66,10995.31,,
2019-03-18,10859.2,10877.11,10807.8,10856.75,,
2019-03-19,11077.18,11088.83,11009.88,11056.24,,
2019-03-20,10899.59,10936.1,10792.78,10866.45,,
2019-03-21,11021.58,11113.66,10988.0,11070.19,,
2019-03-22,10991.87,11038.84,10952.58,11019.54,,
2019-03-25,10926.74,11006.3,10891.22,10959.73,,
2019-03-26,10948.93,11070.64,10814.24,10989.78,,
2019-03-27,10982.72,11078.73,10910.11,11050.29,,
2019-03-28,10852.98,10902.78,10721.98,10803.1,,
2019-03-29,11087.02,11154.12,10996.75,11083.09,,
2019-04-01,10859.35,10947.88,10848.49,10930.22,,
2019-04-02,10780.94,10835.26,10762.54,10809.73,,
2019-04-03,11087.57,11158.05,11039.82,11068.97,,
2019-04-04,11109.2,11154.44,11027.47,11053.3,,
2019-04-05,11080.61,11210.59,11009.15,11070.74,,
2019-04-08,10974.35,11067.18,10914.4,11024.32,,
2019-04-09,11043.05,11059.98,10942.75,10973.23,,
2019-04-10,10986.87,11131.9,10944.81,11044.11,,
2019-04-11,11084.65,11168.75,10944.7,11078.59,,
2019-04-12,11133.45,11174.2,11036.09,11124.32,,
2019-04-15,11064.77,11081.53,11026.58,11063.33,,
2019-04-16,11194.68,11239.11,11093.83,11141.32,,
2019-04-17,11018.83,11116.73,11007.81,11074.98,,
2019-04-18,11126.31,11215.12,11094.01,11124.19,,
2019-04-19,11043.69,11094.94,10964.59,11081.6,,
2019-04-22,11028.45,11055.55,10975.35,10986.42,,
2019-04-23,10986.9,11004.18,10913.38,10954.45,,
2019-04-24,11106.79,11254.04,11095.69,11188.74,,
2019-04-25,10871.78,11010.58,10837.06,10936.66,,
2019-04-26,11097.66,11108.76,11043.93,11080.21,,
2019-04-29,11052.01,11126.71,11040.96,11071.9,,
2019-04-30,11125.96,11194.07,11069.86,11143.5,,
2019-05-01,10984.73,11009.32,10937.25,10970.85,,
2019-05-02,10970.76,11016.84,10892.09,10973.73,,
2019-05-03,11192.61,11329.09,11149.88,11238.2,,
2019-05-06,11115.96,11141.64,11079.09,11126.97,,
2019-05-07,11156.79,11189.26,11074.76,11144.59,,
2019-05-08,10996.0,11031.42,10975.07,11006.09,,
2019-05-09,11040.87,11212.58,10990.98,11131.91,,
2019-05-10,11002.35,11048.24,10963.16,11012.74,,
2019-05-13,11117.47,11128.59,11038.88,11065.27,,
2019-05-14,11140.49,11215.84,11070.57,11146.26,,
2019-05-15,11050.44,11124.63,11011.97,11046.87,,
2019-05-16,11081.51,11215.81,11007.27,11133.12,,
2019-05-17,11131.79,11159.92,11047.0,11096.05,,
2019-05-20,11000.05,11079.01,10960.44,10972.35,,
2019-05-21,11038.95,11121.13,11006.57,11056.36,,
2019-05-22,11024.64,11154.08,10933.0,11064.8,,
2019-05-23,11133.62,11184.97,11082.75,11159.77,Lok Sabha BJP 303,Major
2019-05-24,11157.68,11180.9,11066.18,11157.12,,
2019-05-27,11132.47,11215.85,11090.33,11173.82,,
2019-05-28,11056.8,11158.8,10955.52,11111.26,,
2019-05-29,11089.72,11139.08,11012.35,11109.45,,
2019-05-30,11244.03,11255.27,11139.07,11213.29,,
2019-05-31,11231.61,11299.79,11186.74,11215.01,,
2019-06-03,11143.87,11203.8,11079.51,11146.71,,
2019-06-04,10957.67,11030.91,10880.89,10925.37,,
2019-06-05,11022.1,11166.2,10879.36,11078.87,,
2019-06-06,11026.63,11139.88,10972.61,11098.54,,
2019-06-07,11125.38,11213.2,11082.41,11178.11,,
2019-06-10,11020.07,11132.83,11009.05,11049.04,,
2019-06-11,11030.28,11104.57,11001.18,11067.82,,
2019-06-12,10769.73,10903.14,10758.96,10858.16,,
2019-06-13,10881.96,10930.97,10847.73,10866.97,,
2019-06-14,11164.05,11298.34,11123.87,11244.05,,
2019-06-17,11160.1,11241.22,11095.69,11122.1,,
2019-06-18,11186.74,11197.92,11129.55,11182.52,,
2019-06-19,11307.26,11352.91,11244.99,11320.16,,
2019-06-20,11079.45,11167.93,11028.61,11058.44,,
2019-06-21,11086.78,11148.41,11067.9,11089.47,,
2019-06-24,11334.37,11353.82,11270.82,11284.51,,
2019-06-25,11000.53,11035.06,10911.84,10992.36,,
2019-06-26,11068.36,11110.54,10969.17,11053.49,,
2019-06-27,11200.95,11212.15,11113.51,11163.24,,
2019-06-28,11065.95,11160.15,11024.79,11080.06,,
2019-07-01,11091.52,11169.36,11019.3,11062.39,,
2019-07-02,11178.18,11245.35,11123.91,11170.36,,
2019-07-03,11111.32,11177.81,11036.51,11132.56,,
2019-07-04,11117.09,11187.32,11002.61,11109.96,,
2019-07-05,11267.32,11278.59,11185.1,11204.95,,
2019-07-08,11125.14,11189.75,11101.17,11114.86,,
2019-07-09,11217.05,11251.34,11177.34,11212.54,,
2019-07-10,11222.33,11329.04,11067.46,11157.83,,
2019-07-11,11190.03,11251.52,11126.9,11172.76,,
2019-07-12,11041.04,11153.78,10914.45,11137.23,,
2019-07-15,11138.22,11242.94,11112.98,11125.4,,
2019-07-16,11195.08,11247.47,11123.3,11166.15,,
2019-07-17,11237.24,11322.52,11226.01,11257.78,,
2019-07-18,11237.28,11282.7,11191.82,11236.45,,
2019-07-19,11261.43,11331.64,11182.02,11212.39,,
2019-07-22,11145.18,11156.33,11065.28,11082.86,,
2019-07-23,11135.02,11185.62,11120.28,11158.65,,
2019-07-24,11194.43,11321.54,11112.25,11209.53,,
2019-07-25,11292.27,11346.36,11192.95,11249.3,,
2019-07-26,11205.91,11298.89,11192.65,11220.66,,
2019-07-29,11176.65,11248.56,11103.84,11168.34,,
2019-07-30,11048.81,11159.42,11037.77,11105.26,,
2019-07-31,11187.37,11277.1,11171.74,11264.19,,
2019-08-01,10855.4,10940.35,10844.54,10911.15,,
2019-08-02,11215.59,11304.54,11078.13,11109.59,,
2019-08-05,11198.94,11294.67,11121.11,11143.63,,
2019-08-06,11157.62,11186.52,11138.81,11167.67,,
2019-08-07,10974.85,11135.25,10951.07,11091.77,,
2019-08-08,11240.92,11318.51,11229.68,11272.91,,
2019-08-09,11075.45,11173.46,11026.98,11144.73,,
2019-08-12,11331.08,11379.32,11231.81,11271.42,,
2019-08-13,11048.14,11097.53,10978.49,11042.75,,
2019-08-14,11229.86,11293.77,11123.94,11193.81,,
2019-08-15,11163.27,11214.36,11152.1,11192.52,,
2019-08-16,11214.74,11233.34,11190.47,11217.91,,
2019-08-19,11320.66,11369.47,11213.1,11295.52,,
2019-08-20,11054.08,11169.28,11043.03,11118.9,,
2019-08-21,11271.1,11282.37,11173.02,11235.35,,
2019-08-22,11217.31,11235.12,11153.61,11169.85,,
2019-08-23,11165.49,11307.21,11154.33,11217.41,,
2019-08-26,11101.92,11236.19,11090.82,11187.25,,
2019-08-27,11519.32,11530.84,11443.84,11465.54,,
2019-08-28,11450.48,11519.99,11372.11,11448.67,,
2019-08-29,11191.87,11270.12,11159.99,11226.81,,
2019-08-30,11072.35,11135.84,10996.24,11119.65,,
2019-09-02,11333.65,11344.99,11196.11,11242.53,,
2019-09-03,11383.52,11466.11,11342.51,11369.75,,
2019-09-04,11165.22,11258.6,11117.58,11157.64,,
2019-09-05,11295.69,11416.62,11232.9,11337.61,,
2019-09-06,11274.07,11349.06,11251.46,11294.86,,
2019-09-09,11359.62,11428.69,11346.85,11401.71,,
2019-09-10,11127.82,11197.8,11116.69,11148.52,,
2019-09-11,11300.88,11384.45,11172.17,11259.01,,
2019-09-12,11259.74,11353.81,11235.52,11315.86,,
2019-09-13,11203.12,11284.1,11155.69,11229.4,,
2019-09-16,11127.79,11192.88,11097.48,11163.76,,
2019-09-17,11368.19,11456.74,11356.82,11388.78,,
2019-09-18,11358.96,11373.27,11253.22,11289.93,,
2019-09-19,11455.5,11514.2,11356.79,11389.01,,
2019-09-20,11384.36,11443.59,11355.89,11401.55,Corporate tax cut +5.32% historic,Major
2019-09-23,11398.07,11420.94,11300.82,11321.86,,
2019-09-24,11109.22,11224.32,11024.95,11110.81,,
2019-09-25,11358.7,11378.61,11271.85,11367.02,,
2019-09-26,11215.33,11250.43,11174.72,11199.72,,
2019-09-27,11268.25,11398.91,11187.8,11269.32,,
2019-09-30,11246.79,11277.62,11199.83,11240.34,,
2019-10-01,11489.47,11550.37,11406.17,11484.4,,
2019-10-02,11221.78,11277.18,11169.95,11252.7,,
2019-10-03,11405.15,11467.1,11351.76,11433.77,,
2019-10-04,11407.08,11481.3,11395.67,11424.88,,
2019-10-07,11538.09,11557.19,11413.4,11525.28,,
2019-10-08,11336.97,11504.97,11270.09,11424.35,,
2019-10-09,11370.87,11419.78,11295.62,11314.79,,
2019-10-10,11266.08,11338.08,11174.87,11245.92,,
2019-10-11,11400.21,11494.83,11320.91,11444.57,,
2019-10-14,11342.53,11515.51,11314.48,11490.73,,
2019-10-15,11517.48,11575.46,11505.12,11555.94,,
2019-10-16,11442.41,11558.0,11271.35,11497.38,,
2019-10-17,11369.95,11473.08,11358.58,11432.55,,
2019-10-18,11506.47,11551.05,11389.75,11488.99,,
2019-10-21,11666.95,11678.61,11569.34,11590.76,,
2019-10-22,11616.97,11634.51,11594.1,11622.28,,
2019-10-23,11523.42,11672.98,11363.41,11515.89,,
2019-10-24,11578.8,11624.51,11546.1,11608.86,,
2019-10-25,11432.95,11600.37,11336.56,11432.59,,
2019-10-28,11567.48,11667.22,11553.61,11566.18,,
2019-10-29,11764.35,11795.63,11682.79,11732.38,,
2019-10-30,11958.23,12014.58,11786.64,11847.26,,
2019-10-31,11621.28,11715.66,11538.98,11669.01,,
2019-11-01,11486.0,11635.5,11474.51,11566.41,,
2019-11-04,11724.6,11756.63,11641.63,11666.35,,
2019-11-05,11669.71,11745.72,11658.04,11709.98,,
2019-11-06,11600.25,11642.01,11568.16,11581.09,,
2019-11-07,11617.39,11688.07,11570.26,11655.05,,
2019-11-08,11597.71,11641.2,11552.11,11577.91,,
2019-11-11,11829.02,11893.96,11817.19,11880.62,,
2019-11-12,11691.71,11772.52,11596.94,11717.9,,
2019-11-13,11733.44,11771.44,11671.92,11756.77,,
2019-11-14,11928.69,11977.95,11873.48,11895.07,,
2019-11-15,11615.71,11742.84,11489.99,11664.19,,
2019-11-18,11751.75,11856.6,11740.0,11838.76,,
2019-11-19,11718.22,11843.08,11601.68,11733.26,,
2019-11-20,11740.66,11850.63,11685.01,11775.97,,
2019-11-21,11851.35,11908.73,11776.47,11823.85,,
2019-11-22,11804.05,11873.85,11792.25,11833.57,,
2019-11-25,11875.05,11945.16,11839.22,11856.84,,
2019-11-26,12047.79,12117.2,11988.23,12102.2,,
2019-11-27,11901.49,12051.03,11865.29,11919.32,,
2019-11-28,11981.02,12067.49,11913.17,11956.39,,
2019-11-29,11871.35,11941.96,11820.34,11880.91,,
2019-12-02,11929.9,11941.83,11893.57,11912.46,,
2019-12-03,11943.9,12043.38,11931.96,12003.07,,
2019-12-04,11902.42,11982.46,11872.06,11936.15,,
2019-12-05,11915.35,11930.0,11827.1,11877.17,,
2019-12-06,11933.52,11986.79,11889.21,11909.93,,
2019-12-09,12051.65,12063.7,11919.64,11954.93,,
2019-12-10,11870.8,11951.18,11852.58,11902.24,,
2019-12-11,11885.0,12013.55,11769.92,11991.66,,
2019-12-12,11825.4,11924.35,11733.17,11892.96,,
2019-12-13,11987.18,12081.11,11929.66,12011.78,,
2019-12-16,12020.15,12089.37,11928.72,12022.03,,
2019-12-17,11921.46,11964.18,11839.53,11922.57,,
2019-12-18,12202.97,12335.59,12079.73,12227.78,,
2019-12-19,12048.84,12092.25,12020.0,12064.34,,
2019-12-20,12060.46,12194.84,11953.1,12107.08,,
2019-12-23,12065.91,12197.51,11980.71,12118.58,,
2019-12-24,12034.32,12155.17,12022.29,12102.65,,
2019-12-25,12068.29,12160.59,12037.41,12073.87,,
2019-12-26,12212.86,12250.44,12164.4,12213.96,,
2019-12-27,12307.16,12394.59,12135.01,12207.75,,
2019-12-30,12148.92,12196.74,12093.38,12110.02,,
2019-12-31,12067.95,12087.78,12022.08,12063.01,,
2020-01-01,12134.12,12194.17,12111.64,12160.75,,
2020-01-02,11995.54,12080.08,11927.25,11940.15,,
2020-01-03,11961.73,12132.42,11821.98,11910.51,,
2020-01-06,11922.34,11934.26,11790.68,11870.71,,
2020-01-07,11862.18,11909.73,11792.89,11822.92,,
2020-01-08,11926.44,12024.96,11815.25,11913.04,,
2020-01-09,11741.56,11760.13,11670.17,11741.2,,
2020-01-10,11680.25,11747.47,11655.08,11667.68,,
2020-01-13,11276.62,11362.83,11255.95,11295.95,,
2020-01-14,11271.09,11376.54,11221.36,11333.44,,
2020-01-15,11157.87,11262.66,11146.71,11223.64,,
2020-01-16,11478.26,11550.23,11387.7,11452.63,,
2020-01-17,11301.05,11343.35,11185.15,11251.61,,
2020-01-20,11060.18,11096.65,10938.68,10997.41,,
2020-01-21,11220.31,11309.29,11159.04,11217.25,,
2020-01-22,10983.38,11110.3,10907.86,11002.13,,
2020-01-23,10917.32,10937.17,10830.5,10884.38,,
2020-01-24,10872.85,10989.89,10835.33,10873.3,,
2020-01-27,10810.25,10821.06,10699.73,10769.27,,
2020-01-28,10696.33,10741.89,10566.51,10635.68,,
2020-01-29,10527.13,10542.15,10468.19,10526.59,,
2020-01-30,10531.9,10542.43,10477.93,10508.13,,
2020-01-31,10444.85,10501.48,10396.41,10474.82,,
2020-02-03,10175.36,10247.05,10120.43,10190.41,,
2020-02-04,10303.68,10365.05,10282.97,10304.92,,
2020-02-05,10160.25,10228.93,10103.45,10126.96,,
2020-02-06,10138.93,10159.34,10052.67,10135.61,,
2020-02-07,10042.86,10074.8,10032.81,10052.76,,
2020-02-10,9831.07,9922.87,9771.36,9884.75,,
2020-02-11,9741.24,9816.29,9711.61,9791.43,,
2020-02-12,9697.93,9756.1,9660.08,9716.48,,
2020-02-13,9727.54,9830.57,9717.81,9759.04,,
2020-02-14,9553.16,9628.41,9493.84,9599.82,,
2020-02-17,9379.95,9429.0,9296.74,9307.94,,
2020-02-18,9403.49,9465.93,9371.72,9446.98,,
2020-02-19,9399.06,9531.47,9369.03,9429.61,,
2020-02-20,9285.84,9297.87,9270.37,9286.01,,
2020-02-21,9183.26,9201.39,9090.13,9181.72,,
2020-02-24,8996.31,9095.64,8964.63,9059.98,,
2020-02-25,8983.83,9012.49,8932.07,8944.65,,
2020-02-26,9048.11,9171.3,8892.22,9022.9,,
2020-02-27,8848.9,8914.11,8832.14,8873.98,,
2020-02-28,9035.41,9044.45,8966.74,8976.97,,
2020-03-02,8544.3,8661.33,8463.49,8584.13,,
2020-03-03,8606.54,8658.32,8597.93,8644.34,,
2020-03-04,8570.38,8653.23,8561.81,8632.17,,
2020-03-05,8576.14,8611.67,8513.3,8542.19,,
2020-03-06,8453.57,8522.81,8445.12,8471.01,,
2020-03-09,8336.7,8391.56,8308.35,8372.86,,
2020-03-10,8185.67,8251.76,8154.59,8205.89,,
2020-03-11,8173.1,8253.63,8120.85,8226.51,,
2020-03-12,8045.95,8061.21,7986.02,8051.52,Covid Black Thursday,Global
2020-03-13,8077.95,8086.03,8026.43,8066.2,,
2020-03-16,7862.45,7946.99,7810.56,7902.49,,
2020-03-17,7819.44,7827.26,7784.94,7808.9,,
2020-03-18,7735.07,7763.74,7690.56,7753.33,,
2020-03-19,7711.26,7767.4,7694.64,7731.72,,
2020-03-20,7627.37,7688.44,7619.74,7646.09,,
2020-03-23,7582.31,7639.5,7545.39,7617.25,Covid Bottom 7511,Global
2020-03-24,7576.12,7625.28,7482.92,7540.55,,
2020-03-25,7625.62,7677.82,7618.0,7641.33,,
2020-03-26,7577.85,7585.43,7529.76,7567.25,,
2020-03-27,7607.72,7653.8,7548.43,7556.95,,
2020-03-30,7725.94,7733.67,7672.91,7686.34,,
2020-03-31,7710.52,7742.42,7686.54,7717.39,,
2020-04-01,7810.33,7834.23,7802.51,7817.8,,
2020-04-02,7844.96,7907.38,7778.77,7807.67,,
2020-04-03,7806.08,7883.73,7722.32,7764.77,,
2020-04-06,7855.93,7899.34,7831.94,7857.91,,
2020-04-07,7887.88,7944.05,7811.36,7918.12,,
2020-04-08,7732.85,7810.22,7725.12,7796.41,,
2020-04-09,8008.79,8042.53,7967.17,8000.74,,
2020-04-10,7801.8,7865.52,7787.56,7834.93,,
2020-04-13,7834.44,7847.76,7814.77,7829.25,,
2020-04-14,8098.75,8106.84,8040.11,8060.67,,
2020-04-15,7906.74,7971.17,7898.83,7939.17,,
2020-04-16,7982.81,8006.43,7923.25,7962.79,,
2020-04-17,8075.71,8092.23,8005.29,8042.82,,
2020-04-20,8185.28,8193.47,8138.46,8151.99,,
2020-04-21,8148.04,8197.33,8106.64,8125.01,,
2020-04-22,8347.56,8422.23,8334.78,8360.86,,
2020-04-23,8313.25,8374.67,8191.17,8282.36,,
2020-04-24,8247.58,8255.84,8138.89,8229.56,,
2020-04-27,8297.09,8375.35,8267.61,8342.36,,
2020-04-28,8347.86,8378.18,8320.78,8361.15,,
2020-04-29,8235.06,8271.91,8199.71,8259.9,,
2020-04-30,8441.71,8493.1,8421.97,8431.73,,
2020-05-01,8463.72,8472.18,8409.42,8452.84,,
2020-05-04,8499.48,8540.57,8458.6,8518.08,,
2020-05-05,8432.21,8483.78,8423.78,8457.85,,
2020-05-06,8361.61,8425.6,8353.24,8383.57,,
2020-05-07,8605.46,8646.89,8479.95,8540.87,,
2020-05-08,8584.28,8658.27,8543.59,8589.45,,
2020-05-11,8419.13,8510.69,8355.72,8442.11,,
2020-05-12,8675.29,8684.27,8608.08,8636.53,,
2020-05-13,8562.31,8585.59,8533.25,8556.0,,
2020-05-14,8728.39,8750.38,8717.63,8731.78,,
2020-05-15,8762.12,8821.31,8753.35,8790.41,,
2020-05-18,8804.64,8820.73,8753.91,8764.66,,
2020-05-19,8950.36,9003.4,8924.78,8938.71,,
2020-05-20,8662.53,8673.89,8630.91,8656.48,,
2020-05-21,8785.28,8874.84,8745.73,8848.96,,
2020-05-22,8968.66,9017.41,8902.47,8916.6,,
2020-05-25,9011.51,9072.47,8990.67,9019.53,,
2020-05-26,9011.07,9053.52,9002.06,9036.27,,
2020-05-27,9067.94,9170.27,8984.22,9047.93,,
2020-05-28,8965.96,9088.34,8957.0,9036.62,,
2020-05-29,9097.49,9191.99,9036.45,9141.09,,
2020-06-01,9234.88,9315.11,9164.53,9225.66,,
2020-06-02,9088.92,9156.61,9069.33,9140.28,,
2020-06-03,9162.04,9171.2,9086.53,9098.05,,
2020-06-04,9107.06,9142.76,9071.01,9130.62,,
2020-06-05,9087.0,9129.68,9006.57,9093.95,,
2020-06-08,9405.49,9430.76,9240.66,9324.54,,
2020-06-09,9199.99,9342.77,9130.97,9297.67,,
2020-06-10,9296.09,9337.98,9234.16,9318.61,,
2020-06-11,9291.62,9365.16,9274.35,9302.72,,
2020-06-12,9375.56,9407.52,9273.17,9366.42,,
2020-06-15,9426.8,9474.82,9375.01,9393.87,,
2020-06-16,9350.03,9359.38,9254.36,9322.19,,
2020-06-17,9504.02,9549.25,9464.85,9516.87,,
2020-06-18,9542.77,9557.59,9524.61,9546.58,,
2020-06-19,9455.01,9505.88,9348.91,9476.87,,
2020-06-22,9584.44,9668.66,9495.35,9614.39,,
2020-06-23,9559.03,9593.22,9502.34,9534.63,,
2020-06-24,9625.82,9639.95,9579.69,9604.36,,
2020-06-25,9454.17,9547.13,9405.12,9512.83,,
2020-06-26,9550.13,9671.69,9540.58,9636.13,,
2020-06-29,9731.71,9751.18,9720.71,9733.51,,
2020-06-30,9785.3,9847.57,9756.78,9777.72,,
2020-07-01,9732.35,9818.97,9682.68,9775.19,,
2020-07-02,9809.17,9857.65,9759.55,9827.85,,
2020-07-03,9757.25,9840.61,9696.42,9727.53,,
2020-07-06,9897.67,9938.56,9859.54,9927.57,,
2020-07-07,9831.65,9928.4,9746.61,9836.39,,
2020-07-08,9865.94,9917.93,9844.74,9874.23,,
2020-07-09,10003.97,10060.06,9993.96,10048.24,,
2020-07-10,9902.87,9912.77,9861.77,9890.56,,
2020-07-13,10079.32,10089.4,9957.12,10065.13,,
2020-07-14,10086.29,10133.48,10020.56,10081.16,,
2020-07-15,10015.6,10049.03,9980.47,10011.84,,
2020-07-16,10227.53,10282.45,10144.74,10196.77,,
2020-07-17,10316.25,10352.51,10286.66,10333.61,,
2020-07-20,10391.42,10510.01,10374.3,10390.58,,
2020-07-21,10045.01,10076.84,10030.38,10048.83,,
2020-07-22,10371.8,10469.94,10242.43,10268.59,,
2020-07-23,10235.81,10275.09,10221.8,10246.68,,
2020-07-24,10433.55,10557.78,10423.12,10473.26,,
2020-07-27,10472.77,10540.2,10336.94,10361.62,,
2020-07-28,10437.98,10559.02,10427.55,10534.64,,
2020-07-29,10475.24,10556.34,10464.77,10494.49,,
2020-07-30,10395.76,10450.58,10385.37,10438.03,,
2020-07-31,10545.79,10631.99,10466.66,10583.46,,
2020-08-03,10509.04,10575.31,10457.84,10554.57,,
2020-08-04,10579.21,10644.98,10501.89,10564.41,,
2020-08-05,10537.47,10693.17,10459.78,10561.79,,
2020-08-06,10496.08,10603.34,10483.64,10570.02,,
2020-08-07,10559.67,10570.23,10417.63,10462.28,,
2020-08-10,10645.6,10695.93,10579.86,10626.5,,
2020-08-11,10638.11,10744.21,10620.77,10694.19,,
2020-08-12,10647.35,10754.88,10559.15,10602.68,,
2020-08-13,10715.56,10816.66,10636.16,10725.84,,
2020-08-14,10626.07,10695.01,10599.18,10648.12,,
2020-08-17,10799.1,10864.3,10775.2,10811.06,,
2020-08-18,10936.36,10947.29,10842.28,10912.76,,
2020-08-19,10845.5,10947.95,10796.31,10831.87,,
2020-08-20,11023.85,11137.76,10865.93,10968.45,,
2020-08-21,10801.34,10938.62,10712.19,10831.59,,
2020-08-24,11013.63,11118.25,10924.16,10958.16,,
2020-08-25,11128.91,11222.46,11005.48,11117.92,,
2020-08-26,11184.38,11283.26,11083.16,11166.72,,
2020-08-27,11109.85,11213.24,11016.84,11197.32,,
2020-08-28,11228.66,11289.0,11180.26,11217.56,,
2020-08-31,10974.05,11052.88,10862.21,10932.21,,
2020-09-01,11227.63,11302.75,11168.41,11206.9,,
2020-09-02,11142.83,11221.83,11020.76,11157.21,,
2020-09-03,11219.49,11256.5,11139.44,11161.39,,
2020-09-04,11343.64,11420.78,11221.12,11290.66,,
2020-09-07,11360.54,11458.98,11328.14,11366.98,,
2020-09-08,11284.04,11320.56,11134.2,11302.27,,
2020-09-09,11468.42,11533.58,11318.05,11437.85,,
2020-09-10,11643.51,11728.15,11558.94,11624.31,,
2020-09-11,11269.98,11346.67,11234.14,11301.91,,
2020-09-14,11630.02,11747.19,11503.54,11619.26,,
2020-09-15,11552.24,11598.28,11469.56,11537.09,,
2020-09-16,11604.66,11657.2,11583.28,11636.95,,
2020-09-17,11726.33,11839.96,11610.44,11770.74,,
2020-09-18,11547.71,11581.42,11455.51,11475.65,,
2020-09-21,11811.71,11823.52,11732.57,11786.2,,
2020-09-22,11659.03,11754.72,11532.18,11694.85,,
2020-09-23,11702.2,11785.2,11602.58,11657.78,,
2020-09-24,11834.5,11868.65,11659.72,11786.18,,
2020-09-25,11808.28,11924.86,11748.29,11800.34,,
2020-09-28,11856.38,11878.58,11796.04,11835.83,,
2020-09-29,11931.76,11967.01,11835.04,11883.87,,
2020-09-30,11908.36,11988.21,11795.29,11893.97,,
2020-10-01,11772.89,11879.8,11732.75,11789.12,,
2020-10-02,11837.51,11898.27,11799.69,11871.13,,
2020-10-05,11848.55,11932.78,11768.62,11839.87,,
2020-10-06,12042.74,12084.29,11966.63,12057.77,,
2020-10-07,12020.65,12123.14,11928.89,11954.77,,
2020-10-08,12238.99,12251.22,12112.34,12153.58,,
2020-10-09,12102.88,12114.98,12036.36,12056.84,,
2020-10-12,11996.36,12159.3,11951.31,12005.57,,
2020-10-13,12067.44,12182.26,12055.37,12133.51,,
2020-10-14,12204.07,12279.94,12068.32,12204.52,,
2020-10-15,12372.02,12384.39,12198.38,12300.52,,
2020-10-16,12197.43,12228.84,12165.91,12208.6,,
2020-10-19,12532.63,12576.18,12386.26,12463.04,,
2020-10-20,12429.98,12475.14,12359.46,12435.58,,
2020-10-21,12569.54,12582.11,12416.72,12506.11,,
2020-10-22,12401.13,12456.01,12373.58,12439.89,,
2020-10-23,12605.25,12666.77,12592.65,12640.46,,
2020-10-26,12617.29,12659.68,12531.48,12581.57,,
2020-10-27,12397.47,12409.87,12298.32,12344.16,,
2020-10-28,12405.04,12548.59,12361.42,12440.63,,
2020-10-29,12767.93,12805.35,12637.78,12674.78,,
2020-10-30,12556.32,12596.77,12539.32,12577.01,,
2020-11-02,12511.99,12524.5,12460.22,12475.71,,
2020-11-03,12640.28,12689.5,12585.66,12664.46,,
2020-11-04,12802.04,12853.05,12733.29,12752.73,,
2020-11-05,12598.35,12684.97,12585.76,12627.76,,
2020-11-06,12842.27,12855.11,12665.15,12759.2,,
2020-11-09,12736.41,12757.54,12636.03,12704.08,,
2020-11-10,12662.5,12734.61,12606.25,12685.31,,
2020-11-11,12752.52,12807.62,12655.39,12732.0,,
2020-11-12,12794.76,12846.99,12781.96,12825.35,,
2020-11-13,12979.79,13036.82,12832.2,12905.3,,
2020-11-16,13094.18,13184.79,12980.01,13107.43,,
2020-11-17,12958.22,13076.14,12902.63,12918.24,,
2020-11-18,12900.37,12975.82,12821.67,12878.64,,
2020-11-19,13136.95,13171.63,13103.62,13120.35,,
2020-11-20,13132.04,13174.6,13084.54,13114.95,,
2020-11-23,13195.3,13208.49,13039.98,13073.24,,
2020-11-24,13066.77,13115.83,12961.13,13042.24,,
2020-11-25,13178.74,13230.95,13119.3,13205.17,,
2020-11-26,12938.55,13040.07,12925.61,13015.84,,
2020-11-27,13124.11,13178.56,12980.94,13041.81,,
2020-11-30,13209.77,13282.07,13196.56,13255.92,,
2020-12-01,13285.21,13353.03,13190.57,13309.23,,
2020-12-02,13311.4,13324.71,13180.25,13289.94,,
2020-12-03,13391.28,13525.66,13377.89,13434.43,,
2020-12-04,13561.48,13591.06,13498.02,13572.51,,
2020-12-07,13550.71,13573.16,13440.26,13557.72,,
2020-12-08,13219.4,13406.63,13206.18,13339.31,,
2020-12-09,13488.39,13591.06,13410.0,13461.92,,
2020-12-10,13532.76,13546.29,13360.21,13462.2,,
2020-12-11,13692.05,13835.32,13581.91,13725.8,,
2020-12-14,13622.2,13635.83,13538.98,13606.39,,
2020-12-15,13558.52,13681.55,13508.71,13628.92,,
2020-12-16,13400.44,13473.43,13348.99,13458.99,,
2020-12-17,13855.41,13923.95,13794.18,13810.66,,
2020-12-18,13838.2,13946.91,13824.36,13889.58,,
2020-12-21,13815.94,13878.22,13729.68,13795.71,,
2020-12-22,13631.11,13764.09,13516.62,13735.17,,
2020-12-23,13897.72,13971.74,13883.82,13905.11,,
2020-12-24,13886.18,13900.06,13768.92,13860.82,,
2020-12-25,13973.67,14011.32,13891.15,13946.71,,
2020-12-28,13988.85,14140.18,13885.54,13983.9,,
2020-12-29,13976.66,14129.43,13856.35,13895.38,,
2020-12-30,13672.44,13840.05,13587.61,13711.88,,
2020-12-31,13964.24,14076.5,13865.37,13943.94,,
2021-01-01,14053.83,14095.98,14005.58,14031.35,,
2021-01-04,14157.88,14249.54,14097.12,14153.17,,
2021-01-05,14084.49,14165.56,14037.74,14143.6,,
2021-01-06,14065.12,14176.6,14051.06,14085.51,,
2021-01-07,14134.07,14148.2,14068.42,14098.22,,
2021-01-08,14177.34,14287.64,14155.91,14222.65,,
2021-01-11,14272.39,14372.38,14193.17,14234.29,,
2021-01-12,14289.03,14395.14,14274.74,14337.27,,
2021-01-13,14240.24,14357.71,14152.63,14263.85,,
2021-01-14,14125.04,14169.04,13999.86,14136.09,,
2021-01-15,14353.57,14528.9,14248.27,14346.75,,
2021-01-18,14357.52,14384.05,14343.16,14363.78,,
2021-01-19,14495.28,14542.08,14353.34,14420.3,,
2021-01-20,14498.34,14594.73,14319.61,14379.58,,
2021-01-21,14337.27,14421.57,14286.37,14301.33,,
2021-01-22,14416.57,14536.25,14341.94,14479.03,,
2021-01-25,14560.66,14583.24,14423.93,14448.0,,
2021-01-26,14237.97,14288.39,14197.39,14236.26,,
2021-01-27,14434.82,14492.41,14365.3,14418.16,,
2021-01-28,14448.01,14513.7,14394.85,14419.09,,
2021-01-29,14400.46,14438.24,14386.06,14421.06,,
2021-02-01,14776.89,14791.66,14557.26,14635.14,Budget +4.74% best in 22yrs,Budget
2021-02-02,14320.12,14514.35,14305.32,14383.03,,
2021-02-03,14431.92,14693.23,14343.27,14491.97,,
2021-02-04,14328.96,14452.65,14249.62,14360.8,,
2021-02-05,14602.25,14767.28,14459.12,14630.49,,
2021-02-08,14335.48,14414.65,14278.68,14329.67,,
2021-02-09,14578.0,14704.98,14466.26,14592.32,,
2021-02-10,14811.81,14826.62,14738.22,14758.69,,
2021-02-11,14659.0,14850.19,14513.42,14654.42,,
2021-02-12,14609.47,14700.25,14520.98,14646.94,,
2021-02-15,14461.03,14630.05,14446.56,14541.92,,
2021-02-16,14725.67,14880.02,14651.28,14724.66,,
2021-02-17,14823.53,14861.63,14707.22,14836.38,,
2021-02-18,14550.33,14631.02,14501.75,14587.51,,
2021-02-19,14792.26,14893.49,14698.51,14832.2,,
2021-02-22,14887.43,14910.35,14825.38,14856.44,,
2021-02-23,14905.96,14999.69,14779.99,14824.27,,
2021-02-24,14784.25,14899.67,14625.52,14770.96,,
2021-02-25,14912.38,14956.54,14752.41,14840.36,,
2021-02-26,14865.25,14964.0,14839.41,14899.83,,
2021-03-01,15121.88,15248.08,15052.84,15110.2,,
2021-03-02,14645.88,14778.55,14501.58,14633.7,,
2021-03-03,14993.81,15059.05,14883.47,14923.55,,
2021-03-04,15059.19,15228.34,15015.07,15041.68,,
2021-03-05,15062.56,15188.65,15006.03,15102.43,,
2021-03-08,15060.16,15204.01,14941.09,14986.25,,
2021-03-09,15127.69,15289.74,15102.97,15174.46,,
2021-03-10,14929.34,15073.42,14848.1,14952.32,,
2021-03-11,15056.35,15153.89,14974.21,15104.24,,
2021-03-12,15156.94,15302.75,15088.7,15177.48,,
2021-03-15,15089.72,15157.24,15018.92,15094.03,,
2021-03-16,14944.99,15157.11,14899.19,15130.23,,
2021-03-17,15253.7,15369.38,15160.54,15259.07,,
2021-03-18,15134.42,15314.59,15035.51,15235.92,,
2021-03-19,15083.31,15254.69,14932.99,15175.43,,
2021-03-22,15054.9,15143.16,14957.02,15091.61,,
2021-03-23,15135.12,15270.86,15092.92,15168.42,,
2021-03-24,15330.19,15448.98,15217.72,15341.74,,
2021-03-25,15287.92,15394.84,15141.03,15267.04,,
2021-03-26,15253.16,15270.91,15120.15,15158.75,,
2021-03-29,15497.18,15563.5,15287.44,15434.67,,
2021-03-30,15526.64,15585.08,15454.77,15498.69,,
2021-03-31,15266.07,15490.19,15250.8,15319.17,,
2021-04-01,15459.17,15511.4,15441.19,15463.6,,
2021-04-02,15560.41,15657.25,15495.33,15537.23,,
2021-04-05,15470.47,15497.24,15390.0,15479.94,,
2021-04-06,15539.24,15717.44,15425.31,15557.94,,
2021-04-07,15606.29,15723.37,15537.78,15618.55,,
2021-04-08,15213.82,15446.72,15143.03,15405.4,,
2021-04-09,15439.38,15549.52,15423.94,15526.31,,
2021-04-12,15484.23,15545.74,15424.31,15493.84,,
2021-04-13,15726.39,15809.56,15669.85,15756.2,,
2021-04-14,15437.39,15477.65,15333.71,15452.16,,
2021-04-15,15760.16,15863.43,15675.38,15818.84,,
2021-04-16,15881.1,15896.98,15760.56,15843.56,,
2021-04-19,15625.78,15718.66,15545.57,15682.4,,
2021-04-20,15641.9,15772.18,15497.04,15556.4,,
2021-04-21,15876.98,15957.86,15772.08,15883.92,,
2021-04-22,15517.64,15570.6,15489.88,15528.22,,
2021-04-23,15711.84,15740.02,15550.07,15575.32,,
2021-04-26,15803.34,15883.84,15743.38,15784.63,,
2021-04-27,15637.47,15838.32,15610.0,15684.18,,
2021-04-28,15927.8,16082.13,15911.87,16017.6,,
2021-04-29,16189.44,16226.66,16064.27,16085.99,,
2021-04-30,15817.24,15956.08,15755.98,15934.44,,
2021-05-03,16012.86,16043.66,15916.89,15952.29,,
2021-05-04,16057.18,16201.35,15839.35,16066.96,,
2021-05-05,15829.83,16080.2,15717.56,15959.81,,
2021-05-06,16069.12,16190.81,15912.7,15947.07,,
2021-05-07,15937.69,16065.51,15774.3,15986.68,,
2021-05-10,16156.95,16299.76,16140.79,16225.94,,
2021-05-11,16059.15,16167.93,16023.99,16113.74,,
2021-05-12,15956.47,16073.06,15878.22,16020.24,,
2021-05-13,16006.51,16203.58,15892.08,16081.34,,
2021-05-14,16003.43,16126.4,15827.6,16016.28,,
2021-05-17,16084.92,16151.53,15993.69,16029.0,,
2021-05-18,16114.84,16209.98,16072.53,16121.29,,
2021-05-19,16398.23,16558.43,16249.28,16416.86,,
2021-05-20,16288.24,16333.74,16158.69,16236.26,,
2021-05-21,15792.79,15946.61,15758.43,15862.15,,
2021-05-24,16229.17,16286.71,16148.27,16232.87,,
2021-05-25,16247.34,16263.58,16161.73,16189.99,,
2021-05-26,16319.02,16413.16,16289.2,16393.77,,
2021-05-27,16273.74,16290.01,16194.28,16236.6,,
2021-05-28,16286.01,16335.39,16269.72,16317.49,,
2021-05-31,16325.22,16438.04,16166.5,16250.46,,
2021-06-01,16309.62,16334.91,16233.49,16295.34,,
2021-06-02,16200.19,16375.3,16135.51,16261.66,,
2021-06-03,16253.42,16443.94,16237.17,16310.94,,
2021-06-04,16186.26,16291.55,16121.42,16250.96,,
2021-06-07,16597.76,16648.04,16441.57,16486.76,,
2021-06-08,16646.16,16847.33,16629.51,16686.9,,
2021-06-09,16709.88,16726.59,16550.4,16575.03,,
2021-06-10,16634.46,16717.14,16518.66,16643.69,,
2021-06-11,16142.61,16280.68,16083.27,16215.85,,
2021-06-14,16610.48,16684.15,16369.97,16563.65,,
2021-06-15,16495.75,16522.78,16407.94,16491.7,,
2021-06-16,16863.79,16880.65,16642.86,16692.76,,
2021-06-17,16491.56,16690.03,16448.57,16503.96,,
2021-06-18,16414.54,16573.2,16350.34,16457.77,,
2021-06-21,16834.82,16851.66,16738.57,16773.39,,
2021-06-22,16515.63,16660.49,16499.11,16617.47,,
2021-06-23,16510.97,16527.48,16351.66,16416.49,,
2021-06-24,16819.19,16872.17,16736.4,16772.82,,
2021-06-25,17187.15,17224.85,16932.0,16991.11,,
2021-06-28,16902.92,17036.82,16772.49,16852.9,,
2021-06-29,16832.91,17076.37,16700.59,16835.31,,
2021-06-30,17027.23,17063.2,16907.53,16957.42,,
2021-07-01,16903.52,16978.72,16822.59,16840.32,,
2021-07-02,16905.07,16928.51,16783.07,16842.43,,
2021-07-05,16788.74,16899.96,16686.61,16772.49,,
2021-07-06,16884.29,16987.22,16801.78,16880.1,,
2021-07-07,17131.05,17322.93,16968.51,17147.27,,
2021-07-08,17021.7,17255.23,17004.67,17140.4,,
2021-07-09,17207.55,17323.03,17186.21,17216.48,,
2021-07-12,17106.3,17187.14,16980.24,17131.36,,
2021-07-13,16720.65,16958.49,16627.12,16856.86,,
2021-07-14,17117.32,17311.42,16923.81,17092.65,,
2021-07-15,16973.59,17230.33,16805.83,17009.81,,
2021-07-16,17106.92,17270.63,17089.81,17176.16,,
2021-07-19,17154.98,17180.7,17083.82,17145.75,,
2021-07-20,17133.32,17195.29,17031.98,17060.19,,
2021-07-21,16944.87,17129.27,16819.78,17017.39,,
2021-07-22,17259.43,17276.69,17084.17,17159.44,,
2021-07-23,17201.1,17361.33,17031.73,17093.61,,
2021-07-26,17345.63,17604.57,17203.52,17324.02,,
2021-07-27,17083.69,17190.26,16975.0,17169.78,,
2021-07-28,17484.25,17557.64,17466.77,17524.18,,
2021-07-29,17477.89,17534.04,17219.82,17430.16,,
2021-07-30,17361.11,17378.47,17232.59,17357.17,,
2021-08-02,17237.07,17328.93,17103.05,17257.09,,
2021-08-03,17453.91,17636.82,17412.47,17477.64,,
2021-08-04,17250.59,17350.08,17182.41,17275.64,,
2021-08-05,17159.62,17226.34,17142.46,17189.85,,
2021-08-06,17295.83,17442.31,17278.54,17406.06,,
2021-08-09,17814.72,17832.53,17704.39,17732.4,,
2021-08-10,17994.4,18142.15,17923.2,17989.69,,
2021-08-11,17412.73,17528.96,17301.02,17436.1,,
2021-08-12,17388.95,17436.47,17297.63,17320.66,,
2021-08-13,17420.96,17533.84,17403.54,17477.82,,
2021-08-16,17427.71,17648.46,17410.28,17540.36,,
2021-08-17,17826.82,17886.39,17653.33,17795.22,,
2021-08-18,17455.69,17572.56,17155.98,17441.1,,
2021-08-19,17636.9,17678.68,17549.48,17633.79,,
2021-08-20,17591.32,17784.59,17396.18,17552.78,,
2021-08-23,17447.21,17566.02,17410.86,17541.39,,
2021-08-24,17898.09,17915.99,17819.45,17838.32,,
2021-08-25,17831.16,17973.87,17734.54,17801.41,,
2021-08-26,17604.58,17627.13,17445.18,17564.31,,
2021-08-27,17840.82,18112.18,17767.25,17901.37,,
2021-08-30,17850.64,17997.94,17832.79,17940.37,,
2021-08-31,17984.38,18171.59,17905.16,17995.26,,
2021-09-01,17644.05,17661.69,17385.57,17593.63,,
2021-09-02,17947.95,18011.52,17831.03,17873.77,,
2021-09-03,17777.54,17865.5,17751.53,17826.79,,
2021-09-06,17813.55,17936.3,17795.74,17912.1,,
2021-09-07,18044.47,18155.5,17788.6,17931.65,,
2021-09-08,18005.75,18023.75,17832.55,17958.39,,
2021-09-09,17675.76,17847.59,17533.6,17690.14,,
2021-09-10,17852.15,18042.53,17812.48,17889.89,,
2021-09-13,18366.12,18384.49,18311.02,18335.73,,
2021-09-14,18147.44,18310.35,18053.6,18188.83,,
2021-09-15,18035.45,18123.92,17947.66,18022.66,,
2021-09-16,18124.11,18242.9,17927.8,18139.22,,
2021-09-17,18146.9,18165.05,17961.35,18063.53,,
2021-09-20,18352.02,18508.01,18164.28,18341.33,,
2021-09-21,18156.2,18278.77,18067.5,18165.37,,
2021-09-22,18261.2,18279.46,18123.82,18235.4,,
2021-09-23,18193.1,18442.54,18004.87,18200.4,,
2021-09-24,18270.23,18355.58,18151.13,18212.95,,
2021-09-27,18062.31,18234.86,18038.0,18091.06,,
2021-09-28,18255.12,18273.38,18068.46,18193.78,,
2021-09-29,18375.19,18659.17,18344.75,18466.42,,
2021-09-30,18232.97,18290.51,18125.28,18188.6,,
2021-10-01,18109.76,18200.74,18017.61,18095.92,,
2021-10-04,18412.68,18511.38,18207.67,18352.87,,
2021-10-05,18489.07,18575.77,18386.7,18441.02,,
2021-10-06,18263.68,18281.94,18123.02,18144.14,,
2021-10-07,18527.83,18704.54,18430.38,18515.21,,
2021-10-08,18386.94,18491.73,18324.82,18447.11,,
2021-10-11,18487.36,18643.26,18198.41,18446.93,,
2021-10-12,18405.46,18524.19,18206.41,18354.58,,
2021-10-13,18655.48,18803.36,18445.25,18694.77,,
2021-10-14,18408.41,18558.26,18345.25,18501.65,,
2021-10-15,18352.26,18496.65,18192.87,18443.98,,
2021-10-18,18236.89,18331.83,18194.43,18307.69,,
2021-10-19,18907.02,19037.84,18700.13,18853.61,ATH 18604,Political/Market
2021-10-20,18429.03,18648.5,18306.38,18331.71,,
2021-10-21,18371.47,18403.34,18328.34,18360.72,,
2021-10-22,18414.63,18597.33,18396.21,18508.43,,
2021-10-25,18536.5,18760.39,18421.49,18479.15,,
2021-10-26,18587.5,18672.88,18384.53,18508.29,,
2021-10-27,18433.22,18615.17,18344.3,18402.99,,
2021-10-28,18502.16,18618.43,18439.21,18551.33,,
2021-10-29,18394.75,18593.15,18194.15,18426.19,,
2021-11-01,18407.3,18513.23,18309.78,18473.29,,
2021-11-02,18342.81,18420.73,18307.91,18337.16,,
2021-11-03,18396.01,18513.53,18337.0,18422.91,,
2021-11-04,18687.4,18905.41,18465.98,18528.44,,
2021-11-05,18089.61,18118.33,17997.06,18066.65,,
2021-11-08,17944.65,18038.68,17777.21,17874.12,,
2021-11-09,18343.26,18467.56,18261.57,18352.57,,
2021-11-10,17900.41,18068.89,17824.04,17925.24,,
2021-11-11,18193.0,18211.19,18127.06,18151.45,,
2021-11-12,18134.38,18152.52,17967.57,17998.09,,
2021-11-15,18155.77,18261.42,18102.84,18125.15,,
2021-11-16,18139.75,18157.89,18005.24,18088.77,,
2021-11-17,18149.05,18307.16,18036.35,18159.53,,
2021-11-18,18022.45,18040.48,17928.8,17985.48,,
2021-11-19,17792.78,17961.14,17774.98,17938.57,,
2021-11-22,18240.61,18377.19,18086.9,18327.69,,
2021-11-23,18000.76,18036.37,17884.49,18009.5,,
2021-11-24,18145.17,18163.31,18001.12,18030.43,,
2021-11-25,17805.09,17822.89,17733.1,17757.78,,
2021-11-26,17932.05,18036.69,17797.52,17832.12,,
2021-11-29,18250.22,18271.61,17971.78,18115.28,,
2021-11-30,17878.81,17986.85,17769.44,17830.77,,
2021-12-01,17836.38,18029.99,17763.03,17948.29,,
2021-12-02,17529.76,17736.81,17344.62,17602.21,,
2021-12-03,18214.3,18297.84,18137.17,18278.24,,
2021-12-06,17692.7,17809.78,17675.0,17774.86,,
2021-12-07,17944.85,18049.3,17908.35,18004.79,,
2021-12-08,17879.18,17976.09,17861.3,17930.48,,
2021-12-09,17557.15,17679.59,17524.94,17589.3,,
2021-12-10,17619.92,17714.04,17538.38,17622.44,,
2021-12-13,17705.81,17885.42,17490.92,17664.34,,
2021-12-14,17583.63,17669.92,17421.86,17541.06,,
2021-12-15,17822.89,17911.41,17797.16,17884.6,,
2021-12-16,18083.4,18188.24,17937.12,17956.36,,
2021-12-17,17804.5,17822.3,17697.26,17785.05,,
2021-12-20,17428.62,17590.21,17411.19,17553.36,,
2021-12-21,17669.78,17687.45,17517.02,17558.34,,
2021-12-22,17456.78,17537.21,17385.09,17409.52,,
2021-12-23,17671.26,17698.24,17436.81,17598.73,,
2021-12-24,17534.86,17616.97,17340.3,17468.39,,
2021-12-27,17457.45,17677.14,17439.99,17568.46,,
2021-12-28,17304.06,17398.43,17197.16,17316.01,,
2021-12-29,17280.59,17433.12,17202.65,17329.97,,
2021-12-30,17510.64,17614.09,17455.35,17526.98,,
2021-12-31,17319.27,17466.15,17066.1,17401.06,,
2022-01-03,17494.64,17642.18,17394.61,17514.2,,
2022-01-04,17051.11,17237.99,16979.81,17197.66,,
2022-01-05,17504.39,17617.36,17354.33,17502.28,,
2022-01-06,17029.58,17108.4,16997.37,17026.4,,
2022-01-07,17346.43,17363.98,17206.71,17297.37,,
2022-01-10,17480.35,17497.83,17214.67,17281.01,,
2022-01-11,17374.74,17575.26,17149.5,17311.61,,
2022-01-12,17153.34,17261.43,17043.58,17240.4,,
2022-01-13,17406.56,17432.31,17292.26,17352.46,,
2022-01-14,16977.08,17111.36,16927.04,17048.11,,
2022-01-17,16884.84,17066.48,16796.58,16957.82,,
2022-01-18,17171.37,17207.62,17000.47,17138.71,,
2022-01-19,17169.02,17275.63,17151.85,17226.73,,
2022-01-20,17421.54,17457.93,17274.93,17361.35,,
2022-01-21,17108.87,17129.77,16911.83,17006.74,,
2022-01-24,17030.25,17127.97,16911.43,16979.86,,
2022-01-25,16985.43,17096.17,16826.84,17038.87,,
2022-01-26,17308.71,17352.02,17206.13,17286.53,,
2022-01-27,17070.55,17171.62,17001.62,17059.1,,
2022-01-28,16864.65,16926.09,16835.29,16883.96,,
2022-01-31,17041.35,17058.39,16894.16,16996.03,,
2022-02-01,17002.24,17101.14,16899.03,16951.05,,
2022-02-02,16760.39,16834.74,16648.04,16678.95,,
2022-02-03,17096.65,17181.22,17023.47,17099.41,,
2022-02-04,16812.57,16971.97,16691.45,16876.82,,
2022-02-07,17046.19,17165.22,16820.41,16957.3,,
2022-02-08,16970.19,16987.16,16805.86,16863.15,,
2022-02-09,16592.15,16694.16,16492.29,16599.59,,
2022-02-10,16754.73,16850.79,16737.97,16790.81,,
2022-02-11,16996.84,17149.26,16877.88,16949.66,,
2022-02-14,16549.83,16652.18,16443.69,16615.37,,
2022-02-15,16523.35,16631.26,16460.42,16568.79,,
2022-02-16,16745.77,16880.69,16729.02,16786.02,,
2022-02-17,16770.94,17013.26,16519.87,16818.17,,
2022-02-18,16879.44,17023.0,16657.84,16826.23,,
2022-02-21,16643.6,16757.53,16575.48,16617.44,,
2022-02-22,16681.58,16856.08,16613.29,16732.49,,
2022-02-23,16493.14,16623.01,16424.55,16516.26,,
2022-02-24,16433.78,16540.13,16417.34,16463.78,Russia-Ukraine war -4.8%,Global
2022-02-25,16522.97,16702.52,16375.64,16477.11,,
2022-02-28,16579.95,16601.23,16464.67,16542.82,,
2022-03-01,16531.45,16677.42,16395.19,16538.06,,
2022-03-02,16995.0,17038.34,16758.57,16795.03,,
2022-03-03,16474.88,16544.88,16458.41,16506.02,,
2022-03-04,16545.07,16561.62,16420.04,16498.58,,
2022-03-07,16521.12,16603.47,16465.14,16561.97,,
2022-03-08,16363.53,16461.76,16347.17,16386.06,,
2022-03-09,16193.6,16476.6,16177.4,16409.33,,
2022-03-10,16554.93,16625.5,16410.24,16438.68,,
2022-03-11,16394.94,16545.0,16224.87,16462.55,,
2022-03-14,16408.94,16425.35,16243.74,16308.82,,
2022-03-15,16641.76,16751.71,16625.12,16713.2,,
2022-03-16,16404.61,16638.77,16388.2,16446.22,,
2022-03-17,16438.71,16573.51,16286.72,16459.64,,
2022-03-18,16432.7,16449.13,16323.77,16418.01,,
2022-03-21,16301.52,16428.9,16051.42,16267.52,,
2022-03-22,16344.39,16412.76,16328.04,16387.72,,
2022-03-23,16036.61,16212.13,15932.68,16154.12,,
2022-03-24,16307.42,16323.73,16220.79,16240.92,,
2022-03-25,16473.66,16565.04,16381.27,16444.09,,
2022-03-28,16073.52,16190.05,15924.16,16102.39,,
2022-03-29,16526.13,16632.88,16335.17,16465.54,,
2022-03-30,16259.11,16382.51,16220.4,16238.15,,
2022-03-31,16230.05,16328.25,16037.79,16163.3,,
2022-04-01,16207.11,16342.81,16106.65,16291.0,,
2022-04-04,15957.48,16110.02,15909.21,15981.11,,
2022-04-05,16053.82,16208.34,15970.61,16130.2,,
2022-04-06,16007.63,16155.01,15914.18,15933.06,,
2022-04-07,15940.03,16046.06,15836.88,15916.46,,
2022-04-08,16204.65,16344.15,16166.7,16263.17,,
2022-04-11,16123.8,16208.45,16107.67,16153.84,,
2022-04-12,16215.42,16231.64,16087.92,16113.88,,
2022-04-13,16010.69,16104.77,15821.77,15938.26,,
2022-04-14,16047.73,16071.13,15977.68,16042.67,,
2022-04-15,15825.39,15933.52,15802.93,15888.46,,
2022-04-18,15903.74,15928.65,15856.45,15876.97,,
2022-04-19,15564.12,15579.69,15423.14,15474.93,,
2022-04-20,15669.51,15826.09,15637.52,15794.85,,
2022-04-21,15945.55,16062.68,15905.49,15969.76,,
2022-04-22,15954.87,16087.87,15717.68,15813.54,,
2022-04-25,16039.52,16099.97,15876.71,15930.35,,
2022-04-26,15846.55,15862.4,15664.51,15746.73,,
2022-04-27,15891.97,15908.98,15739.09,15789.11,,
2022-04-28,15669.49,15806.96,15573.64,15597.59,,
2022-04-29,15746.95,15922.81,15731.2,15817.19,,
2022-05-02,16085.62,16147.57,15917.67,16035.49,,
2022-05-03,15747.34,15763.09,15654.83,15716.03,,
2022-05-04,15716.36,15868.69,15492.75,15709.57,RBI surprise +40bps,RBI
2022-05-05,15659.11,15777.45,15604.03,15632.97,,
2022-05-06,15772.22,15909.76,15732.5,15809.14,,
2022-05-09,15659.64,15675.3,15606.75,15626.24,,
2022-05-10,15384.67,15467.79,15369.28,15421.41,,
2022-05-11,15377.19,15603.74,15216.51,15568.11,,
2022-05-12,15515.83,15603.84,15448.01,15538.57,,
2022-05-13,15808.84,15938.56,15726.77,15828.2,,
2022-05-16,15685.31,15701.95,15630.2,15664.28,,
2022-05-17,15599.96,15663.75,15478.78,15509.17,,
2022-05-18,15755.19,15865.35,15603.22,15752.0,,
2022-05-19,15622.36,15763.2,15543.45,15663.64,,
2022-05-20,15764.31,15780.07,15624.7,15668.52,,
2022-05-23,15508.59,15583.29,15403.1,15500.14,,
2022-05-24,15383.7,15399.08,15281.96,15327.91,,
2022-05-25,15527.23,15645.2,15437.4,15562.89,,
2022-05-26,15263.82,15345.53,15167.06,15314.39,,
2022-05-27,15405.86,15623.36,15307.86,15455.92,,
2022-05-30,15296.17,15311.46,15185.93,15216.33,,
2022-05-31,15456.76,15485.58,15417.09,15432.69,,
2022-06-01,15293.28,15446.29,15121.44,15183.94,,
2022-06-02,15449.62,15533.8,15424.04,15452.51,,
2022-06-03,15483.67,15499.15,15347.22,15437.6,,
2022-06-06,15331.61,15443.81,15217.59,15361.11,,
2022-06-07,15357.46,15441.09,15269.0,15351.05,,
2022-06-08,15187.46,15417.92,15086.61,15314.67,,
2022-06-09,15108.35,15262.17,15047.83,15127.63,,
2022-06-10,15533.51,15549.04,15329.53,15347.66,,
2022-06-13,15043.44,15102.2,14904.49,15024.57,,
2022-06-14,15227.07,15242.29,15141.23,15196.88,,
2022-06-15,15272.68,15392.89,15173.54,15282.15,,
2022-06-16,15058.07,15131.7,14974.79,15081.65,,
2022-06-17,15510.79,15533.14,15478.59,15499.64,,
2022-06-20,15106.35,15170.21,15032.24,15149.8,,
2022-06-21,15170.51,15244.87,15089.56,15145.58,,
2022-06-22,15456.68,15542.26,15357.92,15402.85,,
2022-06-23,15018.97,15138.35,14971.59,15047.96,,
2022-06-24,15311.82,15340.37,15244.03,15310.29,,
2022-06-27,15556.35,15711.23,15347.99,15542.66,,
2022-06-28,15318.53,15353.91,15272.39,15324.3,,
2022-06-29,15344.25,15448.45,15281.58,15379.6,,
2022-06-30,15370.04,15475.46,15310.44,15404.64,,
2022-07-01,15413.48,15530.2,15302.41,15425.6,,
2022-07-04,15354.61,15440.97,15286.28,15407.87,,
2022-07-05,15569.5,15617.48,15501.3,15542.02,,
2022-07-06,15378.91,15443.07,15340.26,15362.79,,
2022-07-07,15447.5,15462.95,15377.98,15434.85,,
2022-07-08,15410.09,15608.7,15294.39,15445.48,,
2022-07-11,15656.16,15671.81,15501.66,15547.64,,
2022-07-12,15460.54,15564.62,15445.08,15515.54,,
2022-07-13,15344.79,15589.6,15329.44,15462.14,,
2022-07-14,15674.38,15860.12,15621.85,15651.37,,
2022-07-15,15532.13,15576.39,15407.93,15518.1,,
2022-07-18,15836.65,15869.21,15660.03,15744.21,,
2022-07-19,16124.26,16185.4,15794.12,15895.96,,
2022-07-20,15613.22,15699.3,15581.8,15628.06,,
2022-07-21,15849.13,15877.89,15699.13,15737.38,,
2022-07-22,15734.38,15750.11,15634.56,15694.97,,
2022-07-25,15560.64,15608.21,15497.61,15538.12,,
2022-07-26,15811.48,16025.02,15782.74,15895.12,,
2022-07-27,15700.85,15848.2,15679.93,15706.99,,
2022-07-28,15765.24,15886.07,15607.96,15729.78,,
2022-07-29,15710.47,15777.82,15635.2,15657.53,,
2022-08-01,15830.57,15904.39,15725.11,15815.16,,
2022-08-02,15905.04,15973.22,15869.25,15936.98,,
2022-08-03,15838.88,15922.49,15821.01,15880.41,,
2022-08-04,15900.96,16095.97,15826.48,15954.43,,
2022-08-05,16016.55,16120.67,15999.93,16073.88,,
2022-08-08,15945.45,16018.48,15814.3,15972.41,,
2022-08-09,16074.48,16174.14,15993.33,16141.07,,
2022-08-10,16155.12,16323.11,15843.19,16092.59,,
2022-08-11,15973.86,16167.38,15918.84,15962.36,,
2022-08-12,16099.11,16126.4,15963.86,16070.61,,
2022-08-15,16139.86,16272.49,16123.72,16161.6,,
2022-08-16,16209.99,16241.19,16047.55,16198.69,,
2022-08-17,16258.53,16378.39,16129.92,16357.98,,
2022-08-18,15967.55,16130.44,15880.02,16053.6,,
2022-08-19,16267.17,16283.44,16151.31,16212.25,,
2022-08-22,16154.83,16170.99,15987.29,16112.81,,
2022-08-23,16271.14,16340.41,16194.18,16260.21,,
2022-08-24,16250.24,16345.73,16146.59,16233.18,,
2022-08-25,16000.87,16089.16,15919.71,15984.0,,
2022-08-26,16447.58,16506.47,16367.0,16466.45,,
2022-08-29,16266.35,16282.62,16147.29,16219.96,,
2022-08-30,16278.59,16453.95,16172.57,16277.44,,
2022-08-31,16640.47,16657.12,16483.92,16583.52,,
2022-09-01,16549.4,16601.25,16514.74,16581.38,,
2022-09-02,16458.3,16560.87,16345.88,16418.45,,
2022-09-05,16515.77,16613.46,16446.84,16565.77,,
2022-09-06,16425.16,16468.58,16408.74,16440.93,,
2022-09-07,16680.81,16697.49,16485.58,16575.7,,
2022-09-08,16542.89,16796.01,16469.91,16542.5,,
2022-09-09,16394.93,16627.61,16274.29,16303.98,,
2022-09-12,16537.06,16658.67,16456.65,16481.32,,
2022-09-13,16701.36,16844.51,16591.14,16686.38,,
2022-09-14,16768.51,16938.35,16607.4,16765.21,,
2022-09-15,16744.0,16853.03,16727.26,16815.78,,
2022-09-16,16634.62,16769.89,16562.42,16657.87,,
2022-09-19,16489.9,16628.03,16458.76,16483.53,,
2022-09-20,16406.05,16494.06,16371.17,16435.8,,
2022-09-21,16667.58,16693.47,16623.43,16668.89,,
2022-09-22,16413.31,16516.82,16396.89,16489.9,,
2022-09-23,16867.48,16884.35,16743.26,16769.1,,
2022-09-26,16835.84,16852.67,16751.29,16804.61,,
2022-09-27,16672.78,16865.16,16656.11,16786.03,,
2022-09-28,16696.48,16756.38,16600.66,16731.34,,
2022-09-29,16854.93,16991.81,16771.88,16904.1,,
2022-09-30,16806.09,17008.97,16789.28,16844.55,,
2022-10-03,16692.21,16810.08,16675.51,16749.04,,
2022-10-04,16895.99,16940.88,16846.91,16913.46,,
2022-10-05,17191.22,17305.37,17032.44,17169.25,,
2022-10-06,16914.33,17111.19,16766.39,16851.82,,
2022-10-07,16548.7,16723.52,16378.0,16591.59,,
2022-10-10,16985.52,17129.36,16940.1,16999.36,,
2022-10-11,16622.28,16834.55,16499.07,16642.3,,
2022-10-12,16919.23,17016.6,16845.55,16896.78,,
2022-10-13,16953.9,17067.57,16797.93,16934.66,,
2022-10-14,16962.81,16997.06,16839.31,16946.17,,
2022-10-17,16845.07,16899.21,16818.61,16863.9,,
2022-10-18,16929.03,17132.94,16882.22,17086.99,,
2022-10-19,16938.58,17115.35,16921.64,17005.56,,
2022-10-20,17004.79,17165.99,16987.78,17084.26,,
2022-10-21,17074.43,17116.09,16968.9,16988.45,,
2022-10-24,17333.02,17368.83,17248.72,17324.07,,
2022-10-25,17032.16,17105.37,16864.47,17036.71,,
2022-10-26,17051.76,17108.92,16950.08,17073.17,,
2022-10-27,17039.2,17067.94,16929.73,17036.41,,
2022-10-28,17179.52,17352.0,16827.84,17152.7,,
2022-10-31,17304.65,17395.22,17270.58,17299.66,,
2022-11-01,17337.34,17433.91,17289.99,17389.11,,
2022-11-02,17427.65,17568.88,17207.79,17384.43,,
2022-11-03,17361.79,17562.12,17162.0,17209.86,,
2022-11-04,17241.82,17301.75,17124.24,17278.88,,
2022-11-07,17409.29,17480.23,17275.5,17391.56,,
2022-11-08,17266.59,17286.67,17235.38,17262.07,,
2022-11-09,17512.64,17557.15,17237.11,17472.13,,
2022-11-10,17466.85,17776.97,17213.54,17359.6,,
2022-11-11,17281.24,17310.58,17188.61,17252.04,,
2022-11-14,17260.71,17319.16,17138.15,17190.7,,
2022-11-15,17475.46,17612.42,17391.93,17512.12,,
2022-11-16,17429.98,17644.34,17239.12,17471.0,,
2022-11-17,17330.01,17454.91,17148.96,17266.3,,
2022-11-18,17530.46,17644.51,17462.07,17530.01,,
2022-11-21,17792.13,17862.11,17721.58,17817.91,,
2022-11-22,17398.02,17496.7,17190.19,17267.38,,
2022-11-23,17733.69,17766.55,17529.9,17651.99,,
2022-11-24,17422.17,17460.37,17402.18,17420.68,,
2022-11-25,17725.92,17852.16,17597.77,17759.19,,
2022-11-28,17679.9,17932.92,17470.42,17559.18,,
2022-11-29,17532.27,17696.3,17356.5,17481.4,,
2022-11-30,17877.16,17984.75,17804.32,17846.68,,
2022-12-01,17624.26,17770.83,17498.02,17698.0,,
2022-12-02,17814.03,17915.37,17624.3,17662.65,,
2022-12-05,17487.96,17664.78,17466.96,17568.0,,
2022-12-06,17831.67,17959.31,17813.83,17884.26,,
2022-12-07,17846.18,18083.52,17701.5,17802.7,,
2022-12-08,17911.73,17977.26,17759.63,17925.24,,
2022-12-09,17371.09,17482.13,17244.45,17360.08,,
2022-12-12,17605.03,17762.16,17457.55,17677.21,,
2022-12-13,18126.09,18259.41,17896.99,18153.49,,
2022-12-14,18075.71,18231.0,17940.89,17999.6,,
2022-12-15,18028.93,18190.61,17945.45,18015.29,,
2022-12-16,17827.68,18009.68,17798.83,17902.38,,
2022-12-19,18172.41,18289.46,18154.05,18201.17,,
2022-12-20,18343.17,18374.12,18217.33,18329.15,,
2022-12-21,17987.04,18105.6,17958.06,18067.16,,
2022-12-22,18034.57,18134.66,17740.68,17900.64,,
2022-12-23,18126.46,18247.95,18022.67,18222.53,,
2022-12-26,17980.42,18019.83,17962.43,17995.73,,
2022-12-27,18236.36,18254.6,18114.76,18210.74,,
2022-12-28,18103.88,18240.28,17951.56,18116.59,,
2022-12-29,18194.34,18212.53,18030.78,18050.57,,
2022-12-30,17966.44,18129.46,17844.1,17897.66,,
2023-01-02,18050.37,18252.59,18012.67,18170.7,,
2023-01-03,18154.33,18172.48,17952.6,18054.03,,
2023-01-04,18206.79,18307.98,18167.6,18283.46,,
2023-01-05,18018.43,18157.76,18000.41,18068.59,,
2023-01-06,18160.7,18214.77,18045.01,18101.26,,
2023-01-09,18305.13,18446.67,18206.07,18250.14,,
2023-01-10,17942.2,18116.14,17788.53,18070.98,,
2023-01-11,18252.25,18351.49,18064.92,18184.28,,
2023-01-12,18251.72,18287.27,18206.06,18257.85,,
2023-01-13,18431.76,18450.19,18236.07,18415.45,,
2023-01-16,18303.32,18401.21,18162.12,18318.06,,
2023-01-17,18278.16,18447.61,18200.64,18256.75,,
2023-01-18,18494.01,18535.6,18377.81,18414.85,,
2023-01-19,18271.46,18332.21,18142.24,18288.24,,
2023-01-20,18335.91,18445.64,18001.52,18278.9,,
2023-01-23,18107.13,18169.47,18060.76,18083.28,,
2023-01-24,18503.25,18627.08,18443.72,18491.11,,
2023-01-25,18364.79,18422.24,18346.42,18396.69,,
2023-01-26,18219.52,18338.2,18166.62,18288.36,,
2023-01-27,18322.79,18341.11,18223.73,18245.53,,
2023-01-30,18295.98,18483.2,18193.03,18269.67,,
2023-01-31,18379.7,18490.14,18301.22,18401.36,,
2023-02-01,18441.67,18480.98,18405.07,18445.07,,
2023-02-02,18461.47,18615.08,18334.37,18508.12,,
2023-02-03,18249.38,18288.12,18137.9,18249.26,,
2023-02-06,18725.71,18906.71,18706.99,18799.1,,
2023-02-07,18502.85,18666.84,18461.59,18549.62,,
2023-02-08,18607.42,18731.88,18579.54,18600.75,,
2023-02-09,18684.07,18840.84,18476.09,18737.65,,
2023-02-10,18415.36,18475.98,18288.42,18348.69,,
2023-02-13,18781.91,18904.88,18667.65,18750.0,,
2023-02-14,18810.78,18873.28,18694.54,18780.24,,
2023-02-15,18521.45,18539.97,18285.96,18476.26,,
2023-02-16,18493.03,18511.53,18349.72,18371.67,,
2023-02-17,18475.55,18622.32,18283.07,18384.9,,
2023-02-20,18526.77,18546.85,18366.5,18465.04,,
2023-02-21,18397.67,18507.95,18379.28,18476.92,,
2023-02-22,18604.06,18821.03,18585.46,18742.01,,
2023-02-23,19022.87,19101.85,18730.46,18800.15,,
2023-02-24,18730.21,18784.14,18559.41,18612.12,,
2023-02-27,18556.47,18641.38,18471.35,18555.92,,
2023-02-28,18740.56,18824.14,18705.77,18778.54,,
2023-03-01,18679.78,18858.81,18572.29,18735.72,,
2023-03-02,18853.72,18925.33,18834.87,18879.96,,
2023-03-03,18589.12,18781.91,18432.73,18568.76,,
2023-03-06,18764.63,18915.27,18713.54,18782.51,,
2023-03-07,18564.34,18616.14,18371.84,18544.13,,
2023-03-08,18836.03,18968.47,18666.24,18877.2,,
2023-03-09,18779.91,18932.85,18704.61,18877.61,,
2023-03-10,18688.51,18814.73,18553.36,18789.09,,
2023-03-13,18929.04,19066.4,18910.11,18997.75,,
2023-03-14,18800.49,18819.29,18698.81,18718.37,,
2023-03-15,18760.49,18926.26,18605.63,18867.45,,
2023-03-16,19060.82,19090.32,18925.5,19025.45,,
2023-03-17,19093.6,19177.5,18870.5,18891.46,,
2023-03-20,18855.88,19039.28,18754.72,18969.52,,
2023-03-21,18907.94,19027.63,18804.92,18961.94,,
2023-03-22,18787.44,18991.9,18768.66,18971.07,,
2023-03-23,18867.32,19023.66,18848.46,18984.84,,
2023-03-24,19114.69,19133.81,18942.38,19024.91,,
2023-03-27,18743.28,18762.02,18592.52,18634.54,,
2023-03-28,18816.65,18957.33,18686.98,18720.95,,
2023-03-29,18853.62,19017.74,18811.15,18949.14,,
2023-03-30,19167.75,19186.92,18935.59,19041.62,,
2023-03-31,18951.49,19152.05,18913.71,19062.77,,
2023-04-03,19369.8,19605.7,19187.43,19295.64,,
2023-04-04,19129.71,19171.68,19089.17,19127.42,,
2023-04-05,18982.74,19088.57,18798.51,18899.71,,
2023-04-06,19289.48,19411.15,19200.83,19300.27,,
2023-04-07,19277.44,19387.63,19206.61,19250.23,,
2023-04-10,19166.41,19339.26,19147.04,19245.24,,
2023-04-11,19021.73,19256.83,18914.18,19064.25,,
2023-04-12,18976.53,19103.63,18791.83,18939.69,,
2023-04-13,19147.58,19237.84,18927.02,19033.95,,
2023-04-14,18941.01,19214.66,18920.94,19166.46,,
2023-04-17,19021.23,19181.65,18985.96,19134.14,,
2023-04-18,19333.7,19353.03,19228.87,19264.04,,
2023-04-19,18937.82,19067.23,18800.84,19007.59,,
2023-04-20,19315.35,19502.53,19036.76,19217.17,,
2023-04-21,19374.83,19520.83,19343.64,19463.39,,
2023-04-24,19172.41,19195.18,19021.11,19131.82,,
2023-04-25,19403.27,19516.51,19330.2,19489.13,,
2023-04-26,19407.13,19439.92,19325.14,19396.35,,
2023-04-27,18981.98,19167.39,18962.99,19019.96,,
2023-04-28,19371.85,19526.41,19347.97,19405.43,,
2023-05-01,19660.8,19778.57,19483.49,19520.22,,
2023-05-02,19369.99,19429.13,19314.94,19348.15,,
2023-05-03,19516.11,19760.66,19284.12,19466.95,,
2023-05-04,19129.01,19356.54,19067.6,19154.24,,
2023-05-05,19520.55,19668.72,19348.76,19445.56,,
2023-05-08,19465.01,19624.64,19318.7,19440.01,,
2023-05-09,19429.15,19471.11,19258.97,19316.31,,
2023-05-10,19544.06,19579.26,19447.78,19484.37,,
2023-05-11,19304.94,19337.22,19240.62,19282.09,,
2023-05-12,19636.5,19656.14,19402.55,19466.06,,
2023-05-15,19571.25,19655.38,19540.22,19587.19,,
2023-05-16,19251.62,19489.32,19197.2,19435.7,,
2023-05-17,19450.82,19470.27,19319.67,19366.81,,
2023-05-18,19208.14,19351.05,19050.36,19244.96,,
2023-05-19,19697.86,19885.18,19522.56,19623.8,,
2023-05-22,19620.65,19721.2,19417.43,19473.13,,
2023-05-23,19585.77,19702.56,19546.29,19610.04,,
2023-05-24,19755.6,19812.57,19679.38,19733.9,,
2023-05-25,19684.37,19909.17,19600.73,19774.03,,
2023-05-26,19682.79,19702.47,19572.72,19645.97,,
2023-05-29,19549.7,19640.37,19503.28,19614.57,,
2023-05-30,19934.17,19954.77,19743.05,19841.02,,
2023-05-31,19409.9,19448.43,19236.92,19389.06,,
2023-06-01,19644.64,19694.11,19456.27,19588.09,,
2023-06-02,19535.88,19602.11,19396.4,19442.09,,
2023-06-05,19481.51,19707.32,19462.03,19607.72,,
2023-06-06,19517.37,19625.03,19497.85,19597.99,,
2023-06-07,19439.59,19468.09,19265.12,19388.83,,
2023-06-08,19881.05,19988.83,19714.29,19871.58,,
2023-06-09,19647.23,19861.91,19535.78,19794.54,,
2023-06-12,19711.56,19797.02,19609.18,19719.6,,
2023-06-13,19769.35,19816.31,19685.34,19786.44,,
2023-06-14,19794.34,19814.13,19725.15,19754.53,,
2023-06-15,19754.98,19861.43,19617.23,19796.35,,
2023-06-16,19569.15,19785.41,19480.74,19661.4,,
2023-06-19,19780.83,19928.41,19679.04,19847.0,,
2023-06-20,19722.49,19785.05,19576.56,19707.73,,
2023-06-21,19847.3,19895.43,19630.58,19810.66,,
2023-06-22,19912.56,20021.98,19811.7,19917.53,,
2023-06-23,19749.41,19859.52,19680.27,19788.0,,
2023-06-26,19984.03,20004.01,19783.04,19882.66,,
2023-06-27,19724.51,19970.67,19496.61,19753.37,,
2023-06-28,19687.08,19822.21,19667.4,19777.74,,
2023-06-29,19588.73,19658.78,19568.82,19604.33,,
2023-06-30,19608.45,19714.48,19469.88,19639.24,,
2023-07-03,19782.1,19822.86,19615.85,19797.76,,
2023-07-04,20071.48,20187.77,19899.97,19955.89,,
2023-07-05,19876.81,19952.48,19733.66,19899.61,,
2023-07-06,20023.95,20136.21,19795.09,19859.14,,
2023-07-07,20009.24,20138.56,19839.71,19910.81,,
2023-07-10,19952.08,20010.07,19930.36,19981.89,,
2023-07-11,20021.2,20230.42,19947.66,20097.37,,
2023-07-12,20299.21,20435.15,20278.91,20349.98,,
2023-07-13,20067.26,20166.37,20047.19,20132.14,,
2023-07-14,20091.49,20139.03,19955.71,20067.88,,
2023-07-17,19765.63,19912.13,19723.9,19825.06,,
2023-07-18,19937.44,19996.8,19896.45,19950.12,,
2023-07-19,20133.72,20395.18,20080.02,20161.54,,
2023-07-20,20246.91,20459.41,20166.73,20234.6,,
2023-07-21,20039.01,20246.85,19994.27,20091.78,,
2023-07-24,20123.97,20234.46,20057.79,20093.16,,
2023-07-25,20159.52,20202.84,20040.43,20179.95,,
2023-07-26,20106.61,20293.33,19862.67,20153.52,,
2023-07-27,20112.02,20337.98,19904.03,20146.59,,
2023-07-28,20276.31,20377.67,20199.25,20237.34,,
2023-07-31,20241.59,20301.64,20152.78,20240.94,,
2023-08-01,20031.73,20158.03,19939.52,20025.14,,
2023-08-02,20508.62,20563.89,20336.89,20400.99,,
2023-08-03,20227.3,20268.33,20155.22,20192.3,,
2023-08-04,20138.51,20314.98,20006.37,20213.78,,
2023-08-07,20246.37,20414.21,20126.47,20328.72,,
2023-08-08,20539.8,20632.48,20346.65,20530.69,,
2023-08-09,20205.4,20225.61,20125.78,20152.12,,
2023-08-10,20203.54,20331.81,20087.47,20274.12,,
2023-08-11,20324.61,20502.82,20229.89,20454.68,,
2023-08-14,20413.01,20455.82,20175.9,20250.16,,
2023-08-15,20402.12,20544.89,20261.96,20505.34,,
2023-08-16,20318.91,20549.87,20172.08,20386.57,,
2023-08-17,20522.3,20625.36,20358.09,20510.57,,
2023-08-18,20000.58,20111.83,19913.89,20073.02,,
2023-08-21,20548.83,20638.07,20417.57,20579.77,,
2023-08-22,20348.31,20543.73,20179.17,20217.42,,
2023-08-23,20326.73,20507.22,20170.21,20279.8,,
2023-08-24,20407.0,20602.27,20339.7,20558.42,,
2023-08-25,20536.63,20630.08,20497.23,20603.62,,
2023-08-28,20640.32,20722.19,20560.06,20664.88,,
2023-08-29,20415.68,20540.44,20294.72,20459.87,,
2023-08-30,20540.62,20598.6,20387.27,20573.95,,
2023-08-31,20537.76,20565.01,20460.91,20517.79,,
2023-09-01,20234.91,20285.99,20028.9,20229.13,,
2023-09-04,20531.42,20593.16,20417.74,20548.75,,
2023-09-05,20260.14,20412.04,20239.88,20382.98,,
2023-09-06,20378.2,20508.01,20357.82,20464.99,,
2023-09-07,20807.25,20828.06,20752.8,20778.25,,
2023-09-08,20419.06,20545.2,20398.64,20468.63,,
2023-09-11,20827.99,20929.31,20612.18,20722.93,,
2023-09-12,20685.58,20770.03,20348.15,20552.27,,
2023-09-13,20784.84,20966.07,20737.45,20903.02,,
2023-09-14,20279.57,20413.36,20163.32,20379.84,,
2023-09-15,20904.92,20925.83,20647.12,20718.02,,
2023-09-18,21043.52,21065.28,20933.87,21027.69,,
2023-09-19,20717.84,20814.29,20470.96,20650.2,,
2023-09-20,20752.23,20921.56,20569.86,20743.48,,
2023-09-21,20647.99,20707.69,20497.64,20644.75,,
2023-09-22,21054.67,21111.92,20902.11,20966.21,,
2023-09-25,21026.89,21054.48,20768.44,20841.82,,
2023-09-26,20914.21,21021.06,20805.74,20867.07,,
2023-09-27,20989.02,21162.52,20826.27,20938.73,,
2023-09-28,21117.89,21324.18,20826.07,21026.34,,
2023-09-29,20878.89,20905.95,20780.62,20809.46,,
2023-10-02,20750.63,20792.79,20557.07,20701.16,,
2023-10-03,21083.97,21234.9,21062.89,21182.66,,
2023-10-04,20676.64,20812.97,20616.6,20768.12,,
2023-10-05,21004.28,21025.28,20956.36,20999.66,,
2023-10-06,20716.2,20885.76,20577.85,20811.33,,
2023-10-09,20873.52,20911.55,20753.32,20826.18,,
2023-10-10,20963.09,21101.48,20862.0,20955.25,,
2023-10-11,20919.95,20940.87,20756.29,20848.84,,
2023-10-12,21206.18,21227.39,21101.71,21135.77,,
2023-10-13,21101.14,21265.42,21080.04,21125.16,,
2023-10-16,20735.44,20863.25,20714.7,20808.37,,
2023-10-17,21030.26,21094.0,20827.56,20993.41,,
2023-10-18,20913.46,21111.49,20844.59,20932.45,,
2023-10-19,20896.83,20961.7,20859.15,20928.81,,
2023-10-20,20970.47,21114.62,20949.5,21071.88,,
2023-10-23,20955.64,21143.91,20886.6,21111.48,,
2023-10-24,20705.0,20848.66,20684.3,20750.88,,
2023-10-25,20660.03,21020.54,20610.43,20807.61,,
2023-10-26,21042.02,21228.96,20917.17,20998.08,,
2023-10-27,21067.16,21200.24,20801.57,21037.58,,
2023-10-30,20673.29,20855.47,20652.62,20803.77,,
2023-10-31,20972.77,21142.56,20880.86,20968.81,,
2023-11-01,21340.61,21514.19,21282.47,21338.22,,
2023-11-02,21140.49,21161.63,21030.04,21074.94,,
2023-11-03,20947.44,21104.34,20852.37,20895.92,,
2023-11-06,21185.58,21323.25,21054.8,21078.35,,
2023-11-07,21376.51,21397.89,21267.11,21305.35,,
2023-11-08,20857.64,21070.42,20750.69,20981.84,,
2023-11-09,21052.92,21128.28,20979.37,21008.61,,
2023-11-10,21031.37,21095.34,20919.13,21036.44,,
2023-11-13,21012.75,21275.13,20852.78,21085.64,,
2023-11-14,21506.69,21627.27,21358.02,21549.4,,
2023-11-15,21352.6,21373.95,21032.71,21193.12,,
2023-11-16,21307.59,21508.02,21029.71,21241.13,,
2023-11-17,21164.13,21303.09,21056.73,21163.32,,
2023-11-20,21174.58,21241.5,20919.53,20995.14,,
2023-11-21,21507.62,21702.94,21396.8,21551.82,,
2023-11-22,20997.34,21099.47,20953.69,21024.83,,
2023-11-23,21313.43,21468.65,21266.15,21301.05,,
2023-11-24,21361.24,21530.4,21137.22,21483.42,,
2023-11-27,21360.89,21484.35,21324.13,21460.3,,
2023-11-28,21661.2,21684.22,21386.96,21460.79,,
2023-11-29,21254.14,21360.86,21131.03,21242.68,,
2023-11-30,21247.78,21315.83,21111.79,21240.85,,
2023-12-01,21186.04,21277.18,20989.9,21129.75,,
2023-12-04,21598.56,21620.16,21372.06,21526.79,,
2023-12-05,21364.11,21468.28,21276.67,21308.99,,
2023-12-06,21143.69,21276.09,21070.52,21218.57,,
2023-12-07,21312.67,21382.5,21230.59,21303.76,,
2023-12-08,21242.96,21430.24,21157.48,21224.74,,
2023-12-11,21784.47,21806.25,21616.71,21717.41,,
2023-12-12,21502.56,21584.51,21355.11,21488.87,,
2023-12-13,21598.13,21721.25,21470.99,21519.88,,
2023-12-14,21711.59,21733.3,21534.18,21565.78,,
2023-12-15,21661.84,21683.5,21606.2,21648.84,,
2023-12-18,21770.68,21832.67,21666.47,21731.43,,
2023-12-19,21608.7,21847.7,21587.1,21694.77,,
2023-12-20,21673.79,21812.98,21586.23,21705.19,,
2023-12-21,21683.9,21892.28,21479.69,21685.14,,
2023-12-22,21619.37,21831.93,21449.15,21665.71,,
2023-12-25,21843.81,22053.13,21821.97,21902.94,,
2023-12-26,21636.88,21771.13,21608.0,21672.67,,
2023-12-27,21541.88,21801.58,21334.2,21513.27,,
2023-12-28,21576.97,21750.5,21555.39,21728.48,,
2023-12-29,21508.15,21651.6,21467.66,21536.52,,
2024-01-01,22041.7,22193.12,21906.35,22035.15,,
2024-01-02,22018.84,22046.1,21969.19,21995.31,,
2024-01-03,21830.24,21960.03,21770.48,21854.58,,
2024-01-04,21761.41,21960.01,21739.65,21844.33,,
2024-01-05,21542.64,21800.5,21441.05,21697.55,,
2024-01-08,21595.91,21733.3,21463.29,21660.98,,
2024-01-09,21508.62,21671.89,21487.11,21577.9,,
2024-01-10,21675.32,21827.29,21509.67,21580.95,,
2024-01-11,21713.05,21753.01,21635.12,21693.26,,
2024-01-12,21748.57,21892.49,21726.82,21757.2,,
2024-01-15,21685.17,21911.04,21347.84,21632.28,,
2024-01-16,21671.88,21693.55,21490.91,21594.95,,
2024-01-17,21546.58,21568.13,21457.41,21492.88,,
2024-01-18,21757.12,21973.36,21667.84,21722.26,,
2024-01-19,21682.56,21963.85,21506.13,21754.71,,
2024-01-22,21611.74,21717.55,21528.61,21646.29,,
2024-01-23,21892.08,21919.07,21763.39,21815.27,,
2024-01-24,21731.15,21752.88,21587.68,21616.08,,
2024-01-25,21724.86,21780.36,21681.95,21708.94,,
2024-01-26,21836.67,21881.58,21604.55,21789.54,,
2024-01-29,21486.99,21532.07,21389.01,21422.53,,
2024-01-30,21969.51,22288.58,21931.76,22020.79,,
2024-01-31,21674.39,21809.84,21523.43,21752.6,,
2024-02-01,21846.34,22028.08,21824.49,21929.26,,
2024-02-02,21798.26,22013.1,21604.97,21795.98,,
2024-02-05,21985.36,22042.94,21900.31,21957.65,,
2024-02-06,21684.59,21820.61,21662.9,21742.37,,
2024-02-07,21577.86,21722.61,21424.86,21540.28,,
2024-02-08,21982.86,22098.49,21844.21,22041.0,,
2024-02-09,21621.1,21834.47,21423.76,21573.45,,
2024-02-12,21695.0,21954.8,21673.3,21879.87,,
2024-02-13,21637.03,21724.85,21522.51,21576.37,,
2024-02-14,21549.46,21780.33,21344.89,21519.98,,
2024-02-15,21684.51,21840.23,21405.09,21684.45,,
2024-02-16,22061.28,22278.14,22002.55,22133.39,,
2024-02-19,21888.41,21910.3,21792.13,21833.85,,
2024-02-20,22087.26,22195.28,21871.39,21971.98,,
2024-02-21,21578.4,21802.18,21522.57,21676.58,,
2024-02-22,21741.06,21770.57,21609.66,21706.02,,
2024-02-23,21786.99,21864.92,21622.03,21660.01,,
2024-02-26,21820.51,21994.86,21599.14,21890.47,,
2024-02-27,21767.09,21868.16,21722.36,21773.7,,
2024-02-28,22122.16,22328.94,21991.91,22111.3,,
2024-02-29,21709.22,21766.73,21577.47,21703.7,,
2024-03-01,21963.87,22088.91,21941.91,22004.79,,
2024-03-04,21945.98,22159.11,21782.49,21854.22,,
2024-03-05,21546.75,21752.41,21288.85,21667.05,,
2024-03-06,21603.45,21848.73,21498.82,21618.04,,
2024-03-07,21610.74,21919.71,21501.76,21706.82,,
2024-03-08,21812.08,21985.61,21585.55,21813.2,,
2024-03-11,22009.26,22161.37,21742.5,21869.04,,
2024-03-12,21728.35,21899.13,21544.46,21714.09,,
2024-03-13,21788.22,21838.71,21663.71,21690.28,,
2024-03-14,21785.86,22021.25,21526.13,21712.97,,
2024-03-15,21477.93,21837.26,21456.45,21703.83,,
2024-03-18,21916.31,22056.18,21759.93,21847.14,,
2024-03-19,21762.98,21970.25,21615.16,21882.75,,
2024-03-20,21900.46,21998.46,21668.13,21843.4,,
2024-03-21,21662.46,21729.02,21572.35,21660.21,,
2024-03-22,21977.09,22112.46,21817.63,21928.93,,
2024-03-25,22248.59,22330.74,21899.91,22193.49,,
2024-03-26,21728.54,21819.42,21646.68,21758.7,,
2024-03-27,21399.87,21562.5,21316.39,21531.11,,
2024-03-28,21838.53,21978.55,21664.29,21734.75,,
2024-03-29,21816.15,21838.47,21728.29,21788.31,,
2024-04-01,21853.66,21875.52,21723.92,21773.75,,
2024-04-02,21837.77,21944.51,21676.05,21897.24,,
2024-04-03,22011.79,22109.41,21742.21,22007.18,,
2024-04-04,21766.31,21832.49,21744.54,21803.88,,
2024-04-05,21768.3,21919.79,21631.92,21820.41,,
2024-04-08,21770.67,21858.08,21659.03,21715.74,,
2024-04-09,21854.0,22007.27,21619.05,21850.61,,
2024-04-10,22023.71,22200.08,21810.13,22042.17,,
2024-04-11,21782.78,21856.52,21580.18,21782.73,,
2024-04-12,21513.24,21772.36,21491.73,21649.31,,
2024-04-15,21534.02,21555.56,21461.14,21520.49,,
2024-04-16,21869.03,22085.99,21682.53,21733.96,,
2024-04-17,21694.44,21716.13,21546.72,21648.16,,
2024-04-18,21552.96,21581.35,21448.84,21528.01,,
2024-04-19,21873.67,21895.54,21661.81,21789.26,,
2024-04-22,21911.5,22162.07,21799.21,21962.71,,
2024-04-23,22000.94,22099.33,21843.0,21908.38,,
2024-04-24,21765.32,21834.82,21618.26,21779.18,,
2024-04-25,21696.69,21748.29,21631.75,21684.33,,
2024-04-26,21825.57,21915.99,21735.0,21795.93,,
2024-04-29,21475.81,21635.0,21454.33,21553.57,,
2024-04-30,22086.68,22185.2,21809.32,21995.48,,
2024-05-01,21824.49,21846.32,21682.74,21769.31,,
2024-05-02,21746.85,21994.46,21691.09,21865.67,,
2024-05-03,21815.29,21925.03,21721.16,21828.15,,
2024-05-06,21533.33,21705.25,21424.43,21595.19,,
2024-05-07,21840.89,21985.27,21756.62,21822.47,,
2024-05-08,21990.48,22104.61,21893.22,21980.51,,
2024-05-09,21751.89,21909.11,21569.15,21702.39,,
2024-05-10,21906.88,21928.78,21794.36,21855.74,,
2024-05-13,21484.95,21925.6,21463.46,21811.66,,
2024-05-14,21910.26,22059.42,21800.92,21850.59,,
2024-05-15,22149.43,22171.57,22034.45,22078.48,,
2024-05-16,21753.34,21948.38,21704.11,21866.41,,
2024-05-17,21959.8,22084.07,21810.45,21859.04,,
2024-05-20,22215.09,22326.43,21994.96,22096.64,,
2024-05-21,21773.58,21908.76,21716.06,21863.22,,
2024-05-22,21993.43,22051.27,21950.87,22022.44,,
2024-05-23,21776.69,21798.46,21512.63,21599.38,,
2024-05-24,21607.6,21757.61,21437.46,21629.12,,
2024-05-27,22064.19,22273.71,21929.23,21978.21,,
2024-05-28,21629.38,21757.76,21518.54,21685.9,,
2024-05-29,21780.72,21881.58,21758.94,21844.74,,
2024-05-30,21942.98,22063.81,21921.04,22002.8,,
2024-05-31,21531.23,21774.52,21508.25,21729.8,,
2024-06-03,21631.8,21796.48,21599.97,21706.66,,
2024-06-04,21817.22,21839.03,21602.21,21669.84,Election shock -5.93% -1379 pts,Political/Market
2024-06-05,21959.65,22192.84,21858.8,22035.18,,
2024-06-06,21625.21,21841.37,21480.54,21675.6,,
2024-06-07,21738.97,21786.86,21656.2,21708.96,,
2024-06-10,22056.3,22221.18,21976.34,22089.21,,
2024-06-11,22021.47,22169.21,21949.27,22056.17,,
2024-06-12,22295.92,22364.06,22153.83,22227.32,,
2024-06-13,22570.45,22630.04,22439.27,22525.61,,
2024-06-14,22036.56,22058.6,21983.72,22009.66,,
2024-06-17,22346.04,22410.82,22273.5,22337.54,,
2024-06-18,22086.03,22200.64,21929.3,22135.97,,
2024-06-19,22352.08,22668.02,22185.62,22390.64,,
2024-06-20,22645.36,22769.61,22622.72,22740.59,,
2024-06-21,22505.82,22648.83,22382.02,22552.53,,
2024-06-24,22554.16,22585.05,22354.23,22527.89,,
2024-06-25,22793.84,22865.64,22740.77,22793.13,,
2024-06-26,22645.73,22668.38,22466.03,22525.04,,
2024-06-27,22839.02,23028.24,22803.34,22876.94,,
2024-06-28,22760.07,22891.54,22542.06,22736.28,,
2024-07-01,23275.72,23456.85,23064.43,23285.07,,
2024-07-02,23116.35,23199.02,22943.29,23076.45,,
2024-07-03,23031.86,23195.87,22893.92,22991.16,,
2024-07-04,22931.12,23159.52,22908.19,22994.33,,
2024-07-05,23117.27,23238.09,23094.15,23208.38,,
2024-07-08,23049.54,23207.21,22989.78,23088.68,,
2024-07-09,23013.7,23127.9,22891.43,23014.08,,
2024-07-10,23106.62,23299.49,23083.52,23232.72,,
2024-07-11,22947.24,22994.03,22623.01,22893.11,,
2024-07-12,23349.8,23679.55,23326.45,23628.54,,
2024-07-15,23272.5,23339.9,23084.05,23288.9,,
2024-07-16,23498.25,23634.34,23326.61,23485.34,,
2024-07-17,23613.03,23691.65,23442.42,23612.46,,
2024-07-18,23669.51,23775.85,23465.94,23600.49,,
2024-07-19,23557.4,23762.93,23420.83,23514.98,,
2024-07-22,23561.68,23706.41,23538.11,23673.72,,
2024-07-23,23973.23,23997.2,23737.39,23847.54,,
2024-07-24,23633.37,23911.82,23498.99,23650.35,,
2024-07-25,23490.08,23543.41,23362.86,23457.15,,
2024-07-26,23908.17,24072.41,23797.37,23877.45,,
2024-07-29,23723.61,23769.88,23474.51,23607.19,,
2024-07-30,24048.78,24142.56,23783.18,24023.0,,
2024-07-31,24405.43,24590.79,24148.26,24275.16,,
2024-08-01,24171.68,24310.72,24119.49,24187.97,,
2024-08-02,24227.3,24321.61,23988.41,24124.03,,
2024-08-05,24136.43,24214.36,23925.61,24067.77,,
2024-08-06,24545.84,24640.7,24330.64,24423.27,,
2024-08-07,24297.69,24485.98,24213.87,24304.94,,
2024-08-08,24855.52,24938.78,24571.0,24685.06,,
2024-08-09,24353.01,24523.66,24146.76,24387.16,,
2024-08-12,24620.27,24715.67,24404.38,24441.0,,
2024-08-13,24566.08,24814.98,24541.52,24715.4,,
2024-08-14,24516.1,24540.61,24400.95,24471.32,,
2024-08-15,24971.95,25041.92,24940.9,24998.38,,
2024-08-16,24756.6,24818.23,24628.38,24670.83,,
2024-08-19,24674.24,24897.29,24649.57,24804.32,,
2024-08-20,24813.61,25053.36,24739.31,24927.97,,
2024-08-21,24853.2,24984.84,24650.36,24926.59,,
2024-08-22,24650.79,24675.44,24532.98,24592.73,,
2024-08-23,25351.8,25505.68,25240.03,25273.26,,
2024-08-26,25077.89,25179.1,25043.23,25121.44,,
2024-08-27,24957.27,25021.73,24756.2,24849.45,,
2024-08-28,25045.16,25173.73,24862.9,25049.86,,
2024-08-29,25002.79,25243.7,24721.39,24941.83,,
2024-08-30,25463.91,25622.9,25438.45,25505.62,,
2024-09-02,24938.39,25167.38,24775.64,25026.61,,
2024-09-03,25216.96,25510.11,24941.46,25114.22,,
2024-09-04,25706.26,25838.38,25636.02,25708.74,,
2024-09-05,25236.07,25543.15,25210.84,25304.22,,
2024-09-06,25390.92,25480.31,25216.21,25324.46,,
2024-09-09,25407.94,25593.5,25329.39,25556.14,,
2024-09-10,26022.47,26129.82,25959.1,25999.0,,
2024-09-11,25623.92,25775.37,25588.65,25681.11,,
2024-09-12,25671.45,25872.07,25364.45,25463.79,,
2024-09-13,25450.12,25475.57,25357.7,25402.47,,
2024-09-16,25236.9,25337.43,25087.36,25286.91,,
2024-09-17,25637.87,25831.69,25606.32,25674.11,,
2024-09-18,25858.23,26039.89,25519.29,25828.93,,
2024-09-19,25605.49,25750.44,25555.5,25697.16,,
2024-09-20,25673.82,25894.48,25634.61,25833.55,,
2024-09-23,26197.82,26387.89,26002.74,26090.32,,
2024-09-24,25913.53,26078.96,25736.37,25981.66,,
2024-09-25,26498.06,26621.13,26295.59,26420.62,,
2024-09-26,26620.36,26756.68,26439.3,26492.6,,
2024-09-27,26530.84,26672.37,26150.43,26255.55,ATH 26277 record 59 highs,Political/Market
2024-09-30,26415.51,26441.93,26128.51,26235.44,,
2024-10-01,26349.74,26507.4,26296.88,26379.62,,
2024-10-02,26206.27,26232.48,26012.79,26124.97,,
2024-10-03,26531.77,26630.12,26317.07,26378.86,,
2024-10-04,25971.75,26377.74,25767.47,26252.28,,
2024-10-07,25620.39,25893.2,25477.55,25831.12,,
2024-10-08,26036.04,26173.62,25950.79,25979.55,,
2024-10-09,26172.44,26199.52,25943.09,26130.62,,
2024-10-10,26099.03,26126.44,25995.24,26054.73,,
2024-10-11,26005.3,26031.31,25768.02,25980.35,,
2024-10-14,25514.49,25617.6,25459.24,25590.47,,
2024-10-15,25858.57,26094.56,25832.71,25964.2,,
2024-10-16,25608.67,25823.03,25212.07,25659.21,,
2024-10-17,25871.12,26175.61,25845.25,25944.58,,
2024-10-18,25879.41,26127.92,25734.23,25903.71,,
2024-10-21,25818.39,25874.91,25614.38,25766.68,,
2024-10-22,25350.35,25642.6,25286.24,25480.33,,
2024-10-23,25694.05,25940.16,25668.36,25734.9,,
2024-10-24,25898.87,26142.99,25729.36,25855.36,,
2024-10-25,25748.83,26043.4,25660.59,25766.64,,
2024-10-28,25742.16,25873.22,25697.37,25724.04,,
2024-10-29,25761.39,25883.7,25631.68,25776.18,,
2024-10-30,25273.53,25403.83,25209.44,25274.44,,
2024-10-31,25501.84,25553.72,25359.59,25522.02,,
2024-11-01,25469.94,25617.13,25388.14,25474.81,,
2024-11-04,25360.11,25463.36,25312.93,25415.32,,
2024-11-05,25359.71,25664.26,25171.23,25339.3,,
2024-11-06,25502.29,25556.33,25427.3,25512.69,,
2024-11-07,25718.05,25743.77,25581.02,25616.17,,
2024-11-08,25378.18,25443.92,25326.78,25399.98,,
2024-11-11,25200.28,25402.91,25149.36,25288.51,,
2024-11-12,25043.9,25140.28,24932.21,24983.29,,
2024-11-13,25328.97,25569.4,24924.93,25187.84,,
2024-11-14,25524.52,25625.84,25136.97,25310.56,,
2024-11-15,24927.49,25064.89,24788.12,25004.04,,
2024-11-18,25175.43,25258.87,25077.15,25210.23,,
2024-11-19,24938.28,25115.77,24859.09,25005.64,,
2024-11-20,25324.38,25483.17,24994.25,25272.3,,
2024-11-21,25532.49,25558.02,25362.77,25479.75,,
2024-11-22,24914.9,25041.71,24767.53,24989.36,,
2024-11-25,24978.46,25180.89,24892.84,25078.07,,
2024-11-26,24995.21,25157.95,24802.95,24850.19,,
2024-11-27,24821.75,25069.06,24653.71,24921.15,,
2024-11-28,24524.74,24779.37,24366.95,24687.84,,
2024-11-29,24759.36,24814.01,24573.34,24697.73,,
2024-12-02,25155.45,25245.09,25044.7,25102.21,,
2024-12-03,24497.51,24544.07,24349.03,24499.89,,
2024-12-04,25149.94,25391.71,24963.37,25290.5,,
2024-12-05,24753.12,24820.5,24649.37,24782.72,,
2024-12-06,24437.92,24654.05,24371.28,24490.57,,
2024-12-09,24689.71,25005.21,24489.78,24776.65,,
2024-12-10,24597.57,24677.77,24496.33,24604.31,,
2024-12-11,24739.56,24907.24,24597.65,24739.76,,
2024-12-12,24610.74,24946.84,24411.04,24575.54,,
2024-12-13,24526.06,24676.18,24501.53,24602.06,,
2024-12-16,24343.31,24725.88,24318.97,24435.58,,
2024-12-17,24840.2,24919.38,24654.79,24732.79,,
2024-12-18,24209.31,24397.05,24061.49,24304.1,,
2024-12-19,24170.1,24194.27,24049.19,24084.62,,
2024-12-20,24394.3,24517.43,24253.67,24431.14,,
2024-12-23,24286.19,24408.34,24163.81,24216.14,,
2024-12-24,24414.92,24556.07,24273.48,24374.95,,
2024-12-25,24419.55,24490.26,24224.51,24280.43,,
2024-12-26,24347.12,24476.56,24215.92,24298.12,,
2024-12-27,24301.36,24435.11,24173.68,24271.7,,
2024-12-30,24070.08,24295.38,23906.25,24111.04,,
2024-12-31,24423.05,24455.7,24353.72,24385.11,,
2025-01-01,24401.03,24443.56,24124.07,24198.93,,
2025-01-02,23992.54,24084.82,23912.92,24014.9,,
2025-01-03,24084.27,24108.35,23955.31,24007.71,,
2025-01-06,23892.77,23924.58,23795.85,23851.97,,
2025-01-07,23789.46,24034.9,23686.0,23879.69,,
2025-01-08,23734.35,24016.22,23514.63,23915.9,,
2025-01-09,24280.25,24519.37,24141.61,24310.13,,
2025-01-10,23714.03,23866.13,23679.1,23804.03,,
2025-01-13,24179.43,24323.07,23960.27,24121.65,,
2025-01-14,23889.18,23991.09,23735.44,23895.86,,
2025-01-15,23755.62,23796.85,23445.2,23632.15,,
2025-01-16,23874.9,24091.91,23849.97,23909.12,,
2025-01-17,23947.06,24034.48,23894.53,23928.73,,
2025-01-20,23871.73,24094.48,23793.97,23928.88,,
2025-01-21,23718.7,23919.07,23619.11,23740.21,,
2025-01-22,23840.52,23887.61,23616.65,23652.66,,
2025-01-23,23775.79,23948.89,23492.48,23705.74,,
2025-01-24,23591.74,23699.07,23540.15,23672.2,,
2025-01-27,23125.12,23328.64,23055.97,23236.74,,
2025-01-28,23488.65,23607.11,23347.01,23570.07,,
2025-01-29,23608.7,23914.57,23525.3,23730.03,,
2025-01-30,23807.78,24007.53,23783.97,23924.51,,
2025-01-31,23462.67,23548.05,23439.21,23492.32,,
2025-02-03,23482.4,23505.89,23270.25,23297.85,,
2025-02-04,23233.06,23457.98,23209.83,23373.57,,
2025-02-05,23109.39,23417.85,23054.91,23241.41,,
2025-02-06,23908.2,24040.02,23766.73,23816.83,,
2025-02-07,22947.22,22995.06,22850.72,22935.3,RBI cut after 5 years,RBI
2025-02-10,23550.94,23701.42,23498.31,23622.82,,
2025-02-11,23244.29,23389.4,22959.12,23185.5,,
2025-02-12,23156.25,23224.11,23102.74,23162.82,,
2025-02-13,23689.83,23785.58,23588.9,23699.48,,
2025-02-14,23562.89,23758.85,23186.36,23412.04,,
2025-02-17,23342.18,23645.41,23300.43,23554.02,,
2025-02-18,23307.83,23522.66,23249.04,23330.0,,
2025-02-19,23512.5,23555.58,23414.71,23505.75,,
2025-02-20,23216.83,23547.26,22955.27,23371.08,,
2025-02-21,23030.43,23142.1,22805.03,23002.76,,
2025-02-24,23451.24,23548.56,23393.37,23468.89,,
2025-02-25,23306.74,23370.72,23195.83,23336.01,,
2025-02-26,23489.09,23589.9,23347.85,23495.9,,
2025-02-27,23442.89,23657.27,23349.25,23466.26,,
2025-02-28,23089.9,23222.56,22893.26,23173.93,,
2025-03-03,23384.08,23548.5,23248.43,23365.9,,
2025-03-04,23655.69,23812.65,23473.29,23593.06,,
2025-03-05,23532.92,23556.45,23374.7,23435.02,,
2025-03-06,23053.09,23104.62,22938.52,23023.36,,
2025-03-07,23783.35,23820.18,23562.46,23626.52,,
2025-03-10,23253.91,23383.65,22955.21,23230.54,,
2025-03-11,23318.42,23450.55,23142.98,23380.58,,
2025-03-12,23089.65,23282.66,22960.86,23149.24,,
2025-03-13,23401.21,23424.62,23241.82,23349.21,,
2025-03-14,23488.94,23512.43,23257.42,23312.35,,
2025-03-17,23307.09,23478.68,23166.58,23404.27,,
2025-03-18,23233.06,23460.17,23125.56,23382.36,,
2025-03-19,23693.25,23833.76,23457.77,23606.84,,
2025-03-20,23258.34,23330.17,23055.04,23112.13,,
2025-03-21,23113.89,23137.0,22984.77,23008.84,,
2025-03-24,23507.27,23530.78,23381.94,23490.03,,
2025-03-25,23198.36,23450.42,23153.11,23304.95,,
2025-03-26,23245.33,23394.79,23169.84,23217.81,,
2025-03-27,23499.12,23600.64,23423.01,23459.88,,
2025-03-28,23387.76,23697.48,23308.91,23451.87,,
2025-03-31,23262.27,23441.05,23154.97,23248.65,,
2025-04-01,23573.43,23630.28,23420.38,23456.29,,
2025-04-02,23072.71,23304.18,22769.52,23089.99,,
2025-04-03,22866.45,22998.83,22792.14,22899.16,,
2025-04-04,23515.18,23627.87,23398.13,23521.26,,
2025-04-07,23163.93,23187.1,23008.36,23108.28,,
2025-04-08,23613.13,23892.55,23368.99,23665.46,,
2025-04-09,23040.26,23063.3,22859.51,22985.69,,
2025-04-10,23179.66,23352.96,23002.99,23302.63,,
2025-04-11,23239.99,23387.82,23153.1,23275.22,,
2025-04-14,22950.74,23316.63,22801.8,22977.45,,
2025-04-15,23241.57,23407.68,23213.31,23311.83,,
2025-04-16,22651.35,22872.64,22486.44,22644.86,,
2025-04-17,22972.44,23129.37,22929.57,22972.29,,
2025-04-18,23265.64,23423.38,23133.41,23166.71,,
2025-04-21,23197.6,23340.51,23009.95,23055.12,,
2025-04-22,23469.34,23771.05,23249.75,23431.19,,
2025-04-23,23253.1,23276.35,23182.88,23223.04,,
2025-04-24,23065.21,23205.09,22969.75,23052.7,,
2025-04-25,23345.7,23757.98,23322.36,23514.66,,
2025-04-28,23502.71,23636.57,23194.76,23500.89,,
2025-04-29,23604.99,23645.05,23284.1,23497.55,,
2025-04-30,23356.93,23484.27,23175.48,23241.56,,
2025-05-01,23133.68,23409.07,22961.92,23212.07,,
2025-05-02,23465.41,23589.79,23193.27,23344.87,,
2025-05-05,23241.89,23436.03,23084.03,23170.43,,
2025-05-06,23122.35,23145.47,23005.86,23090.05,,
2025-05-07,23229.08,23415.03,23037.4,23127.47,,
2025-05-08,23426.81,23505.78,23307.27,23402.57,,
2025-05-09,23159.56,23333.53,23065.8,23180.8,,
2025-05-12,23120.52,23273.1,23067.2,23160.89,,
2025-05-13,23161.85,23239.0,23138.69,23201.83,,
2025-05-14,23086.26,23130.31,23042.83,23093.9,,
2025-05-15,23423.85,23632.53,23400.42,23469.41,,
2025-05-16,23251.63,23397.99,23157.3,23219.25,,
2025-05-19,23289.72,23313.01,23086.82,23192.77,,
2025-05-20,23326.31,23349.63,23132.2,23190.26,,
2025-05-21,23053.13,23209.55,22972.97,23090.87,,
2025-05-22,22974.65,23221.14,22843.04,23021.19,,
2025-05-23,23338.15,23361.48,23185.38,23237.47,,
2025-05-26,23272.94,23420.89,23246.27,23357.96,,
2025-05-27,23173.96,23295.19,23150.78,23243.37,,
2025-05-28,22969.73,23036.88,22765.68,22969.76,,
2025-05-29,22927.37,23053.88,22802.78,23010.19,,
2025-05-30,22959.0,23074.98,22818.67,23045.0,,
2025-06-02,23046.71,23070.29,22844.48,22949.3,,
2025-06-03,23249.03,23272.28,23037.28,23145.02,,
2025-06-04,22616.75,22843.44,22572.87,22729.62,,
2025-06-05,22898.24,23063.04,22799.92,22922.98,,
2025-06-06,23055.07,23271.55,22955.14,23128.17,,
2025-06-09,22969.58,23121.91,22806.12,22917.88,,
2025-06-10,23100.25,23185.28,23062.0,23157.97,,
2025-06-11,23127.14,23349.87,22998.61,23117.03,,
2025-06-12,22917.79,23146.11,22894.87,22995.15,,
2025-06-13,22991.51,23196.91,22902.37,23162.27,,
2025-06-16,23097.71,23212.05,22993.88,23113.55,,
2025-06-17,23117.6,23334.13,23012.32,23111.64,,
2025-06-18,22937.05,23069.74,22914.11,23041.79,,
2025-06-19,23124.15,23236.65,22778.62,22989.25,,
2025-06-20,22865.14,23018.73,22818.1,22990.85,,
2025-06-23,22966.07,23103.49,22884.84,22936.5,,
2025-06-24,23458.8,23553.89,23329.14,23366.89,,
2025-06-25,22674.73,22942.63,22652.05,22825.64,,
2025-06-26,23193.66,23319.48,22972.63,23141.1,,
2025-06-27,22887.93,23101.94,22763.03,22952.47,,
2025-06-30,23002.07,23281.04,22819.77,23152.83,,
2025-07-01,23182.53,23333.2,23125.34,23192.47,,
2025-07-02,23129.64,23292.71,22918.72,22972.6,,
2025-07-03,23088.1,23455.96,22824.15,23021.82,,
2025-07-04,23099.88,23122.98,23001.16,23047.73,,
2025-07-07,22830.89,22902.15,22708.14,22795.81,,
2025-07-08,22973.27,23223.12,22857.06,22947.85,,
2025-07-09,23110.37,23150.85,22919.59,23023.77,,
2025-07-10,23158.32,23392.42,22980.72,23045.16,,
2025-07-11,23237.57,23260.81,23020.41,23070.47,,
2025-07-14,22910.27,23038.33,22795.8,22929.36,,
2025-07-15,23023.0,23207.65,22999.98,23102.03,,
2025-07-16,22995.8,23068.07,22814.56,23000.14,,
2025-07-17,23027.84,23085.27,22818.01,22900.32,,
2025-07-18,23116.2,23261.55,23035.66,23088.08,,
2025-07-21,22817.21,22840.03,22771.08,22804.63,,
2025-07-22,22933.47,22956.4,22783.36,22912.95,,
2025-07-23,22816.38,22994.51,22793.57,22947.52,,
2025-07-24,23148.95,23270.58,22921.53,23170.23,,
2025-07-25,23009.21,23136.65,22851.97,23096.3,,
2025-07-28,22624.94,22730.13,22601.86,22657.78,,
2025-07-29,23005.61,23273.07,22859.79,23019.49,,
2025-07-30,22720.04,22768.9,22648.91,22730.63,,
2025-07-31,22713.69,22863.86,22594.44,22771.87,,
2025-08-01,23143.37,23166.51,22959.66,23101.77,,
2025-08-04,22750.58,22835.83,22468.16,22787.51,,
2025-08-05,22667.94,22690.61,22563.09,22585.75,,
2025-08-06,22724.55,22889.91,22637.47,22752.42,,
2025-08-07,22949.89,23221.37,22925.92,23034.92,,
2025-08-08,23111.52,23265.97,22998.53,23066.82,,
2025-08-11,22981.19,23182.07,22876.64,22955.82,,
2025-08-12,22599.7,22747.28,22541.05,22573.53,,
2025-08-13,22786.6,23001.14,22734.02,22902.18,,
2025-08-14,23128.14,23295.84,22885.82,23149.09,,
2025-08-15,22884.77,22985.35,22754.2,22781.5,,
2025-08-18,22968.36,23269.88,22600.18,22842.74,,
2025-08-19,22859.63,22939.07,22836.77,22907.66,,
2025-08-20,23072.75,23160.05,22908.31,22956.87,,
2025-08-21,22696.17,22878.3,22646.39,22804.7,,
2025-08-22,22834.77,22997.19,22601.04,22881.06,,
2025-08-25,22592.78,22778.09,22523.82,22729.04,,
2025-08-26,22969.29,23029.01,22925.69,23001.47,,
2025-08-27,23011.43,23034.44,22877.97,22911.18,,
2025-08-28,23065.93,23089.0,22965.31,22995.83,,
2025-08-29,22814.04,23041.45,22726.65,22872.85,,
2025-09-01,22482.23,22725.61,22452.9,22607.79,,
2025-09-02,22832.21,22947.43,22692.46,22874.74,,
2025-09-03,22503.08,22707.06,22372.19,22554.55,,
2025-09-04,22651.65,22945.09,22539.58,22763.0,,
2025-09-05,23010.5,23225.65,22891.53,23038.62,,
2025-09-08,22866.06,23044.13,22698.43,22846.02,,
2025-09-09,22549.67,22895.4,22345.92,22705.81,,
2025-09-10,23041.28,23064.32,22933.69,22979.99,,
2025-09-11,22992.81,23309.96,22945.26,23103.01,,
2025-09-12,23257.07,23540.05,23151.28,23200.68,,
2025-09-15,22997.87,23020.87,22898.2,22936.67,,
2025-09-16,22923.17,23004.3,22751.73,22818.96,,
2025-09-17,22776.97,22906.58,22697.1,22847.78,,
2025-09-18,23036.44,23268.93,22700.03,22784.23,,
2025-09-19,22706.6,22763.65,22513.23,22677.47,,
2025-09-22,22766.01,22974.78,22579.57,22838.72,,
2025-09-23,22638.43,22745.72,22578.37,22684.81,,
2025-09-24,22929.62,23172.92,22620.38,22887.09,,
2025-09-25,22639.23,22868.16,22501.23,22721.69,,
2025-09-26,22824.68,22913.1,22675.15,22704.18,,
2025-09-29,22596.26,22698.2,22359.57,22609.48,,
2025-09-30,22739.8,22813.42,22597.36,22698.64,,
2025-10-01,23023.57,23087.17,22871.89,22912.27,,
2025-10-02,22676.67,22785.61,22578.26,22637.47,,
2025-10-03,22456.37,22540.23,22008.08,22402.08,,
2025-10-06,23005.19,23028.19,22942.71,22966.98,,
2025-10-07,22581.07,22632.88,22542.09,22584.16,,
2025-10-08,22818.84,22922.83,22692.75,22720.86,,
2025-10-09,22621.21,22760.26,22530.53,22708.12,,
2025-10-10,22820.44,22922.57,22689.26,22722.8,,
2025-10-13,22808.3,22845.51,22596.85,22654.5,,
2025-10-14,22641.54,22789.57,22535.12,22650.01,,
2025-10-15,22932.86,23174.29,22754.63,22778.11,,
2025-10-16,22465.03,22566.78,22369.91,22469.64,,
2025-10-17,22359.66,22476.35,22205.42,22411.36,,
2025-10-20,22914.43,22968.9,22604.49,22796.24,,
2025-10-21,22599.56,22675.92,22427.55,22556.03,,
2025-10-22,22941.28,23065.1,22759.45,22783.79,,
2025-10-23,22562.97,22773.06,22394.75,22462.52,,
2025-10-24,22532.91,22684.11,22452.83,22574.11,,
2025-10-27,22351.36,22508.04,22096.27,22380.1,,
2025-10-28,22625.69,22975.66,22518.37,22791.73,,
2025-10-29,22400.63,22528.91,22312.92,22398.39,,
2025-10-30,22500.46,22589.11,22477.96,22536.89,,
2025-10-31,22234.09,22375.71,22125.61,22220.98,,
2025-11-03,22349.24,22489.15,22226.46,22400.72,,
2025-11-04,22366.56,22544.44,22209.61,22407.79,,
2025-11-05,22471.01,22586.65,22364.95,22441.99,,
2025-11-06,22440.01,22525.05,22335.89,22451.29,,
2025-11-07,22860.11,22968.15,22733.92,22882.1,,
2025-11-10,22751.6,22836.11,22619.66,22704.75,,
2025-11-11,22504.24,22732.96,22469.32,22641.29,,
2025-11-12,22594.05,22616.64,22280.65,22400.31,,
2025-11-13,22603.88,22699.58,22573.55,22666.25,,
2025-11-14,22533.53,22613.13,22491.0,22575.37,,
2025-11-17,22788.7,23015.4,22745.73,22802.98,,
2025-11-18,22716.8,22888.48,22445.69,22654.35,,
2025-11-19,22724.72,22840.76,22701.95,22810.64,,
2025-11-20,22595.29,22806.62,22501.06,22603.52,,
2025-11-21,22505.91,22618.48,22454.83,22565.19,,
2025-11-24,22797.92,23047.7,22653.33,22847.88,,
2025-11-25,22136.02,22265.02,22113.89,22211.07,,
2025-11-26,22203.08,22251.93,22076.34,22228.59,,
2025-11-27,22472.56,22626.05,22450.09,22538.69,,
2025-11-28,22328.93,22351.26,22225.52,22269.24,,
2025-12-01,22580.38,22757.11,22557.8,22652.13,,
2025-12-02,22403.94,22680.57,22240.78,22586.74,,
2025-12-03,22336.33,22423.19,22254.72,22384.9,,
2025-12-04,22387.61,22512.19,22349.29,22468.24,,
2025-12-05,22244.13,22381.72,22209.81,22308.49,,
2025-12-08,22640.14,22832.81,22535.44,22767.03,,
2025-12-09,22138.06,22201.15,22070.49,22125.58,,
2025-12-10,22319.2,22398.5,22280.55,22371.48,,
2025-12-11,22590.56,22682.89,22529.82,22635.21,,
2025-12-12,22248.45,22596.86,22226.2,22419.13,,
2025-12-15,22314.61,22398.33,22267.04,22364.97,,
2025-12-16,22560.35,22847.87,22500.17,22530.37,,
2025-12-17,22199.62,22294.79,22055.1,22247.54,,
2025-12-18,22381.34,22489.88,22346.22,22464.78,,
2025-12-19,22562.4,22745.14,22432.46,22535.1,,
2025-12-22,22509.32,22750.04,22347.8,22597.01,,
2025-12-23,22507.37,22556.92,22131.68,22291.93,,
2025-12-24,22575.23,22834.04,22417.17,22551.8,,
2025-12-25,22342.03,22472.08,22289.61,22370.65,,
2025-12-26,22352.54,22624.81,22124.05,22164.96,,
2025-12-29,22541.5,22564.04,22407.8,22446.76,,
2025-12-30,22436.96,22579.72,22356.79,22400.89,,
2025-12-31,22660.8,22857.6,22638.14,22675.44,,
2026-01-01,22150.67,22221.22,22128.52,22197.01,,
2026-01-02,22206.1,22429.39,22183.9,22327.57,,
2026-01-05,22113.82,22312.54,22023.77,22206.71,,
2026-01-06,22446.12,22486.21,22236.29,22433.25,,
2026-01-07,22358.58,22473.74,22275.95,22387.42,,
2026-01-08,22365.32,22413.29,22238.23,22316.77,,
2026-01-09,22809.46,22892.58,22577.4,22616.92,,
2026-01-12,22394.6,22499.98,22154.48,22318.81,,
2026-01-13,22343.95,22507.72,22185.83,22395.43,,
2026-01-14,22674.86,22714.61,22520.57,22649.81,,
2026-01-15,22132.93,22520.23,21909.95,22321.44,,
2026-01-16,22256.69,22336.69,22138.2,22205.17,,
2026-01-19,22324.14,22532.66,22279.76,22429.93,,
2026-01-20,22429.24,22534.46,22193.6,22427.15,,
2026-01-21,22737.9,22836.54,22554.61,22602.55,,
2026-01-22,22581.68,22704.45,22421.8,22594.82,,
2026-01-23,22450.17,22557.71,22312.64,22510.04,,
2026-01-26,22188.32,22286.49,21924.52,22071.95,,
2026-01-27,22349.38,22497.77,22143.7,22317.82,,
2026-01-28,22322.53,22500.93,22128.53,22421.6,,
2026-01-29,21985.04,22173.09,21954.49,22128.21,,
2026-01-30,22695.8,22778.85,22587.83,22611.01,,
2026-02-02,22329.85,22369.04,22158.03,22270.55,,
2026-02-03,22253.55,22344.86,22231.3,22266.44,,
2026-02-04,22453.3,22475.76,22281.91,22367.09,,
2026-02-05,22125.88,22216.45,22093.38,22176.88,,
2026-02-06,22308.75,22481.95,22217.16,22384.89,,
2026-02-09,22118.0,22187.34,21973.89,22124.35,,
2026-02-10,22151.67,22413.64,21888.53,22082.14,,
2026-02-11,22341.33,22683.8,22078.89,22440.75,,
2026-02-12,22279.02,22531.84,22174.29,22261.44,,
2026-02-13,22208.35,22393.03,22131.5,22297.85,,
2026-02-16,22390.43,22504.41,22187.94,22310.39,,
2026-02-17,22675.55,22818.5,22582.86,22730.56,,
2026-02-18,22246.95,22338.41,22126.6,22269.41,,
2026-02-19,22343.06,22487.03,22221.7,22422.27,,
2026-02-20,22058.87,22395.36,21820.81,22084.47,,
2026-02-23,22282.03,22491.85,21874.36,22136.24,,
2026-02-24,22387.81,22531.27,22114.63,22185.8,,
2026-02-25,22245.9,22302.32,22217.54,22273.43,,
2026-02-26,22470.23,22492.7,22319.96,22346.52,,
2026-02-27,21768.51,21795.54,21592.26,21707.35,,
2026-03-02,22261.5,22283.76,22060.48,22213.98,,
2026-03-03,21933.75,22226.61,21911.82,22168.89,,
2026-03-04,22155.86,22313.11,21929.68,22096.48,,
2026-03-05,22258.32,22280.58,22035.64,22136.22,,
2026-03-06,22113.71,22136.64,21979.13,22101.08,,
2026-03-09,21895.32,22142.56,21862.32,22107.5,,
2026-03-10,22012.11,22400.26,21899.03,22201.36,Panic bottom 22200,Major
2026-03-11,21972.25,22092.7,21950.28,22068.42,,
2026-03-12,22226.6,22248.83,21990.96,22050.91,,
2026-03-13,22365.11,22425.95,22155.82,22245.66,,
2026-03-16,21662.1,21826.47,21572.61,21764.9,,
2026-03-17,22622.93,22812.16,22502.16,22588.26,,
2026-03-18,22092.55,22209.78,21918.68,22104.1,,
2026-03-19,21924.27,22137.63,21902.34,22035.69,,
2026-03-20,22515.17,22674.81,22458.5,22582.56,,
2026-03-23,22653.06,22675.72,22413.3,22449.02,,
2026-03-24,22452.41,22531.81,22294.66,22356.28,,
2026-03-25,21979.95,22131.27,21940.8,22060.05,,
2026-03-26,22603.56,22733.52,22522.63,22681.72,,
2026-03-27,22231.58,22360.24,22032.87,22147.37,,
2026-03-30,22582.97,22745.85,22560.24,22655.14,,
2026-03-31,22859.33,23012.76,22812.07,22861.32,,
2026-04-01,22221.89,22480.92,22127.97,22412.74,,
2026-04-02,22454.0,22492.95,22429.72,22468.0,,
2026-04-03,22479.52,22573.62,22329.23,22433.55,,
2026-04-06,21893.72,22001.86,21700.74,21940.42,,
2026-04-07,22766.62,22911.56,22703.69,22762.17,,
2026-04-08,22646.69,22765.55,22471.65,22729.85,,
2026-04-09,22393.31,22593.48,22370.92,22561.68,,
2026-04-10,22486.96,22576.01,22423.41,22543.98,,
2026-04-13,22171.52,22396.29,22149.35,22372.93,,
2026-04-14,22798.66,22821.46,22616.03,22702.3,,
2026-04-15,22529.76,22676.98,22429.57,22461.46,,
2026-04-16,22280.57,22473.17,22258.29,22439.97,,
2026-04-17,22539.83,22699.27,22469.23,22523.03,,
2026-04-20,22792.97,23078.7,22720.06,22835.89,,
2026-04-21,23115.88,23157.69,22892.38,22917.88,,
2026-04-22,22747.67,22831.19,22430.46,22555.81,,
2026-04-23,22359.29,22418.48,22336.93,22396.02,,
2026-04-24,22466.93,22628.94,22444.46,22596.54,,
2026-04-27,22706.51,22917.26,22606.55,22747.86,,
2026-04-28,22448.93,22552.86,22258.13,22491.98,,
2026-04-29,22898.45,23003.03,22777.5,22858.01,,
2026-04-30,22851.12,22958.94,22644.41,22861.09,,
2026-05-01,23112.76,23153.77,22840.31,22976.48,,
2026-05-04,22792.46,22917.3,22743.01,22782.59,,
2026-05-05,22503.24,22762.83,22440.43,22681.14,,
2026-05-06,22914.05,22936.96,22737.94,22807.72,,
2026-05-07,22860.63,22938.74,22677.52,22833.88,,
2026-05-08,22797.16,22819.96,22691.72,22729.28,,
2026-05-11,22789.89,22950.44,22566.11,22617.66,,
2026-05-12,22911.52,23087.99,22812.74,22895.66,,
2026-05-13,22373.12,22507.24,22291.99,22452.78,,
2026-05-14,22896.2,22975.02,22731.97,22894.19,,
2026-05-15,23128.33,23246.79,23019.31,23199.52,,
2026-05-18,22628.76,22651.39,22439.75,22523.33,,
2026-05-19,22850.79,22985.5,22765.23,22906.39,,
2026-05-20,22685.38,22721.74,22608.38,22672.54,,
2026-05-21,22808.78,22882.93,22780.14,22848.64,,
2026-05-22,22930.55,23017.15,22860.7,22988.57,,
2026-05-25,22879.69,22989.06,22819.99,22941.21,,
2026-05-26,23407.5,23541.8,23327.74,23390.2,,
2026-05-27,22866.95,23049.97,22844.08,22981.27,,
2026-05-28,23027.9,23340.03,23004.87,23228.55,,
2026-05-29,22744.74,22924.04,22491.3,22867.84,,
2026-06-01,22806.79,22863.01,22716.05,22746.05,,
2026-06-02,22731.94,22888.91,22709.21,22847.54,,
2026-06-03,23184.2,23279.72,23009.13,23148.98,,
2026-06-04,23056.89,23141.45,22953.98,23019.64,,
2026-06-05,23206.67,23229.87,22975.85,23009.05,,
2026-06-08,23160.16,23318.21,23070.79,23209.8,,
2026-06-09,23505.62,23648.17,23416.41,23568.09,,
2026-06-10,23194.27,23357.28,23120.79,23223.62,,
2026-06-11,23562.65,23655.92,23358.66,23493.5,,
2026-06-12,23459.87,23587.11,23252.27,23281.68,,
2026-06-15,23020.45,23095.3,22770.38,22958.58,,
2026-06-16,22530.51,22842.03,22333.0,22764.26,,
2026-06-17,23168.86,23373.86,23079.87,23158.09,,
2026-06-18,23372.33,23484.33,23348.96,23458.35,,
2026-06-19,23145.62,23223.79,23056.78,23086.29,,
2026-06-22,23444.47,23668.39,23183.81,23590.25,,
2026-06-23,23007.34,23199.29,22907.35,23042.57,,
2026-06-24,23008.15,23118.27,22848.88,23067.01,,
2026-06-25,23646.42,23965.17,23622.78,23751.78,,
2026-06-26,23288.56,23401.78,23164.71,23288.6,,
2026-06-29,23564.89,23926.46,23277.73,23542.9,,
2026-06-30,23109.5,23195.2,22961.38,23115.7,,
2026-07-01,23116.5,23210.01,23037.11,23176.7,,
2026-07-02,23159.27,23418.34,22946.31,23231.19,,
2026-07-03,23442.51,23465.95,23362.46,23411.19,,
2026-07-06,23398.37,23519.43,23363.44,23444.16,,
2026-07-07,23596.38,23724.5,23465.78,23609.21,,
2026-07-08,23411.23,23484.31,23248.83,23374.12,,
2026-07-09,23565.91,23630.33,23424.51,23522.56,,
2026-07-10,23664.32,23872.05,23617.22,23710.75,,
2026-07-13,24049.55,24212.01,23825.36,23985.82,,
2026-07-14,23409.03,23432.44,23280.21,23314.53,,
2026-07-15,23388.0,23472.08,23060.6,23411.83,,
2026-07-16,23364.0,23424.28,23317.51,23355.07,,
2026-07-17,23867.74,23981.9,23660.61,23720.09,,
2026-07-20,23777.0,23829.56,23571.98,23661.29,,
2026-07-21,23837.7,23998.24,23701.48,23819.55,,
2026-07-22,23648.87,23884.16,23415.74,23665.65,,
2026-07-23,23588.48,23790.44,23472.62,23684.68,,
2026-07-24,23744.04,23802.53,23636.41,23683.06,,
2026-07-27,23589.61,23703.55,23376.12,23609.57,,
2026-07-28,23676.21,23903.32,23598.78,23837.39,,
2026-07-29,23869.83,23893.7,23694.35,23780.82,,
2026-07-30,23868.42,24047.0,23805.51,23842.89,,
2026-07-31,23707.44,23843.1,23459.7,23704.82,,
2026-08-03,23832.47,24047.35,23533.9,23846.49,,
2026-08-04,23534.29,23557.82,23441.66,23509.09,,
2026-08-05,23915.94,24028.38,23702.47,23812.19,,
2026-08-06,23850.75,24067.92,23655.35,23810.26,,
2026-08-07,23940.91,24092.54,23809.73,24001.69,,
2026-08-10,24226.36,24250.59,24134.64,24206.34,,
2026-08-11,23950.95,24067.62,23881.74,23977.95,,
2026-08-12,23903.13,24028.63,23879.22,23980.21,,
2026-08-13,23778.71,23855.14,23661.9,23696.87,,
2026-08-14,23816.8,23958.01,23695.17,23805.7,,
2026-08-17,24234.46,24258.69,23946.72,24046.26,,
2026-08-18,23987.42,24140.6,23889.53,23966.51,,
2026-08-19,23932.36,24030.43,23908.42,24000.25,,
2026-08-20,24147.33,24308.9,23932.92,24117.32,,
2026-08-21,24298.09,24322.39,24119.24,24245.36,,
2026-08-24,23910.2,24195.65,23886.29,24126.43,,
2026-08-25,23984.51,24123.63,23745.2,23930.37,,
2026-08-26,23718.95,23848.01,23684.22,23809.04,,
2026-08-27,24030.79,24118.69,23909.11,24034.74,,
2026-08-28,24038.28,24272.32,23904.06,24023.46,,
2026-08-31,24209.54,24233.75,23992.29,24027.88,,
2026-09-01,24094.57,24445.5,24023.74,24126.37,,
2026-09-02,23858.0,23914.45,23786.8,23914.45,,
2026-09-03,23997.95,24025.4,23873.45,23873.45,,
2026-09-04,23910.9,24005.75,23895.85,23951.2,,
