Date,trend_days,buy_hold
2014-12-23,1.0,0.9931523306102835
2014-12-24,1.0,0.9819918308505526
2014-12-26,1.0,0.985187409899087
2014-12-29,1.0,0.99066554541086
2014-12-30,1.0,0.9908998077847189
2014-12-31,1.0,0.9950384430562231
2015-01-02,1.0,1.008583613647285
2015-01-05,1.0,1.0065353195579048
2015-01-06,1.0,0.9763755406054782
2015-01-07,1.0,0.9733421432003845
2015-01-08,1.0,0.9892599711677079
2015-01-09,1.0,0.9952546852474772
2015-01-12,1.0,0.9998798654493033
2015-01-13,1.0,0.9970446900528592
2015-01-14,1.0,0.9944197501201345
2015-01-15,1.0,1.0204408938010572
2015-01-16,1.0,1.022801537722249
2015-01-19,1.0,1.0272345026429603
2015-01-20,1.0,1.0446419990389237
2015-01-21,1.0,1.0487145603075447
2015-01-22,1.0,1.0525468524747719
2015-01-23,1.0,1.061460836136473
2015-01-27,1.0,1.0704589139836618
2015-01-28,1.0,1.0709154252763093
2015-01-29,1.0,1.075486544930322
2015-01-30,1.0,1.0582532436328687
2015-02-02,1.0,1.0568716962998557
2015-02-03,1.0,1.0519641999038922
2015-02-04,1.0,1.048017779913503
2015-02-05,1.0,1.0465761653051417
2015-02-06,1.0,1.0404913503123496
2015-02-09,1.0,1.0243092263334934
2015-02-10,1.0,1.029018500720807
2015-02-11,1.0,1.0364488226814028
2015-02-12,1.0,1.046558145122537
2015-02-13,1.0,1.0578447861604994
2015-02-16,1.0,1.058307304180682
2015-02-18,1.0,1.0654853435848146
2015-02-19,1.0,1.0686328688130702
2015-02-20,1.0,1.061220567035079
2015-02-23,1.0,1.0517719846227773
2015-02-24,1.0,1.0526309466602592
2015-02-25,1.0,1.0532496395963478
2015-02-26,1.0,1.0432304180682364
2015-02-27,1.0,1.0625420470927438
2015-03-02,1.0,1.0760151369533877
2015-03-03,1.0,1.0807604517059106
2015-03-04,1.0,1.0719185487746274
2015-03-05,1.0,1.0737325804901487
2015-03-09,1.0,1.0519882268140315
2015-03-10,1.0,1.0466182123978853
2015-03-11,1.0,1.0451645843344544
2015-03-12,1.0,1.0543008169149444
2015-03-13,1.0,1.0388935607880823
2015-03-16,1.0,1.0371395963479093
2015-03-17,1.0,1.0479697260932241
2015-03-18,1.0,1.0434766938971647
2015-03-19,1.0,1.0373197981739546
2015-03-20,1.0,1.0296612205670348
2015-03-23,1.0,1.0272585295530992
2015-03-24,1.0,1.0263034598750598
2015-03-25,1.0,1.0248438250840937
2015-03-26,1.0,1.0021804420951461
2015-03-27,1.0,1.0020903411821236
2015-03-30,1.0,1.0202186448822677
2015-03-31,1.0,1.020062469966362
2015-04-01,1.0,1.0315052859202303
2015-04-06,1.0,1.0403531955790482
2015-04-07,1.0,1.0404012493993267
2015-04-08,1.0,1.0469005285920225
2015-04-09,1.0,1.0545771263815469
2015-04-10,1.0,1.0548234022104752
2015-04-13,1.0,1.0612686208553574
2015-04-16,1.0,1.0459754925516573
2015-04-17,1.0,1.0338779432964915
2015-04-20,1.0,1.01490869774147
2015-04-21,1.0,1.0064572320999516
2015-04-22,1.0,1.0126982220086493
2015-04-23,1.0,1.0089259971167703
2015-04-24,1.0,0.997747477174435
2015-04-27,1.0,0.9867611725132144
2015-04-28,1.0,0.9953868332532434
2015-04-29,1.0,0.989878664103796
2015-04-30,1.0,0.9828808265257086
2015-05-04,1.0,1.0009550696780394
2015-05-05,1.0,1.0000961076405572
2015-05-06,1.0,0.9727294569918308
2015-05-07,1.0,0.9679601153291686
2015-05-08,1.0,0.9840821720326766
2015-05-11,1.0,1.000150168188371
2015-05-12,1.0,0.9763274867851995
2015-05-13,1.0,0.9893620855358004
2015-05-14,1.0,0.9880105718404616
2015-05-15,1.0,0.9925937049495438
2015-05-18,1.0,1.0059646804420952
2015-05-19,1.0,1.005003604036521
2015-05-20,1.0,1.0119233541566555
2015-05-21,1.0,1.0116530514175877
2015-05-22,1.0,1.0162121576165306
2015-05-25,1.0,1.0055562229697261
2015-05-26,1.0,1.0018440653531957
2015-05-27,1.0,1.001273426237386
2015-05-28,1.0,0.9993993272465161
2015-05-29,1.0,1.0131727534839021
2015-06-01,1.0,1.013142719846228
2015-06-02,1.0,0.9894822200864971
2015-06-03,1.0,0.9773065833733784
2015-06-04,1.0,0.9767719846227776
2015-06-05,1.0,0.974855838539164
2015-06-08,1.0,0.9663803459875062
2015-06-09,1.0,0.9637674195098513
2015-06-10,1.0,0.9760271504084577
2015-06-11,1.0,0.9569137433925999
2015-06-12,1.0,0.9590221047573284
2015-06-15,1.0,0.9627462758289286
2015-06-16,1.0,0.9667587698222011
2015-06-17,1.0,0.9720747236905337
2015-06-18,1.0,0.9820518981259012
2015-06-19,1.0,0.9881006727534842
2015-06-22,1.0,1.0034959154252767
2015-06-23,1.0,1.0069137433925999
2015-06-24,1.0,1.0044269581931766
2015-06-25,1.0,1.008889956751562
2015-06-26,1.0,1.0068596828447864
2015-06-29,1.0,0.9993272465160983
2015-06-30,1.0,1.005345987506007
2015-07-01,1.0,1.0155033637674196
2015-07-02,1.0,1.014524267179241
2015-07-03,1.0,1.0193296492071122
2015-07-06,1.0,1.0238046612205671
2015-07-07,1.0,1.0224411340701587
2015-07-08,1.0,1.0046912542047093
2015-07-09,1.0,1.0005466122056703
2015-07-10,1.0,1.0043909178279673
2015-07-13,1.0,1.0162962518020182
2015-07-14,1.0,1.0156295050456512
2015-07-15,1.0,1.0240028832292167
2015-07-16,1.0,1.0341242191254205
2015-07-17,1.0,1.034340461316675
2015-07-20,1.0,1.0335716001922155
2015-07-21,1.0,1.0246816434406538
2015-07-22,1.0,1.0371816434406536
2015-07-23,1.0,1.031931763575204
2015-07-24,1.0,1.023732580490149
2015-07-27,1.0,1.004444978375781
2015-07-28,1.0,1.0015617491590583
2015-07-29,1.0,1.0061328688130706
2015-07-30,1.0,1.011749159058145
2015-07-31,1.0,1.0250901009130227
2015-08-03,1.0,1.0263154733301296
2015-08-04,1.0,1.023173954829409
2015-08-05,1.0,1.0293068236424798
2015-08-06,1.0,1.031793608841903
2015-08-07,1.0,1.0289043728976455
2015-08-10,1.0,1.024219125420471
2015-08-11,1.0,1.0166206150888997
2015-08-12,1.0,1.0030574243152333
2015-08-13,1.0,1.0038262854396924
2015-08-14,1.0,1.0233721768380586
2015-08-17,1.0,1.0184166266218164
2015-08-18,1.0,1.017125180201826
2015-08-19,1.0,1.0205610283517539
2015-08-20,1.0,1.0058565593464681
2015-08-21,1.0,0.9971107640557426
2015-08-24,1.0,0.9381307063911581
2015-08-25,1.0,0.9467443536761173
2015-08-26,1.0,0.9360703988467084
2015-08-27,1.0,0.9549435367611725
2015-08-28,1.0,0.9613106679481018
2015-08-31,1.0,0.9576285439692456
2015-09-01,1.0,0.9353495915425277
2015-09-02,1.0,0.9270783277270543
2015-09-03,1.0,0.9398125901009131
2015-09-04,1.0,0.9196359923113889
2015-09-07,1.0,0.9080730418068238
2015-09-08,1.0,0.923624459394522
2015-09-09,1.0,0.9392839980778473
2015-09-10,1.0,0.9356198942815955
2015-09-11,1.0,0.9357640557424317
2015-09-14,1.0,0.9457292167227297
2015-09-15,1.0,0.9405454108601636
2015-09-16,1.0,0.948960836136473
2015-09-18,1.0,0.9589019702066317
2015-09-21,1.0,0.9583253243632873
2015-09-22,1.0,0.9384911100432488
2015-09-23,1.0,0.9425696780394045
2015-09-24,1.0,0.9452787121576168
2015-09-28,1.0,0.9365329168668912
2015-09-29,1.0,0.942251321480058
2015-09-30,1.0,0.954937530033638
2015-10-01,1.0,0.9551777991350316
2015-10-05,1.0,0.9754084574723696
2015-10-06,1.0,0.9794449783757814
2015-10-07,1.0,0.9823882748678524
2015-10-08,1.0,0.9766158097068722
2015-10-09,1.0,0.9838659298414227
2015-10-12,1.0,0.9783277270543012
2015-10-13,1.0,0.9768981259010094
2015-10-14,1.0,0.974038923594426
2015-10-15,1.0,0.9826405574243157
2015-10-16,1.0,0.9896864488226819
2015-10-19,1.0,0.994119413743393
2015-10-20,1.0,0.9925096107640562
2015-10-21,1.0,0.9913142719846234
2015-10-23,1.0,0.9965701585776077
2015-10-26,1.0,0.9923774627582899
2015-10-27,1.0,0.9890557424315239
2015-10-28,1.0,0.9816434406535326
2015-10-29,1.0,0.974501441614609
2015-10-30,1.0,0.968981259010092
2015-11-02,1.0,0.9671792407496402
2015-11-03,1.0,0.9683685728015383
2015-11-04,1.0,0.9659058145122543
2015-11-05,1.0,0.9557244113407022
2015-11-06,1.0,0.9555862566074009
2015-11-09,1.0,0.9508889956751568
2015-11-10,1.0,0.9350492551657864
2015-11-13,1.0,0.9325144161460843
2015-11-16,1.0,0.9378423834694865
2015-11-17,1.0,0.9415605478135518
2015-11-18,1.0,0.9288563190773673
2015-11-19,1.0,0.9421852474771751
2015-11-20,1.0,0.9438431042767906
2015-11-23,1.0,0.942966122056704
2015-11-24,1.0,0.940845747236906
2015-11-26,1.0,0.9471167707832779
2015-11-27,1.0,0.9541926958193183
2015-11-30,1.0,0.9532976934166274
2015-12-01,1.0,0.9556583373378191
2015-12-02,1.0,0.95282916866891
2015-12-03,1.0,0.9447561268620862
2015-12-04,1.0,0.9348750600672759
2015-12-07,1.0,0.9328928399807791
2015-12-08,1.0,0.9252402691013942
2015-12-09,1.0,0.9145242671792414
2015-12-10,1.0,0.9230297933685736
2015-12-11,1.0,0.9142779913503131
2015-12-14,1.0,0.9190353195579056
2015-12-15,1.0,0.9251441614608369
2015-12-16,1.0,0.9311508889956759
2015-12-17,1.0,0.9423774627582902
2015-12-18,1.0,0.9324783757808754
2015-12-21,1.0,0.9411881307063921
2015-12-22,1.0,0.9353796251802028
2015-12-23,1.0,0.9449723690533406
2015-12-24,1.0,0.9443837097549265
2015-12-28,1.0,0.95208433445459
2015-12-29,1.0,0.9525408457472379
2015-12-30,1.0,0.9486124459394532
2015-12-31,1.0,0.954631186929362
2016-01-04,1.0,0.9360043248438262
2016-01-05,1.0,0.9352054300816925
2016-01-06,1.0,0.9299615569437781
2016-01-07,1.0,0.9092143200384442
2016-01-08,1.0,0.9131847669389729
2016-01-11,1.0,0.9086797212878436
2016-01-12,1.0,0.902246516098031
2016-01-13,1.0,0.9085055261893332
2016-01-14,1.0,0.9054300816914957
2016-01-15,1.0,0.8935367611725146
2016-01-18,1.0,0.883109082172034
2016-01-19,1.0,0.8932123978856333
2016-01-20,1.0,0.8780994714079783
2016-01-21,1.0,0.8741950985103328
2016-01-22,1.0,0.8916926958193189
2016-01-25,1.0,0.8933385391638647
2016-01-27,1.0,0.8935307544449796
2016-01-28,1.0,0.8919569918308518
2016-01-29,1.0,0.9086436809226347
2016-02-01,1.0,0.9077306583373391
2016-02-02,1.0,0.8956691494473824
2016-02-03,1.0,0.8844065353195593
2016-02-04,1.0,0.8894762133589634
2016-02-05,1.0,0.8996996636232596
2016-02-08,1.0,0.8874639596347924
2016-02-09,1.0,0.876765977895244
2016-02-10,1.0,0.8668548774627596
2016-02-11,1.0,0.8381006727534852
2016-02-12,1.0,0.8386532916866904
2016-02-15,1.0,0.8605177799135044
2016-02-16,1.0,0.8467383469485837
2016-02-17,1.0,0.8539704469005298
2016-02-18,1.0,0.8639776549735716
2016-02-19,1.0,0.8662602114368104
2016-02-22,1.0,0.8691194137433937
2016-02-23,1.0,0.8541025949062961
2016-02-24,1.0,0.8431883709754936
2016-02-25,1.0,0.8374098990869785
2016-02-26,1.0,0.8445158577606929
2016-02-29,1.0,0.8393861124459404
2016-03-01,1.0,0.867647765497358
2016-03-02,1.0,0.8852534839019712
2016-03-03,1.0,0.8980778471888525
2016-03-04,1.0,0.8992491590581462
2016-03-08,0.9999933202856246,0.8992431523306114
2016-03-09,1.006205454654759,0.9048294089380116
2016-03-10,1.0001068754300064,0.8993452666987034
2016-03-11,1.0001068754300064,0.9022345026429611
2016-03-14,1.0001068754300064,0.9056643440653543
2016-03-15,1.0001068754300064,0.896275828928401
2016-03-16,1.0001068754300064,0.9008589620374832
2016-03-17,1.0001068754300064,0.9025168188370988
2016-03-18,1.0001068754300064,0.9135451705910632
2016-03-21,1.0001068754300064,0.9255466122056716
2016-03-22,1.0001068754300064,0.9268260451705922
2016-03-23,1.0001068754300064,0.927018260451707
2016-03-28,1.0001068754300064,0.9148366170110536
2016-03-29,1.0001068754300064,0.9126621816434418
2016-03-30,1.0001068754300064,0.9292647765497367
2016-03-31,1.0001068754300064,0.9296492071119664
2016-04-01,1.0001068754300064,0.9266037962518031
2016-04-04,1.0001068754300064,0.9320999519461808
2016-04-05,1.0001068754300064,0.9134070158577617
2016-04-06,1.0001068754300064,0.9147465160980309
2016-04-07,1.0001068754300064,0.9065893801057195
2016-04-08,1.0001068754300064,0.9076405574243164
2016-04-11,1.0001068754300064,0.9216001922152822
2016-04-12,1.0001068754300064,0.9261112445939463
2016-04-13,1.0001068754300064,0.9431102835175409
2016-04-18,1.0001068754300064,0.950828928399809
2016-04-20,1.0001068754300064,0.950834935127344
2016-04-21,1.0001068754300064,0.9505105718404626
2016-04-22,1.0001068754300064,0.9489788563190786
2016-04-25,1.0001068754300064,0.943662902450746
2016-04-26,1.0001068754300064,0.9565893801057196
2016-04-27,1.0022734711740322,0.9586617011052391
2016-04-28,0.9856126639018565,0.9427258529553112
2016-04-29,0.9856126639018565,0.943032196059588
2016-05-02,0.9856126639018565,0.9377582892839993
2016-05-03,0.9856126639018565,0.930682364247959
2016-05-04,0.9856126639018565,0.9258229216722743
2016-05-05,0.9856126639018565,0.9293008169149461
2016-05-06,0.9856126639018565,0.9290545410860177
2016-05-09,0.9856126639018565,0.9449843825084109
2016-05-10,0.9856126639018565,0.9475973089860659
2016-05-11,0.9856126639018565,0.9429180682364262
2016-05-12,0.9856126639018565,0.9491110043248451
2016-05-13,0.9856126639018565,0.9388395002402703
2016-05-16,0.9856126639018565,0.9443476693897177
2016-05-17,0.9856126639018565,0.9479517059106212
2016-05-18,0.9856126639018565,0.9454769341662674
2016-05-19,0.9856126639018565,0.9350552618933217
2016-05-20,0.9856126639018565,0.9310067275348403
2016-05-23,0.9856126639018565,0.9287662181643453
2016-05-24,0.9856126639018565,0.9309046131667481
2016-05-25,0.9856126639018565,0.953255646323884
2016-05-26,0.9856126639018565,0.9694437770302752
2016-05-27,0.9856126639018565,0.9798954829408951
2016-05-30,0.9856126639018565,0.9825204228736198
2016-05-31,0.9856126639018565,0.9803099471407991
2016-06-01,0.9856126639018565,0.9826946179721301
2016-06-02,0.9903118239079902,0.9873798654493047
2016-06-03,0.9905347327800759,0.9876021143680935
2016-06-06,0.988155029956457,0.9852294569918322
2016-06-07,0.9960351598128965,0.9930862566074017
2016-06-08,0.9968304022754727,0.9938791446420002
2016-06-09,0.9884622827260888,0.985535800096109
2016-06-10,0.9844198002079919,0.981505285920232
2016-06-13,0.9772565934806934,0.9743632868813084
2016-06-14,0.9772565934806934,0.9741530514175889
2016-06-15,0.9772565934806934,0.9858962037481992
2016-06-16,0.9772565934806934,0.9779853435848161
2016-06-17,0.9772565934806934,0.9815233061028362
2016-06-20,0.9772565934806934,0.9897284959154264
2016-06-21,0.9772565934806934,0.9874939932724662
2016-06-22,0.9772565934806934,0.9855478135511786
2016-06-23,0.9772565934806934,0.9935667948101887
2016-06-24,0.9772565934806934,0.9717203267659791
2016-06-27,0.9772565934806934,0.9724531475252295
2016-06-28,0.9772565934806934,0.976435607880828
2016-06-29,0.9772565934806934,0.9855838539163877
2016-06-30,0.9772565934806934,0.9956451225372431
2016-07-01,0.9772565934806934,1.0005225852955326
2016-07-04,0.9772565934806934,1.0056102835175413
2016-07-05,0.9772565934806934,1.0014356078808282
2016-07-07,0.9772565934806934,1.001669870254687
2016-07-08,0.9772565934806934,0.9999038923594443
2016-07-11,0.9772565934806934,1.0172873618452685
2016-07-12,0.9772565934806934,1.0236725132148023
2016-07-13,0.9772565934806934,1.0234863046612224
2016-07-14,0.9772565934806934,1.028952426717926
2016-07-15,0.9772565934806934,1.026117251321482
2016-07-18,0.9772565934806934,1.0221888515136974
2016-07-19,0.9772565934806934,1.0245735223450285
2016-07-20,0.981530669488553,1.0290545410860186
2016-07-21,0.9751424727743931,1.022357039884673
2016-07-22,0.9787061125557451,1.026093224411343
2016-07-25,0.9895288063611694,1.0374399327246537
2016-07-26,0.9843724143945828,1.0320338779432985
2016-07-27,0.9872542645714639,1.0350552618933226
2016-07-28,0.9930408822228555,1.0411220567035102
2016-07-29,0.9930408822228555,1.0377823161941397
2016-08-01,0.9928167194954913,1.037548053820281
2016-08-02,0.9912475804039428,1.03590821720327
2016-08-03,0.9822753235471398,1.0265317155213864
2016-08-04,0.9829937938271527,1.0272825564632413
2016-08-05,0.9981736339032685,1.043146323882751
2016-08-08,1.0014153718066876,1.0465341182124004
2016-08-09,0.9976103532037384,1.0425576645843369
2016-08-10,0.985775710751363,1.0301898125901032
2016-08-11,0.9877127066262782,1.032214079769344
2016-08-16,0.9935064509643035,1.0382688611244617
2016-08-17,0.9913797789354648,1.0360463719365711
2016-08-18,0.9970355769797277,1.0419569918308529
2016-08-19,0.9970355769797277,1.0411941374339284
2016-08-22,0.9970355769797277,1.036659058145125
2016-08-23,0.9970355769797277,1.037073522345029
2016-08-24,0.9970355769797277,1.0391999038923618
2016-08-25,0.9970355769797277,1.0322200864968791
2016-08-26,0.9970355769797277,1.029859442575687
2016-08-29,0.9970355769797277,1.034052138395005
2016-08-30,0.9970355769797277,1.0504985583853943
2016-08-31,0.9970355769797277,1.0555261893320544
2016-09-01,0.9970355769797277,1.0541386352715065
2016-09-02,0.9970355769797277,1.0583433445458938
2016-09-06,0.9970355769797277,1.0743632868813096
2016-09-07,0.9970355769797277,1.0713539163863552
2016-09-08,1.0008983009448373,1.075504565112929
2016-09-09,0.9913057765973292,1.0651970206631451
2016-09-12,0.9744126480552722,1.0470446900528616
2016-09-14,0.9744126480552722,1.0483661701105262
2016-09-15,0.9744126480552722,1.0502823161941397
2016-09-16,0.9744126480552722,1.0547633349351297
2016-09-19,0.9744126480552722,1.0581931763575227
2016-09-20,0.9744126480552722,1.0542888034598774
2016-09-21,0.9744126480552722,1.0544389716482483
2016-09-22,0.9744126480552722,1.0652871215761677
2016-09-23,0.9744126480552722,1.060974291206153
2016-09-26,0.9744126480552722,1.0479396924555524
2016-09-27,0.9744126480552722,1.0459394521864511
2016-09-28,0.9744126480552722,1.0505946660259513
2016-09-29,0.9744126480552722,1.032105958673717
2016-09-30,0.9744126480552722,1.0344966362325827
2016-10-03,0.9744126480552722,1.049747717443539
2016-10-04,0.9744126480552722,1.053477895242674
2016-10-05,0.9744126480552722,1.0504505045651151
2016-10-06,0.9744126480552722,1.0463178760211458
2016-10-07,0.9744126480552722,1.0448822681403194
2016-10-10,0.9744126480552722,1.046227775108123
2016-10-13,0.9744126480552722,1.0299555502162443
2016-10-14,0.9744126480552722,1.031162902450747
2016-10-17,0.9744126480552722,1.0235944257568497
2016-10-18,0.9744126480552722,1.0425156174915926
2016-10-19,0.9744126480552722,1.0402570879384931
2016-10-20,0.9744126480552722,1.0450985103315733
2016-10-21,0.9744126480552722,1.0443356559346486
2016-10-24,0.9744126480552722,1.0462457952907276
2016-10-25,0.9744126480552722,1.0441254204709292
2016-10-26,0.9744126480552722,1.0349891878904391
2016-10-27,0.9744126480552722,1.0349891878904391
2016-10-28,0.9744126480552722,1.037722248918791
2016-11-01,0.9744126480552722,1.0363106679481038
2016-11-02,0.9744126480552722,1.0228255646323903
2016-11-03,0.9744126480552722,1.019335655934649
2016-11-04,0.9744126480552722,1.0131847669389737
2016-11-07,0.9744126480552722,1.0207892839980799
2016-11-08,0.9744126480552722,1.0263755406054802
2016-11-09,0.9744126480552722,1.0129745314752545
2016-11-10,0.9744126480552722,1.0242371456030779
2016-11-11,0.9744126480552722,0.9966722729457015
2016-11-15,0.9744126480552722,0.9741049975973113
2016-11-16,0.9744126480552722,0.9744834214320062
2016-11-17,0.9744126480552722,0.970681162902453
2016-11-18,0.9744126480552722,0.969978375780877
2016-11-21,0.9744126480552722,0.9525588659298437
2016-11-22,0.9744126480552722,0.9613527150408481
2016-11-23,0.9744126480552722,0.9650768861124484
2016-11-24,0.9744126480552722,0.9569317635752066
2016-11-25,0.9744126480552722,0.9748077847188875
2016-11-28,0.9744126480552722,0.976321480057667
2016-11-29,0.9744126480552722,0.9781535319557928
2016-11-30,0.9744126480552722,0.9880466122056728
2016-12-01,0.9744126480552722,0.9842503604036544
2016-12-02,0.9744126480552722,0.971504084574726
2016-12-05,0.9744126480552722,0.976543728976456
2016-12-06,0.9744126480552722,0.9782736665064897
2016-12-07,0.9744126480552722,0.9733361364728521
2016-12-08,0.9744126480552722,0.9907316194137461
2016-12-09,0.9744126480552722,0.992521624219128
2016-12-12,0.9744126480552722,0.9815953868332559
2016-12-13,0.9744126480552722,0.9877222489187916
2016-12-14,0.9744126480552722,0.9829949543488733
2016-12-15,0.9744126480552722,0.9795290725612713
2016-12-16,0.9744126480552722,0.9778291686689118
2016-12-19,0.9744126480552722,0.9736124459394548
2016-12-20,0.9744126480552722,0.9709754925516605
2016-12-21,0.9744126480552722,0.9684406535319584
2016-12-22,0.9744126480552722,0.9585655934646831
2016-12-23,0.9744126480552722,0.9593644882268167
2016-12-26,0.9744126480552722,0.9500540605478162
2016-12-27,0.9744126480552722,0.965022825564635
2016-12-28,0.9744126480552722,0.9652630946660286
2016-12-29,0.9744126480552722,0.9735223450264321
2016-12-30,0.9744126480552722,0.9833974050937074
2017-01-02,0.9744126480552722,0.9826405574243177
2017-01-03,0.9744126480552722,0.9841722729457015
2017-01-04,0.9744126480552722,0.9839620374819822
2017-01-05,0.9744126480552722,0.993969245555024
2017-01-06,0.970879521868797,0.9903652090341205
2017-01-09,0.9699667976039577,0.9894341662662205
2017-01-10,0.9761556569739335,0.9957472369053365
2017-01-11,0.9761556569739335,1.006805622296975
2017-01-12,0.9761556569739335,1.0099951946179748
2017-01-13,0.9753603070060165,1.0091722729457018
2017-01-16,0.9768058700863911,1.0106679481018765
2017-01-17,0.9750874497177531,1.0088899567515643
2017-01-18,0.9772935299207344,1.011172513214803
2017-01-19,0.9793951115877851,1.013346948582415
2017-01-20,0.9694387233032773,1.003045410860166
2017-01-23,0.9743327380693648,1.0081090821720353
2017-01-24,0.9841207676015399,1.0182364247957738
2017-01-25,0.9988608666419864,1.0334875060067303
2017-01-27,0.9988608666419864,1.0381126862085563
2017-01-30,0.9988608666419864,1.0370915425276337
2017-01-31,0.9988608666419864,1.0285079288803485
2017-02-01,1.0169566371927405,1.047140797693419
2017-02-02,1.0190392258731467,1.0492851994233567
2017-02-03,1.0190392258731467,1.0500901009130252
2017-02-06,1.0190392258731467,1.0573101874099016
2017-02-07,1.0190392258731467,1.053375780874582
2017-02-08,1.01912638979539,1.0534658817876048
2017-02-09,1.020213033359355,1.0545891398366198
2017-02-10,1.020213033359355,1.056409178279676
2017-02-13,1.020213033359355,1.0577907256126888
2017-02-14,1.020213033359355,1.056259010091305
2017-02-15,1.0123690788701893,1.0481379144642027
2017-02-16,1.0185537352943392,1.0545410860163411
2017-02-17,1.0236244573531639,1.0597909658817906
2017-02-20,1.0302964600621436,1.0666987025468553
2017-02-21,1.0336208579336612,1.070140557424318
2017-02-22,1.0336208579336612,1.0724291206150913
2017-02-23,1.0336208579336612,1.0739428159538709
2017-02-27,1.0336208579336612,1.0688010571840487
2017-02-28,1.0316341756053073,1.0667467563671338
2017-03-01,1.0393253083618583,1.0746996636232606
2017-03-02,1.0339752077056774,1.069167467563674
2017-03-03,1.0337196111488132,1.0689031715521409
2017-03-06,1.0413758898294283,1.0768200384430588
2017-03-07,1.0394531066402906,1.074831811629027
2017-03-08,1.0368274329197762,1.0721167707832797
2017-03-09,1.0371411196032008,1.0724411340701612
2017-03-10,1.0380182805142575,1.0733481499279218
2017-03-14,1.055729960102418,1.091662662181646
2017-03-15,1.055729960102418,1.0913983661701132
2017-03-16,1.055729960102418,1.0996756367131217
2017-03-17,1.055729960102418,1.100438491110046
2017-03-20,1.055729960102418,1.096450024026913
2017-03-21,1.055729960102418,1.0958073041806853
2017-03-22,1.0451917577379686,1.0848690533397436
2017-03-23,1.0516558829664637,1.0915785679961587
2017-03-24,1.0541674589281171,1.0941854877462789
2017-03-27,1.0468989349469264,1.086641037962521
2017-03-28,1.0533341249684902,1.093320518981262
2017-03-29,1.0583109805607067,1.0984863046612234
2017-03-30,1.0617774183510995,1.102084334454592
2017-03-31,1.0617774183510995,1.102084334454592
2017-04-03,1.069196405408334,1.1097849591542557
2017-04-05,1.0723561300052529,1.1130646323882778
2017-04-06,1.0723561300052529,1.1126802018260482
2017-04-07,1.0649866810582347,1.105033637674198
2017-04-10,1.0630357743063534,1.1030093704949575
2017-04-11,1.0694673986426746,1.1096828447861635
2017-04-12,1.065582952261332,1.1056523306102868
2017-04-13,1.0594870922918032,1.099327246516101
2017-04-17,1.058155612906246,1.097945699183088
2017-04-18,1.0542016980352222,1.093843104276793
2017-04-19,1.0540106596885987,1.0936448822681435
2017-04-20,1.0578198485394532,1.0975973089860676
2017-04-21,1.0558515746651513,1.0955550216242222
2017-04-24,1.067261774095295,1.10739428159539
2017-04-25,1.077525743445698,1.1180442095146597
2017-04-26,1.0827648253758249,1.123480297933689
2017-04-27,1.0816417514593113,1.1223149927919303
2017-04-28,1.0772305023645525,1.117737866410383
2017-05-02,1.0783593653218726,1.1189091782796765
2017-05-03,1.0781451708120222,1.1186869293608876
2017-05-04,1.0836968609457145,1.1244473810667983
2017-05-05,1.0750596120620137,1.1154853435848184
2017-05-08,1.0783883105259064,1.118939211917351
2017-05-09,1.0787124968110855,1.119275588659302
2017-05-10,1.0891848716305321,1.1301417587698257
2017-05-11,1.0909331619541767,1.1319557904853472
2017-05-12,1.0884438744072655,1.1293728976453665
2017-05-15,1.0935961207252909,1.1347188851513732
2017-05-16,1.1013360682839421,1.142749879865453
2017-05-17,1.1028991093017702,1.1443716962998596
2017-05-18,1.1028991093017702,1.1328027390677595
2017-05-19,1.1027178162656526,1.1326165305141793
2017-05-22,1.1039283858939208,1.133859923113891
2017-05-23,1.097834600615392,1.1276009130225888
2017-05-24,1.0948403414382264,1.1245254685247512
2017-05-25,1.0948403414382264,1.142449543488711
2017-05-26,1.1046665327830834,1.1527030273906813
2017-05-29,1.1057947890827855,1.1538803459875095
2017-05-30,1.1080570580918825,1.1562409899087012
2017-05-31,1.1076771350521868,1.1558445458914017
2017-06-01,1.1070842248538737,1.1552258529553132
2017-06-02,1.1113900193037582,1.1597188851513727
2017-06-05,1.1138767882908573,1.1623137914464232
2017-06-06,1.1138767882908573,1.1577546852474803
2017-06-07,1.1169685949024366,1.160968284478619
2017-06-08,1.1150441620021454,1.1589680442095178
2017-06-09,1.1174713746691796,1.1614908697741502
2017-06-12,1.1114784710127166,1.155261893320522
2017-06-13,1.1103804462347726,1.1541206150889027
2017-06-14,1.1116807387349694,1.1554721287842415
2017-06-15,1.1070459183564898,1.1506547333013006
2017-06-16,1.1082017339122203,1.1518560788082686
2017-06-19,1.1162346520245474,1.1602054300816949
2017-06-20,1.1157665467244766,1.159718885151373
2017-06-21,1.1134664737685729,1.1573282075925069
2017-06-22,1.1130503801685099,1.1568957232099983
2017-06-23,1.1066876155342134,1.1502823161941407
2017-06-27,1.0993424076775458,1.1426477654973601
2017-06-28,1.0993424076775458,1.14022705430082
2017-06-29,1.0993424076775458,1.1417707832772734
2017-06-30,1.0993424076775458,1.1437890437289793
2017-07-03,1.0993424076775458,1.1550937049495464
2017-07-04,1.0993424076775458,1.154889476213362
2017-07-05,1.0993424076775458,1.157808745795294
2017-07-06,1.0993424076775458,1.1622477174435397
2017-07-07,1.0993424076775458,1.1611965401249429
2017-07-10,1.1113130452251945,1.173840701585779
2017-07-11,1.1130190743293724,1.1756427198462307
2017-07-12,1.116436819301409,1.1792527630946692
2017-07-13,1.116436819301409,1.1883349351273458
2017-07-14,1.116436819301409,1.187692215281118
2017-07-17,1.116436819301409,1.1912481979817426
2017-07-18,1.116436819301409,1.1805802498798683
2017-07-19,1.1246676743874093,1.1892839980778502
2017-07-20,1.1216798001463906,1.1861244593945248
2017-07-21,1.126445629971894,1.1911641037962548
2017-07-24,1.1322566477448257,1.197308986064395
2017-07-25,1.132046474081484,1.197086737145606
2017-07-26,1.1384198484130867,1.2038262854396955
2017-07-27,1.1384198484130867,1.2038142719846257
2017-07-28,1.1384198484130867,1.2030874579529103
2017-07-31,1.1384198484130867,1.2106078808265288
2017-08-01,1.1384198484130867,1.215118933205193
2017-08-02,1.1384198484130867,1.2111364728495948
2017-08-03,1.1384198484130867,1.2029853435848181
2017-08-04,1.1444168272373705,1.2093224411340733
2017-08-07,1.1433936460161656,1.2082412301778023
2017-08-08,1.1344294416503875,1.198768620855361
2017-08-09,1.126414522084283,1.190299135031238
2017-08-10,1.126414522084283,1.1797513214800608
2017-08-11,1.126414522084283,1.166602594906298
2017-08-14,1.126414522084283,1.1766158097068746
2017-08-16,1.126414522084283,1.1890076886112477
2017-08-17,1.126414522084283,1.1898306102835206
2017-08-18,1.126414522084283,1.1818116290245104
2017-08-21,1.126414522084283,1.1718344545891428
2017-08-22,1.126414522084283,1.1731799615569465
2017-08-23,1.126414522084283,1.1836256607400317
2017-08-24,1.126414522084283,1.184172272945702
2017-08-28,1.126414522084283,1.1908697741470475
2017-08-29,1.126414522084283,1.1768440653531984
2017-08-30,1.126414522084283,1.187457952907259
2017-08-31,1.126414522084283,1.1914824603556013
2017-09-01,1.126414522084283,1.1982700624699694
2017-09-04,1.126414522084283,1.1908757808745827
2017-09-05,1.126414522084283,1.195603075444501
2017-09-06,1.126414522084283,1.1912782316194168
2017-09-07,1.126414522084283,1.1929240749639625
2017-09-08,1.126414522084283,1.1935127342623766
2017-09-11,1.126414522084283,1.2020723209995223
2017-09-12,1.126414522084283,1.2125240269101423
2017-09-13,1.126414522084283,1.2108721768380615
2017-09-14,1.126414522084283,1.211749159058148
2017-09-15,1.126414522084283,1.2116049975973118
2017-09-18,1.126414522084283,1.219738106679484
2017-09-19,1.126414522084283,1.2190713599231167
2017-09-20,1.126414522084283,1.2183024987986573
2017-09-21,1.126414522084283,1.2159899086977444
2017-09-22,1.126414522084283,1.1970687169630014
2017-09-25,1.126414522084283,1.186040365209037
2017-09-26,1.126414522084283,1.1859082172032704
2017-09-27,1.126414522084283,1.1695999519461824
2017-09-28,1.126414522084283,1.1735884190293158
2017-09-29,1.126414522084283,1.1759490629505076
2017-10-03,1.126414522084283,1.1844666025949093
2017-10-04,1.126414522084283,1.1911220567035108
2017-10-05,1.126414522084283,1.1879745314752552
2017-10-06,1.126414522084283,1.1989067755886622
2017-10-09,1.126414522084283,1.199993993272468
2017-10-10,1.126414522084283,1.2033817876021173
2017-10-11,1.126414522084283,1.1995194617972156
2017-10-12,1.126414522084283,1.2129264776549764
2017-10-13,1.126414522084283,1.221462037481983
2017-10-16,1.126414522084283,1.2290785679961587
2017-10-17,1.126414522084283,1.2295110523786672
2017-10-18,1.126414522084283,1.226675876982223
2017-10-19,1.126414522084283,1.2189512253724197
2017-10-23,1.126414522084283,1.2235523786641065
2017-10-24,1.126414522084283,1.226297453147528
2017-10-25,1.126414522084283,1.2368272465161005
2017-10-26,1.126414522084283,1.2426477654973593
2017-10-27,1.126414522084283,1.2401549735704012
2017-10-30,1.126414522084283,1.2450324363286907
2017-10-31,1.126414522084283,1.241626621816437
2017-11-01,1.126414522084283,1.2542647765497383
2017-11-02,1.126414522084283,1.2522585295531021
2017-11-03,1.1295158955549771,1.2557063911581
2017-11-06,1.1294402522995943,1.255622296972612
2017-11-07,1.118455771000081,1.2434106198942843
2017-11-08,1.1133768667100945,1.2377642960115356
2017-11-09,1.1133768667100945,1.238461076405577
2017-11-10,1.1133768667100945,1.2399987986544958
2017-11-13,1.1133768667100945,1.2283697741470476
2017-11-14,1.1133768667100945,1.223762614127826
2017-11-15,1.1133768667100945,1.2155273906775614
2017-11-16,1.1133768667100945,1.2271444017299402
2017-11-17,1.1133768667100945,1.2354156655454136
2017-11-20,1.1133768667100945,1.2372357039884698
2017-11-21,1.1133768667100945,1.240617491590584
2017-11-22,1.1133768667100945,1.2424675636713145
2017-11-23,1.1133768667100945,1.2432424315233086
2017-11-24,1.1133768667100945,1.2481619413743419
2017-11-27,1.1133768667100945,1.249345266698705
2017-11-28,1.1133768667100945,1.2458253243632895
2017-11-29,1.1133768667100945,1.2447501201345532
2017-11-30,1.1133768667100945,1.228561989428162
2017-12-01,1.1133768667100945,1.2159778952426743
2017-12-04,1.1133768667100945,1.2166926958193203
2017-12-05,1.1133768667100945,1.2155514175877007
2017-12-06,1.1133768667100945,1.2066434406535345
2017-12-07,1.1133768667100945,1.22137193656896
2017-12-08,1.1133768667100945,1.2332592503604063
2017-12-11,1.1133768667100945,1.2400588659298442
2017-12-12,1.1133768667100945,1.2301958193176383
2017-12-13,1.1133768667100945,1.2245254685247504
2017-12-14,1.1133768667100945,1.231631427198465
2017-12-15,1.1133768667100945,1.2413803459875088
2017-12-18,1.1133768667100945,1.24804781355118
2017-12-19,1.1133768667100945,1.2569918308505557
2017-12-20,1.1133768667100945,1.2547092743873167
2017-12-21,1.1133768667100945,1.254240749639599
2017-12-22,1.1133768667100945,1.2605718404613193
2017-12-26,1.1133768667100945,1.2651970206631453
2017-12-27,1.1133768667100945,1.2603015377222515
2017-12-28,1.1133768667100945,1.2587578087457978
2017-12-29,1.1133768667100945,1.2651009130225879
2018-01-02,1.1133768667100945,1.2544690052859226
2018-01-03,1.1133768667100945,1.2545891398366196
2018-01-04,1.1133768667100945,1.2619894281595412
2018-01-05,1.1133768667100945,1.2684827006247024
2018-01-08,1.1133768667100945,1.2762614127823189
2018-01-09,1.1133768667100945,1.2778712157616556
2018-01-10,1.1133768667100945,1.2772945699183111
2018-01-11,1.1133768667100945,1.2795771263815499
2018-01-12,1.1133768667100945,1.283187169629988
2018-01-15,1.1133768667100945,1.2904312830370037
2018-01-16,1.1133768667100945,1.2854937530033663
2018-01-17,1.1133768667100945,1.2960776069197524
2018-01-18,1.1133768667100945,1.2994954348870758
2018-01-19,1.1133768667100945,1.3088298894762156
2018-01-22,1.1133768667100945,1.3174195098510355
2018-01-23,1.1133768667100945,1.3315353195579072
2018-01-24,1.1133768667100945,1.3318116290245097
2018-01-25,1.1133768667100945,1.3298474291206173
2018-01-29,1.1133768667100945,1.337145603075447
2018-01-30,1.1133768667100945,1.327444738106682
2018-01-31,1.1133768667100945,1.3248077847188877
2018-02-01,1.1122864788540165,1.3235103315713623
2018-02-02,1.0864099596398744,1.2927198462277776
2018-02-05,1.0864099596398744,1.2814211917347451
2018-02-06,1.0864099596398744,1.261202546852477
2018-02-07,1.0864099596398744,1.2586136472849614
2018-02-08,1.0864099596398744,1.270645122537244
2018-02-09,1.0864099596398744,1.2560007208073065
2018-02-12,1.0864099596398744,1.2661881307063934
2018-02-14,1.0864099596398744,1.2615209034118233
2018-02-15,1.0864099596398744,1.2668789043728999
2018-02-16,1.0864099596398744,1.2556823642479598
2018-02-19,1.0864099596398744,1.2468044209514677
2018-02-20,1.0864099596398744,1.2446419990389257
2018-02-21,1.0864099596398744,1.2490929841422416
2018-02-22,1.0864099596398744,1.247320999519464
2018-02-23,1.0864099596398744,1.26033757808746
2018-02-26,1.0864099596398744,1.2713358962037502
2018-02-27,1.0864099596398744,1.2679360884190312
2018-02-28,1.0864099596398744,1.260553820278714
2018-03-01,1.0864099596398744,1.2564091782796751
2018-03-05,1.0864099596398744,1.2444557904853455
2018-03-06,1.0864099596398744,1.2312890437289783
2018-03-07,1.0864099596398744,1.2198702546852493
2018-03-08,1.0864099596398744,1.2304961556943794
2018-03-09,1.0864099596398744,1.2285980297933703
2018-03-12,1.0864099596398744,1.2519702066314289
2018-03-13,1.0864099596398744,1.2526249399327265
2018-03-14,1.0864099596398744,1.2507087938491126
2018-03-15,1.0864099596398744,1.2446119654012509
2018-03-16,1.0864099596398744,1.224789764536282
2018-03-19,1.0864099596398744,1.212668188370977
2018-03-20,1.0864099596398744,1.21628423834695
2018-03-21,1.0864099596398744,1.2199963959634808
2018-03-22,1.0864099596398744,1.2151309466602611
2018-03-23,1.0864099596398744,1.2011112445939467
2018-03-26,1.0864099596398744,1.2170410860163399
2018-03-27,1.0864099596398744,1.2234682844786178
2018-03-28,1.0864099596398744,1.2150048053820297
2018-04-02,1.0864099596398744,1.2267900048053835
2018-04-03,1.0864099596398744,1.2307784718885169
2018-04-04,1.0864099596398744,1.216770783277272
2018-04-05,1.0864099596398744,1.2404072561268635
2018-04-06,1.0864099596398744,1.2411821239788579
2018-04-09,1.0864099596398744,1.246918548774629
2018-04-10,1.0864099596398744,1.2496696299855854
2018-04-11,1.0864099596398744,1.2514596347909674
2018-04-12,1.0864099596398744,1.2564452186448838
2018-04-13,1.0864099596398744,1.2590821720326784
2018-04-16,1.0864099596398744,1.2648185968284498
2018-04-17,1.0864099596398744,1.2672633349351294
2018-04-18,1.0864099596398744,1.264560307544452
2018-04-19,1.0864099596398744,1.269257568476696
2018-04-20,1.0864099596398744,1.269107400288325
2018-04-23,1.0864099596398744,1.2715881787602137
2018-04-24,1.0864099596398744,1.2751501681883732
2018-04-25,1.0864099596398744,1.2698882748678542
2018-04-26,1.0864099596398744,1.275564632388277
2018-04-27,1.0864099596398744,1.284514656415187
2018-04-30,1.0864099596398744,1.2901669870254706
2018-05-02,1.0864099596398744,1.2876081210956292
2018-05-03,1.0864099596398744,1.2829949543488728
2018-05-04,1.0864099596398744,1.2756186929360906
2018-05-07,1.0864099596398744,1.2873017779913525
2018-05-08,1.0864099596398744,1.287578087457955
2018-05-09,1.0864099596398744,1.290449303219608
2018-05-10,1.0864099596398744,1.2874279192695839
2018-05-11,1.0864099596398744,1.2982340221047592
2018-05-14,1.0864099596398744,1.2982460355598289
2018-05-15,1.0864099596398744,1.297675396444019
2018-05-16,1.0802999502388808,1.2903772224891896
2018-05-17,1.0802999502388808,1.2833613647284978
2018-05-18,1.0802999502388808,1.2729937530033655
2018-05-21,1.0802999502388808,1.2634190293128322
2018-05-22,1.0802999502388808,1.2658217203267679
2018-05-23,1.0802999502388808,1.2530454108601652
2018-05-24,1.0802999502388808,1.2630766458433462
2018-05-25,1.0802999502388808,1.274044930321962
2018-05-28,1.0802999502388808,1.2840761653051431
2018-05-29,1.0802999502388808,1.2774267179240761
2018-05-30,1.0802999502388808,1.2751501681883723
2018-05-31,1.0802999502388808,1.2897825564632401
2018-06-01,1.0802999502388808,1.284983181162904
2018-06-04,1.0802999502388808,1.2768500720807319
2018-06-05,1.0802999502388808,1.2726033157136005
2018-06-06,1.0802999502388808,1.2835956271023559
2018-06-07,1.0802999502388808,1.2936508889956766
2018-06-08,1.0802999502388808,1.2935667948101888
2018-06-11,1.0802999502388808,1.2958853916386368
2018-06-12,1.0802999502388808,1.3026009130225868
2018-06-13,1.0802999502388808,1.3042647765497373
2018-06-14,1.0802999502388808,1.2984202306583388
2018-06-15,1.0802999502388808,1.299579529072563
2018-06-18,1.0802999502388808,1.2974351273426252
2018-06-19,1.0802999502388808,1.2866950985103331
2018-06-20,1.0802999502388808,1.2940953868332548
2018-06-21,1.0802999502388808,1.2903772224891896
2018-06-22,1.0802999502388808,1.3000780874579545
2018-06-25,1.0802999502388808,1.2929420951465658
2018-06-26,1.0802999502388808,1.2937469966362338
2018-06-27,1.0802999502388808,1.2820038443056236
2018-06-28,1.0802999502388808,1.2721167707832788
2018-06-29,1.0802999502388808,1.2871576165305156
2018-07-02,1.0802999502388808,1.280309947140799
2018-07-03,1.0802999502388808,1.285427679000482
2018-07-04,1.0802999502388808,1.2938370975492566
2018-07-05,1.0802999502388808,1.2914163863527166
2018-07-06,1.0802999502388808,1.2941674675636727
2018-07-09,1.0802999502388808,1.3038082652570895
2018-07-10,1.0802999502388808,1.3151429601153308
2018-07-11,1.0802999502388808,1.3152691013935625
2018-07-12,1.0802999502388808,1.3242671792407517
2018-07-13,1.0802999502388808,1.3237506006727553
2018-07-16,1.0802999502388808,1.3138935607880846
2018-07-17,1.0802999502388808,1.3224471407976952
2018-07-18,1.0802999502388808,1.3191314271984642
2018-07-19,1.0802999502388808,1.3163262854396944
2018-07-20,1.0802999502388808,1.3227054300816936
2018-07-23,1.087614654902766,1.3316614608361386
2018-07-24,1.092476406963068,1.337614127823164
2018-07-25,1.0922507353235382,1.3373378183565614
2018-07-26,1.0957143043997977,1.3415785679961576
2018-07-27,1.1066103198649144,1.3549195098510352
2018-07-30,1.1066103198649144,1.3598690533397422
2018-07-31,1.1066103198649144,1.3643080249879882
2018-08-01,1.1066103198649144,1.3630706391158116
2018-08-02,1.1066103198649144,1.3508769822200883
2018-08-03,1.11803592109361,1.3648246035559843
2018-08-06,1.1206241494511873,1.36798414223931
2018-08-07,1.1208554170040506,1.3682664584334474
2018-08-08,1.1268142469299554,1.3755406054781376
2018-08-09,1.1268142469299554,1.378027390677561
2018-08-10,1.1268142469299554,1.3730778471888536
2018-08-13,1.1195433645019328,1.3642179240749661
2018-08-14,1.1273663410533037,1.3737506006727558
2018-08-16,1.1224319998258794,1.3677378664103819
2018-08-17,1.1308810116778325,1.378033397405096
2018-08-20,1.1388666588191183,1.387764296011535
2018-08-21,1.1407546235444963,1.3900648726573783
2018-08-23,1.1419228941447956,1.3914884670831353
2018-08-24,1.1393941058833885,1.3884070158577628
2018-08-27,1.1526887295500847,1.4046071600192238
2018-08-28,1.1526887295500847,1.4101994233541588
2018-08-29,1.1526887295500847,1.4046011532916889
2018-08-30,1.151200040815473,1.4027871215761674
2018-08-31,1.1515648188497818,1.4032316194137455
2018-09-03,1.1418883420748058,1.3914404132628566
2018-09-04,1.135770915850789,1.3839860643921214
2018-09-05,1.1314970975299006,1.3787782316194162
2018-09-06,1.1314970975299006,1.3859802979336882
2018-09-07,1.1314970975299006,1.3922513214800603
2018-09-10,1.1167542735205285,1.3741110043248463
2018-09-11,1.1167542735205285,1.3560187409899112
2018-09-12,1.1167542735205285,1.3659178279673259
2018-09-14,1.1167542735205285,1.3833733781835682
2018-09-17,1.1167542735205285,1.3668608841902956
2018-09-18,1.1167542735205285,1.3549855838539189
2018-09-19,1.1167542735205285,1.3496335896203773
2018-09-21,1.1167542735205285,1.3386713118692959
2018-09-24,1.1167542735205285,1.3175636713118715
2018-09-25,1.1167542735205285,1.3295831331090844
2018-09-26,1.1167542735205285,1.3279432964920732
2018-09-27,1.1167542735205285,1.3187830370014437
2018-09-28,1.1167542735205285,1.3131246996636257
2018-10-01,1.1167542735205285,1.3224771744353698
2018-10-03,1.1167542735205285,1.304450985103318
2018-10-04,1.1167542735205285,1.2733361364728517
2018-10-05,1.1167542735205285,1.2393620855358023
2018-10-08,1.1167542735205285,1.2431583373378206
2018-10-09,1.1167542735205285,1.237512013455072
2018-10-10,1.1167542735205285,1.256619413743395
2018-10-11,1.1167542735205285,1.2295350792888058
2018-10-12,1.1167542735205285,1.258109082172035
2018-10-15,1.1167542735205285,1.2629144641999064
2018-10-16,1.1167542735205285,1.2715941854877488
2018-10-17,1.1167542735205285,1.2557724651609827
2018-10-19,1.1167542735205285,1.237812349831814
2018-10-22,1.1167542735205285,1.230808505526192
2018-10-23,1.1167542735205285,1.218981259010094
2018-10-24,1.1167542735205285,1.2283457472369081
2018-10-25,1.1167542735205285,1.2163503123498347
2018-10-26,1.1167542735205285,1.2049495434887103
2018-10-29,1.1167542735205285,1.2314812590100943
2018-10-30,1.1167542735205285,1.225180201826048
2018-10-31,1.1167542735205285,1.2477895242671821
2018-11-01,1.1167542735205285,1.247050696780397
2018-11-02,1.1167542735205285,1.2677799135031262
2018-11-05,1.113685395103766,1.2642960115329196
2018-11-06,1.1143203354658548,1.2650168188371003
2018-11-07,1.1215586555936672,1.27323402210476
2018-11-09,1.120161786797072,1.2716482460355625
2018-11-12,1.1092619772478807,1.2592743873137942
2018-11-13,1.1092619772478807,1.2713238827486812
2018-11-14,1.1092619772478807,1.270579048534361
2018-11-15,1.1092619772478807,1.2754324843825113
2018-11-16,1.1092619772478807,1.2833012974531506
2018-11-19,1.1092619772478807,1.2930562229697289
2018-11-20,1.1092619772478807,1.280177799135034
2018-11-21,1.1092619772478807,1.2734322441134096
2018-11-22,1.1092619772478807,1.2646263815473358
2018-11-26,1.1092619772478807,1.2768620855358028
2018-11-27,1.1092619772478807,1.2837097549255192
2018-11-28,1.1092619772478807,1.288905574243155
2018-11-29,1.1092619772478807,1.3045050456511318
2018-11-30,1.1092619772478807,1.3066734742912085
2018-12-03,1.1092619772478807,1.307514416146086
2018-12-04,1.1092619772478807,1.305802498798657
2018-12-05,1.1092619772478807,1.2953988467083157
2018-12-06,1.1092619772478807,1.273564392119176
2018-12-07,1.1092619772478807,1.2846828447861631
2018-12-10,1.1092619772478807,1.260025228255649
2018-12-11,1.1092619772478807,1.2673173954829435
2018-12-12,1.1092619772478807,1.2899567515617518
2018-12-13,1.1092619772478807,1.2964380105718432
2018-12-14,1.1092619772478807,1.2981078808265287
2018-12-17,1.1092619772478807,1.3080670350792918
2018-12-18,1.1092619772478807,1.3105117731859715
2018-12-19,1.1092619772478807,1.3175516578568025
2018-12-20,1.1092619772478807,1.3156775588659329
2018-12-21,1.1092619772478807,1.2919269581931792
2018-12-24,1.1092619772478807,1.2810547813551205
2018-12-26,1.1092619772478807,1.289025708793852
2018-12-27,1.1092619772478807,1.295026429601156
2018-12-28,1.1092619772478807,1.3046492071119682
2018-12-31,1.1092619772478807,1.3049675636713147
2019-01-02,1.1092619772478807,1.2965521383950054
2019-01-03,1.1092619772478807,1.2821059586737173
2019-01-04,1.1092619772478807,1.28872537241711
2019-01-07,1.1092619772478807,1.2940653531955817
2019-01-08,1.1092619772478807,1.2977114368092288
2019-01-09,1.1092619772478807,1.3040785679961582
2019-01-10,1.1092619772478807,1.3000480538202812
2019-01-11,1.1092619772478807,1.296846468044212
2019-01-14,1.1092619772478807,1.2899567515617516
2019-01-15,1.1092619772478807,1.3078808265257111
2019-01-16,1.1092619772478807,1.3083012974531498
2019-01-17,1.1092619772478807,1.310091302258532
2019-01-18,1.1092619772478807,1.3103015377222513
2019-01-21,1.1092619772478807,1.3168969245555047
2019-01-22,1.1092619772478807,1.3121996636232605
2019-01-23,1.1092619772478807,1.3012373858721793
2019-01-24,1.1092619772478807,1.3034358481499302
2019-01-25,1.1092619772478807,1.295116530514178
2019-01-28,1.1092619772478807,1.2808205189812611
2019-01-29,1.1092619772478807,1.2796972609322463
2019-01-30,1.1092619772478807,1.2796492071119674
2019-01-31,1.1092619772478807,1.3011713118692958
2019-02-01,1.1092619772478807,1.3087037481979837
2019-02-04,1.1092619772478807,1.3109382508409437
2019-02-05,1.1092619772478807,1.3135932244113426
2019-02-06,1.1092619772478807,1.3289824603556004
2019-02-07,1.1092619772478807,1.3298173954829429
2019-02-08,1.1092619772478807,1.314704469005288
2019-02-11,1.1092619772478807,1.3081210956271043
2019-02-12,1.1092619772478807,1.3012253724171092
2019-02-14,1.1092619772478807,1.2909718885151389
2019-02-15,1.1092619772478807,1.2883709754925536
2019-02-18,1.1092619772478807,1.2783457472369075
2019-02-19,1.1092619772478807,1.2739488226814053
2019-02-20,1.1092619772478807,1.2896984622777532
2019-02-21,1.1092619772478807,1.296233781835658
2019-02-22,1.1092619772478807,1.2964500240269121
2019-02-25,1.1092619772478807,1.3070759250360424
2019-02-26,1.1092619772478807,1.3016938971648264
2019-02-27,1.1092619772478807,1.2982520422873638
2019-02-28,1.1092619772478807,1.2965521383950045
2019-03-01,1.1092619772478807,1.305081691494476
2019-03-05,1.1092619772478807,1.319972369053342
2019-03-06,1.1092619772478807,1.327847188851516
2019-03-07,1.1092619772478807,1.3284718885151394
2019-03-08,1.1092619772478807,1.3257328207592527
2019-03-11,1.1092619772478807,1.3416686689091806
2019-03-12,1.1092619772478807,1.3576645843344572
2019-03-13,1.1092619772478807,1.3625300336376769
2019-03-14,1.1092619772478807,1.3627162421912569
2019-03-15,1.1092619772478807,1.3727594906295075
2019-03-18,1.1092619772478807,1.3770062469966386
2019-03-19,1.1092619772478807,1.3854396924555525
2019-03-20,1.1092619772478807,1.384076165305144
2019-03-22,1.1092619772478807,1.3763695338779456
2019-03-25,1.0993233601730616,1.364037722248921
2019-03-26,1.1118131955617774,1.379535079288806
2019-03-27,1.1081146551598475,1.3749459394521888
2019-03-28,1.1202123678096154,1.3899567515617517
2019-04-01,1.12981211338164,1.4018680922633375
2019-04-02,1.12981211338164,1.4071600192215308
2019-04-03,1.12981211338164,1.3988407015857787
2019-04-04,1.1253535862830275,1.3933205189812614
2019-04-05,1.1319467727106818,1.4014836617011077
2019-04-08,1.12598428108479,1.3941013935607904
2019-04-09,1.1325289525276931,1.4022044690052884
2019-04-10,1.1240242757008514,1.3916746756367153
2019-04-11,1.125227447322675,1.3931643440653554
2019-04-12,1.1297635983968888,1.3987806343104299
2019-04-15,1.1343143039665278,1.4044149447381087
2019-04-16,1.1437068050143115,1.4160439692455569
2019-04-18,1.1437068050143115,1.4119173474291224
2019-04-22,1.1282972028281077,1.3928940413262874
2019-04-23,1.126496901972757,1.390671552138397
2019-04-24,1.141113398647009,1.4087157616530532
2019-04-25,1.1329049998822076,1.3985824123017798
2019-04-26,1.1438868350998466,1.4121395963479115
2019-04-30,1.14325429696148,1.4113587217683825
2019-05-02,1.1409771596633609,1.4085475732820778
2019-05-03,1.1397607401665024,1.4070458913983679
2019-05-06,1.1286669943551526,1.393350552618935
2019-05-07,1.1189015786343723,1.381295050456513
2019-05-08,1.1189015786343723,1.3646624219125438
2019-05-09,1.1189015786343723,1.3577366650648743
2019-05-10,1.1189015786343723,1.354985583853918
2019-05-13,1.1189015786343723,1.3392839980778488
2019-05-14,1.1189015786343723,1.348155934646806
2019-05-15,1.1189015786343723,1.3403411821239803
2019-05-16,1.1189015786343723,1.3523666506487282
2019-05-17,1.1189015786343723,1.37039283998078
2019-05-20,1.1189015786343723,1.4209814992791943
2019-05-21,1.107630501079004,1.406667467563673
2019-05-22,1.1103548572149218,1.4101273426237402
2019-05-23,1.1027067949375273,1.4004144641999055
2019-05-24,1.1204009204661187,1.4228856319077383
2019-05-27,1.1280300636036802,1.4325744834214336
2019-05-28,1.1284084464003354,1.4330550216242208
2019-05-29,1.1220090473519035,1.4249279192695836
2019-05-30,1.1300307626409947,1.4351153291686705
2019-05-31,1.1278456019903105,1.4323402210475749
2019-06-03,1.1435248391267125,1.4522525228255663
2019-06-04,1.1371963868526536,1.4442155213839516
2019-06-06,1.1203678119714113,1.4228435848149943
2019-06-07,1.122912436278918,1.4260752042287377
2019-06-10,1.1278361424203946,1.4323282075925052
2019-06-11,1.1318942979145223,1.4374819798173972
2019-06-12,1.1262753133841918,1.4303459875060085
2019-06-13,1.1270178896226277,1.4312890437289782
2019-06-14,1.1184333299235116,1.4203868332532454
2019-06-17,1.1041351899949015,1.4022284959154272
2019-06-18,1.1041351899949015,1.4045530994714102
2019-06-19,1.1041351899949015,1.4045470927438755
2019-06-20,1.1173850578176507,1.4214019702066336
2019-06-21,1.1173850578176507,1.4084694858241253
2019-06-24,1.1173850578176507,1.405532196059589
2019-06-25,1.1173850578176507,1.4171612205670376
2019-06-26,1.1173850578176507,1.423300096107643
2019-06-27,1.1173850578176507,1.4225792888034623
2019-06-28,1.1173850578176507,1.416248197981742
2019-07-01,1.1173850578176507,1.4254685247477201
2019-07-02,1.1173850578176507,1.4308385391638663
2019-07-03,1.1173850578176507,1.4316134070158608
2019-07-04,1.1201980354948302,1.4352174435367642
2019-07-05,1.1074833763939786,1.4189271984622807
2019-07-08,1.1074833763939786,1.3885872176838088
2019-07-09,1.1074833763939786,1.3882628543969273
2019-07-10,1.1074833763939786,1.381415185007211
2019-07-11,1.1074833763939786,1.3915064872657403
2019-07-12,1.1074833763939786,1.3878543969245583
2019-07-15,1.1074833763939786,1.392161220567038
2019-07-16,1.1074833763939786,1.401081210956274
2019-07-17,1.1074833763939786,1.4040725612686236
2019-07-18,1.1074833763939786,1.3931883709754953
2019-07-19,1.1074833763939786,1.3718464680442124
2019-07-22,1.1074833763939786,1.3630706391158127
2019-07-23,1.1074833763939786,1.3612506006727563
2019-07-24,1.1074833763939786,1.3540725612686235
2019-07-25,1.1074833763939786,1.3517719846227803
2019-07-26,1.1074833763939786,1.3556343104276818
2019-07-29,1.1074833763939786,1.3442095146564181
2019-07-30,1.1074833763939786,1.3317395482940921
2019-07-31,1.1074833763939786,1.335655934646807
2019-08-01,1.1074833763939786,1.3190773666506515
2019-08-02,1.1074833763939786,1.3211617011052406
2019-08-05,1.1074833763939786,1.3049735703988494
2019-08-06,1.1074833763939786,1.3152630946660286
2019-08-07,1.1074833763939786,1.3041206150889022
2019-08-08,1.1074833763939786,1.3253784238346977
2019-08-09,1.1074833763939786,1.3346528111484892
2019-08-13,1.1074833763939786,1.312572080730421
2019-08-14,1.1074833763939786,1.3250120134550727
2019-08-16,1.1074833763939786,1.3272224891878937
2019-08-19,1.1074833763939786,1.3279553099471442
2019-08-20,1.1074833763939786,1.323522345026433
2019-08-21,1.1074833763939786,1.3117131186929396
2019-08-22,1.1074833763939786,1.2904072561268654
2019-08-23,1.1074833763939786,1.300979096588182
2019-08-26,1.1074833763939786,1.3284298414223963
2019-08-27,1.1074833763939786,1.3341362325804933
2019-08-28,1.1074833763939786,1.3270182604517091
2019-08-29,1.1074833763939786,1.3152691013935638
2019-08-30,1.1074833763939786,1.3242731859682875
2019-09-03,1.1074833763939786,1.2972008649687679
2019-09-04,1.1074833763939786,1.3028171552138423
2019-09-05,1.1074833763939786,1.3032075925036068
2019-09-06,1.1074833763939786,1.3150168188371005
2019-09-09,1.1074833763939786,1.3218464680442121
2019-09-11,1.1074833763939786,1.3257688611244622
2019-09-12,1.1074833763939786,1.3194137433926023
2019-09-13,1.1074833763939786,1.3305982700624726
2019-09-16,1.1074833763939786,1.3219005285920258
2019-09-17,1.1074833763939786,1.2995675156174944
2019-09-18,1.1074833763939786,1.302336617011055
2019-09-19,1.1074833763939786,1.2860163382988974
2019-09-20,1.1074833763939786,1.3544209514656442
2019-09-23,1.1395068974158193,1.3935848149927945
2019-09-24,1.138328117500905,1.3921432003844332
2019-09-25,1.1237898318836277,1.3743632868813096
2019-09-26,1.1366581792881099,1.3901009130225879
2019-09-27,1.1308821577050294,1.3830370014416171
2019-09-30,1.1271542662241127,1.3784778952426744
2019-10-01,1.1271542662241127,1.3647164824603581
2019-10-03,1.1271542662241127,1.3592023065833758
2019-10-04,1.1271542662241127,1.342473570398849
2019-10-07,1.1271542662241127,1.3366650648726597
2019-10-09,1.1271542662241127,1.359118212397888
2019-10-10,1.1271542662241127,1.3496576165305165
2019-10-11,1.1271542662241127,1.3581271023546395
2019-10-14,1.1271542662241127,1.3624639596347934
2019-10-15,1.1271542662241127,1.3729336857280179
2019-10-16,1.1271542662241127,1.3772224891878933
2019-10-17,1.1271542662241127,1.3919209514656445
2019-10-18,1.1271542662241127,1.4009911100432515
2019-10-22,1.1271542662241127,1.3921612205670382
2019-10-23,1.1271542662241127,1.3940533397405124
2019-10-24,1.1271542662241127,1.3914704469005317
2019-10-25,1.1271542662241127,1.3916266218164375
2019-10-29,1.1271542662241127,1.4160079288803493
2019-10-30,1.1326289758998387,1.42288563190774
2019-10-31,1.1358181735886679,1.4268921191734778
2019-11-01,1.1370756833220441,1.4284718885151404
2019-11-04,1.1419240288339971,1.4345627102354672
2019-11-05,1.139619391223779,1.4316674675636751
2019-11-06,1.1442908247200096,1.4375360403652127
2019-11-07,1.1486897180839117,1.4430622296972644
2019-11-08,1.1387539567684895,1.430580249879869
2019-11-11,1.1392607857865042,1.431216962998562
2019-11-13,1.1322799332742248,1.422447140797697
2019-11-14,1.1353065631648227,1.4262493993272503
2019-11-15,1.137539479687586,1.42905454108602
2019-11-18,1.136492351810744,1.42773906775589
2019-11-19,1.1418092750940692,1.4344185487746313
2019-11-20,1.1474513339738566,1.4415064872657413
2019-11-21,1.1445155507940348,1.4378183565593499
2019-11-22,1.13935163249728,1.4313310908217238
2019-11-25,1.1545899728785365,1.4504745314752558
2019-11-26,1.15114257927487,1.4461436809226371
2019-11-27,1.1571671506210837,1.4537121576165344
2019-11-28,1.1619915891038848,1.4597729456991868
2019-11-29,1.1619915891038848,1.448348149927923
2019-12-02,1.1612349869021301,1.4474050937049534
2019-12-03,1.156030334813626,1.4409178279673274
2019-12-04,1.160753074671713,1.4468044209514694
2019-12-05,1.1583627900088442,1.443825084094189
2019-12-06,1.149023330983362,1.432184046131671
2019-12-09,1.149023330983362,1.4341061989428197
2019-12-10,1.149023330983362,1.4244113407015893
2019-12-11,1.149023330983362,1.4308205189812626
2019-12-12,1.149023330983362,1.4382268140317191
2019-12-13,1.149023330983362,1.4520302739067794
2019-12-16,1.149023330983362,1.44809586737146
2019-12-17,1.149023330983362,1.4614368092263372
2019-12-18,1.149023330983362,1.4682424315233098
2019-12-19,1.1526006170080736,1.4728135511773224
2019-12-20,1.153738203365472,1.4742671792407533
2019-12-23,1.153738203365472,1.4731799615569474
2019-12-24,1.1492033167044686,1.4673894762133624
2019-12-26,1.1409238555806456,1.4568176357520457
2019-12-27,1.1521434662512808,1.4711436809226368
2019-12-30,1.1530890183455358,1.4723510331571397
2019-12-31,1.1448660080930115,1.461851273426241
2020-01-01,1.1448660080930115,1.463539163863531
2020-01-02,1.1448660080930115,1.4755165785680002
2020-01-03,1.1448660080930115,1.468843104276794
2020-01-06,1.1448660080930115,1.440779673234026
2020-01-07,1.1448660080930115,1.4479757328207632
2020-01-08,1.1448660080930115,1.444660019221532
2020-01-09,1.1448660080930115,1.4675516578568033
2020-01-10,1.1448660080930115,1.4724651609803014
2020-01-13,1.1448660080930115,1.4812049495434922
2020-01-14,1.1448660080930115,1.4851393560788118
2020-01-15,1.1448660080930115,1.482856799615573
2020-01-16,1.1448660080930115,1.4843224411340739
2020-01-17,1.1448660080930115,1.483944017299379
2020-01-20,1.1448660080930115,1.4685908217203303
2020-01-21,1.1448660080930115,1.4620194617972164
2020-01-22,1.1448660080930115,1.454456991830854
2020-01-23,1.1448660080930115,1.4632808745795325
2020-01-24,1.1448660080930115,1.4714380105718439
2020-01-27,1.1448660080930115,1.455910619894285
2020-01-28,1.1448660080930115,1.4483181162902483
2020-01-29,1.1448660080930115,1.4571720326766013
2020-01-30,1.1448660080930115,1.445915425276313
2020-01-31,1.1448660080930115,1.4370615088899603
2020-02-03,1.1448660080930115,1.4065233061028386
2020-02-04,1.1448660080930115,1.439169870254689
2020-02-05,1.1448660080930115,1.4523246035559865
2020-02-06,1.1448660080930115,1.4581871696299895
2020-02-07,1.1448660080930115,1.453429841422397
2020-02-10,1.1448660080930115,1.4453988467083172
2020-02-11,1.1448660080930115,1.4545771263815512
2020-02-12,1.1448660080930115,1.465785679961561
2020-02-13,1.1448660080930115,1.4625961076405614
2020-02-14,1.1448660080930115,1.4552438731379185
2020-02-17,1.1448660080930115,1.447116770783281
2020-02-18,1.1448660080930115,1.4407135992311428
2020-02-19,1.1448660080930115,1.4567395482940932
2020-02-20,1.1448660080930115,1.4513274867852033
2020-02-24,1.1448660080930115,1.4211196540124977
2020-02-25,1.1448660080930115,1.417335415665549
2020-02-26,1.1448660080930115,1.4029913503123534
2020-02-27,1.1448660080930115,1.397561268620859
2020-02-28,1.1448660080930115,1.3457172032676632
2020-03-02,1.1448660080930115,1.3374279192695853
2020-03-03,1.1448660080930115,1.3579168668909212
2020-03-04,1.1448660080930115,1.3516338298894797
2020-03-05,1.1448660080930115,1.3537962518020217
2020-03-06,1.1448660080930115,1.3202126381547368
2020-03-09,1.1448660080930115,1.2555802498798687
2020-03-11,1.1448660080930115,1.2564151850072114
2020-03-12,1.1448660080930115,1.1521083613647316
2020-03-13,1.1448660080930115,1.1959634790965916
2020-03-16,1.1448660080930115,1.104925516578571
2020-03-17,1.1448660080930115,1.0772525228255674
2020-03-18,1.1448660080930115,1.0173954829408964
2020-03-19,1.1448660080930115,0.9927258529553127
2020-03-20,1.1448660080930115,1.050630706391161
2020-03-23,1.1448660080930115,0.9142539644401755
2020-03-24,1.1448660080930115,0.9371756367131212
2020-03-25,1.1448660080930115,0.9992611725132174
2020-03-26,1.1448660080930115,1.0381367131186956
2020-03-27,1.1448660080930115,1.0403952426717948
2020-03-30,1.1448660080930115,0.9948462277751104
2020-03-31,1.1448660080930115,1.032886833253246
2020-04-01,1.1448660080930115,0.9915665545410882
2020-04-03,1.1448660080930115,0.9711436809226356
2020-04-07,1.1448660080930115,1.0562469966362351
2020-04-08,1.1448660080930115,1.0510271504084598
2020-04-09,1.1448660080930115,1.0946540124939956
2020-04-13,1.1448660080930115,1.0804721287842407
2020-04-15,1.1448660080930115,1.0722369053339762
2020-04-16,1.1448660080930115,1.0803459875060089
2020-04-17,1.1448660080930115,1.113256847669392
2020-04-20,1.1448660080930115,1.112668188370978
2020-04-21,1.1448660080930115,1.0789824603556006
2020-04-22,1.1448660080930115,1.1037121576165327
2020-04-23,1.1448660080930115,1.118921191734745
2020-04-24,1.1448660080930115,1.0997597308986085
2020-04-27,1.1448660080930115,1.1151249399327265
2020-04-28,1.157027195341643,1.1269702066314293
2020-04-29,1.157027195341643,1.1476874098990892
2020-04-30,1.157027195341643,1.1845146564151874
2020-05-04,1.157027195341643,1.1164704469005309
2020-05-05,1.157027195341643,1.1059106198942839
2020-05-06,1.157027195341643,1.1137554060547836
2020-05-07,1.157027195341643,1.10512373858722
2020-05-08,1.157027195341643,1.1114247957712662
2020-05-11,1.157027195341643,1.109947140797696
2020-05-12,1.157027195341643,1.1048234022104781
2020-05-13,1.157027195341643,1.127288563190776
2020-05-14,1.157027195341643,1.0983601633829914
2020-05-15,1.157027195341643,1.0976513695338805
2020-05-18,1.157027195341643,1.05997717443537
2020-05-19,1.157027195341643,1.0666866890917852
2020-05-20,1.157027195341643,1.0892059106198966
2020-05-21,1.157027195341643,1.093975252282559
2020-05-22,1.157027195341643,1.0859262373858747
2020-05-26,1.157027195341643,1.0847008649687675
2020-05-27,1.157027195341643,1.1190473330129773
2020-05-28,1.157027195341643,1.1400888995675182
2020-05-29,1.157027195341643,1.1509250360403678
2020-06-01,1.157027195341643,1.1804601153291714
2020-06-02,1.157027195341643,1.1988346948582442
2020-06-03,1.157027195341643,1.2087397885631936
2020-06-04,1.157027195341643,1.2048414223930832
2020-06-05,1.157027195341643,1.2184226333493542
2020-06-08,1.157027195341643,1.221462037481983
2020-06-09,1.157027195341643,1.2069497837578116
2020-06-10,1.157027195341643,1.2152991350312379
2020-06-11,1.157027195341643,1.1895723209995224
2020-06-12,1.157027195341643,1.198089860643924
2020-06-15,1.157027195341643,1.1789644401729966
2020-06-16,1.157027195341643,1.1910139356078837
2020-06-17,1.157027195341643,1.1870675156174946
2020-06-18,1.157027195341643,1.212355838539167
2020-06-19,1.157027195341643,1.2307063911581004
2020-06-22,1.157027195341643,1.2387313791446455
2020-06-23,1.157027195341643,1.257928880345991
2020-06-24,1.157027195341643,1.2380225852955342
2020-06-25,1.157027195341643,1.236052378664107
2020-06-26,1.157027195341643,1.247357039884674
2020-06-29,1.157027195341643,1.2388755406054812
2020-06-30,1.157027195341643,1.2376381547333044
2020-07-01,1.157027195341643,1.2530093704949574
2020-07-02,1.157027195341643,1.2676237385872209
2020-07-03,1.157027195341643,1.2743092263334967
2020-07-06,1.157027195341643,1.2930862566074035
2020-07-07,1.157027195341643,1.2974111004324875
2020-07-08,1.157027195341643,1.2861304661220598
2020-07-09,1.1686669056784524,1.2990689572321032
2020-07-10,1.1637602868363806,1.2936148486304693
2020-07-13,1.1675050961508695,1.2977775108121128
2020-07-14,1.1463925853403247,1.2743092263334965
2020-07-15,1.147565202398397,1.2756126862085566
2020-07-16,1.1607233707689313,1.2902390677558897
2020-07-17,1.1782045513351234,1.3096708313310939
2020-07-20,1.191227625574543,1.324147044690056
2020-07-21,1.2063635720245904,1.34097188851514
2020-07-22,1.2063635720245904,1.3374098990869805
2020-07-23,1.215341458766433,1.3473630466122086
2020-07-24,1.215341458766433,1.3448041806823672
2020-07-27,1.2085721605210025,1.3373137914464228
2020-07-28,1.2268932363656924,1.3575864968765046
2020-07-29,1.2268932363656924,1.3458493512734293
2020-07-30,1.215864957945288,1.3337518020182635
2020-07-31,1.2127218438373875,1.330303940413266
2020-08-03,1.1928063281397656,1.3084574723690563
2020-08-04,1.2151092963653396,1.3329228736184555
2020-08-05,1.2158101998597843,1.333691734742915
2020-08-06,1.226597542703973,1.3455249879865478
2020-08-07,1.2281198174809702,1.347194858241233
2020-08-10,1.2342636746744626,1.3539344065353225
2020-08-11,1.2399968462266788,1.3602234502642991
2020-08-12,1.2384526682154802,1.3585295530994743
2020-08-13,1.2375820146559748,1.3575744834214352
2020-08-14,1.2242155659845713,1.342912061508893
2020-08-17,1.2317393269327517,1.3511653051417618
2020-08-18,1.2468799375744686,1.3677739067755919
2020-08-19,1.2494042853161798,1.3705430081691525
2020-08-20,1.2388688296653072,1.3589860643921223
2020-08-21,1.2453740902231227,1.3661220567035113
2020-08-24,1.255761699043136,1.377516818837101
2020-08-25,1.2563968928349765,1.3782135992311424
2020-08-26,1.2648679686623674,1.3875060067275384
2020-08-27,1.2659247997125849,1.3886653051417623
2020-08-28,1.2756005534210526,1.3992791926958228
2020-08-31,1.2756005534210526,1.36803219605959
2020-09-01,1.2848700107905886,1.3779733301297485
2020-09-02,1.2921231511492286,1.385752042287365
2020-09-03,1.2912774181807696,1.3848450264296046
2020-09-04,1.2695908085524652,1.3615869774147078
2020-09-07,1.2695908085524652,1.3641338298894794
2020-09-08,1.2695908085524652,1.3596047573282108
2020-09-09,1.2695908085524652,1.3548774627582925
2020-09-10,1.2695908085524652,1.3754505045651162
2020-09-11,1.2695908085524652,1.3772765497357076
2020-09-14,1.2695908085524652,1.374345266698706
2020-09-15,1.2695908085524652,1.3841662662181677
2020-09-16,1.2695908085524652,1.3941074002883262
2020-09-17,1.2695908085524652,1.3834814992791962
2020-09-18,1.2695908085524652,1.3821419990389272
2020-09-21,1.2695908085524652,1.351579769341666
2020-09-22,1.2695908085524652,1.339938731379148
2020-09-23,1.2695908085524652,1.3373197981739584
2020-09-24,1.2695908085524652,1.2981198942815988
2020-09-25,1.2695908085524652,1.3275168188371012
2020-09-28,1.2695908085524652,1.3488166746756403
2020-09-29,1.2695908085524652,1.348197981739552
2020-09-30,1.2695908085524652,1.3512193656895761
2020-10-01,1.2695908085524652,1.371570158577611
2020-10-05,1.2695908085524652,1.381949783757813
2020-10-06,1.2695908085524652,1.4010571840461357
2020-10-07,1.2695908085524652,1.4102414704469046
2020-10-08,1.2695908085524652,1.4217443536761214
2020-10-09,1.2695908085524652,1.4313070639115852
2020-10-12,1.2695908085524652,1.4333193176357564
2020-10-13,1.2699685695329708,1.43374579529073
2020-10-14,1.2738579114590196,1.4381367131186973
2020-10-15,1.2429240756750963,1.4032135992311434
2020-10-16,1.2516604634214332,1.4130766458433492
2020-10-19,1.2634295801661937,1.426363527150413
2020-10-20,1.265956854331547,1.4292167227294614
2020-10-21,1.2703037658959544,1.4341242191254249
2020-10-22,1.2659196102912154,1.4291746756367176
2020-10-23,1.2695269616261826,1.4332472369053384
2020-10-26,1.2522244446035957,1.4137133589620416
2020-10-27,1.2522244446035957,1.4283277270543049
2020-10-28,1.2522244446035957,1.4091302258529594
2020-10-29,1.2522244446035957,1.4020663142719887
2020-10-30,1.2522244446035957,1.3986544930322002
2020-11-02,1.2522244446035957,1.4018680922633393
2020-11-03,1.2522244446035957,1.4192095146564196
2020-11-04,1.2522244446035957,1.4306222969726137
2020-11-05,1.2522244446035957,1.456066794810192
2020-11-06,1.2522244446035957,1.4732760691975058
2020-11-09,1.2522244446035957,1.4970026429601198
2020-11-10,1.2522244446035957,1.5174315233061075
2020-11-11,1.2522244446035957,1.5316134070158625
2020-11-12,1.2522244446035957,1.5246035559827054
2020-11-13,1.2522244446035957,1.5281054781355166
2020-11-17,1.2522244446035957,1.5466362325804952
2020-11-18,1.2522244446035957,1.5543308505526239
2020-11-19,1.2522244446035957,1.534322441134075
2020-11-20,1.2607888334661688,1.5448161941374388
2020-11-23,1.2673971884671698,1.5529132628544018
2020-11-24,1.2673971884671698,1.5683745795290773
2020-11-25,1.2673971884671698,1.5447381066794856
2020-11-26,1.280072737403031,1.5601874098990915
2020-11-27,1.2782936265298406,1.5580189812590146
2020-12-01,1.2921026810081775,1.5748498318116333
2020-12-02,1.2925659397951024,1.5754144641999082
2020-12-03,1.294552038636919,1.5778351753964481
2020-12-04,1.3068382530603646,1.592809947140802
2020-12-07,1.3068382530603646,1.6044870254685293
2020-12-08,1.3068382530603646,1.6089560307544495
2020-12-09,1.3068382530603646,1.625312349831816
2020-12-10,1.3068382530603646,1.6192095146564196
2020-12-11,1.3068382530603646,1.6234802979336904
2020-12-14,1.3068382530603646,1.6288022585295578
2020-12-15,1.3068382530603646,1.6299675636713167
2020-12-16,1.3068382530603646,1.6437650168188418
2020-12-17,1.3068382530603646,1.6507328207592549
2020-12-18,1.3068382530603646,1.653117491590586
2020-12-21,1.3068382530603646,1.6012013455069722
2020-12-22,1.3068382530603646,1.6177679000480583
2020-12-23,1.3068382530603646,1.6339620374819843
2020-12-24,1.3210729904853444,1.6517599711677124
2020-12-28,1.332982512617145,1.6666506487265784
2020-12-29,1.338689859245858,1.6737866410379674
2020-12-30,1.3434315689449654,1.6797152811148535
2020-12-31,1.3434315689449654,1.679691254204714
2021-01-01,1.3434315689449654,1.6841061989428208
2021-01-04,1.3434315689449654,1.6978495915425327
2021-01-05,1.3434315689449654,1.7058505526189383
2021-01-06,1.3434315689449654,1.6994533877943345
2021-01-07,1.3434315689449654,1.6983841902931334
2021-01-08,1.3434315689449654,1.7236004324843877
2021-01-11,1.3434315689449654,1.740118933205195
2021-01-12,1.3434315689449654,1.7495735223450317
2021-01-13,1.3434315689449654,1.7497417107160071
2021-01-14,1.3434315689449654,1.7534358481499333
2021-01-15,1.3434315689449654,1.7339860643921245
2021-01-18,1.3292467811838775,1.715677558865935
2021-01-19,1.351571068221259,1.744491830850558
2021-01-20,1.363070612367469,1.7593344545891454
2021-01-21,1.3580119298555586,1.7528051417587753
2021-01-22,1.3376794699709809,1.7265617491590635
2021-01-25,1.3253003572923412,1.7105838539163916
2021-01-27,1.3000395213451021,1.6779793368572853
2021-01-28,1.3000395213451021,1.659965160980303
2021-01-29,1.3000395213451021,1.637986544930327
2021-02-01,1.3000395213451021,1.7156655454108656
2021-02-02,1.3000395213451021,1.7597128784238403
2021-02-03,1.3126513118797634,1.7767839980778528
2021-02-04,1.3220324959720482,1.7894822200865024
2021-02-05,1.324570829605344,1.7929180682364305
2021-02-08,1.3415714522437279,1.8159298414223985
2021-02-09,1.3409945582361606,1.8151489668428695
2021-02-10,1.3407460500482855,1.8148125901009184
2021-02-11,1.3466747453875914,1.822837578087463
2021-02-12,1.3457872161451803,1.8216362325804951
2021-02-15,1.359224408875284,1.839824603555988
2021-02-16,1.3591134677199825,1.8396744353676169
2021-02-17,1.3498343494905747,1.8271143680922683
2021-02-18,1.3418510239550872,1.816308265257093
2021-02-19,1.3296741227492073,1.7998258049014946
2021-02-22,1.3025112902852165,1.763058625660745
2021-02-23,1.3025112902852165,1.7669149447381114
2021-02-24,1.3025112902852165,1.799855838539169
2021-02-25,1.3125396361225148,1.8137133589620429
2021-02-26,1.3125396361225148,1.745452907256132
2021-03-01,1.3125396361225148,1.7733721768380637
2021-03-02,1.3125396361225148,1.7922993753003418
2021-03-03,1.3125396361225148,1.8315233061028406
2021-03-04,1.3125396361225148,1.8117191254204763
2021-03-05,1.3125396361225148,1.7945819317635805
2021-03-08,1.3125396361225148,1.7967563671311924
2021-03-09,1.3125396361225148,1.8138395002402743
2021-03-10,1.3125396361225148,1.8230177799135086
2021-03-12,1.3125396361225148,1.8057364247957768
2021-03-15,1.3125396361225148,1.7935487746275882
2021-03-16,1.3125396361225148,1.7912602114368146
2021-03-17,1.3125396361225148,1.7685367611725182
2021-03-18,1.3125396361225148,1.7489007688611296
2021-03-19,1.3125396361225148,1.7712638154733353
2021-03-22,1.3125396361225148,1.7703507928880398
2021-03-23,1.3125396361225148,1.7797633349351325
2021-03-24,1.3125396361225148,1.7478856319077416
2021-03-25,1.3125396361225148,1.7209154252763144
2021-03-26,1.3125396361225148,1.7428279673234068
2021-03-30,1.3125396361225148,1.7834094185487797
2021-03-31,1.3125396361225148,1.764860643921197
2021-04-01,1.3125396361225148,1.7860824123017833
2021-04-05,1.3125396361225148,1.7585055261893372
2021-04-06,1.3125396361225148,1.7639956751561803
2021-04-07,1.3125396361225148,1.7802799135031289
2021-04-08,1.3125396361225148,1.7868572801537776
2021-04-09,1.3125396361225148,1.7821780394041382
2021-04-12,1.3125396361225148,1.7192215281114902
2021-04-13,1.3125396361225148,1.7425276309466657
2021-04-15,1.3125396361225148,1.751735944257574
2021-04-16,1.3125396361225148,1.7561088419029367
2021-04-19,1.3125396361225148,1.7250660740028885
2021-04-20,1.3125396361225148,1.7174915905814563
2021-04-22,1.3125396361225148,1.7306763575204278
2021-04-23,1.3125396361225148,1.7228916386352766
2021-04-26,1.3125396361225148,1.7401489668428691
2021-04-27,1.3125396361225148,1.7603375780874628
2021-04-28,1.3125396361225148,1.785746035559832
2021-04-29,1.3125396361225148,1.7893921191734794
2021-04-30,1.3125396361225148,1.7577006246996687
2021-05-03,1.3125396361225148,1.758067035079294
2021-05-04,1.3125396361225148,1.7415305141758821
2021-05-05,1.3125396361225148,1.7561088419029365
2021-05-06,1.3125396361225148,1.768957232099957
2021-05-07,1.3125396361225148,1.7807724651609853
2021-05-10,1.3125396361225148,1.7950925036040417
2021-05-11,1.3125396361225148,1.7840881787602165
2021-05-12,1.3125396361225148,1.765557424315238
2021-05-14,1.3125396361225148,1.7633109082172083
2021-05-17,1.3125396361225148,1.7927859202306635
2021-05-18,1.3125396361225148,1.8150048053820331
2021-05-19,1.3125396361225148,1.8056403171552189
2021-05-20,1.3125396361225148,1.7907316194137484
2021-05-21,1.3125396361225148,1.8230778471888567
2021-05-24,1.3125396361225148,1.825768861124465
2021-05-25,1.3125396361225148,1.8270603075444554
2021-05-26,1.3125396361225148,1.838232820759256
2021-05-27,1.3125396361225148,1.842605718404619
2021-05-28,1.3125396361225148,1.8543548774627638
2021-05-31,1.3125396361225148,1.8720326765977953
2021-06-01,1.3125396361225148,1.871077606919756
2021-06-02,1.3125396361225148,1.8712397885631968
2021-06-03,1.3125396361225148,1.8849531475252341
2021-06-04,1.3125396361225148,1.8825384430562289
2021-06-07,1.3193576975050945,1.8923173954829466
2021-06-08,1.3193576975050945,1.890929841422399
2021-06-09,1.3105774026649308,1.8783457472369112
2021-06-10,1.3191607171435251,1.8906475252282615
2021-06-11,1.3243241172595543,1.8980478135511831
2021-06-14,1.325371885140242,1.8995494954348928
2021-06-15,1.3301832352483602,1.906445218644888
2021-06-16,1.3216585957710845,1.8942275348390254
2021-06-17,1.3152755938419345,1.8850792888034655
2021-06-18,1.3152755938419345,1.8841122056703565
2021-06-21,1.3152755938419345,1.8916987025468583
2021-06-22,1.3152755938419345,1.8948522345026488
2021-06-23,1.3152755938419345,1.8845446900528653
2021-06-24,1.3152755938419345,1.896978616049982
2021-06-25,1.3152755938419345,1.9053760211436868
2021-06-28,1.3152755938419345,1.8998918789043788
2021-06-29,1.3152755938419345,1.891932964920717
2021-06-30,1.3152755938419345,1.8886953387794387
2021-07-01,1.3152755938419345,1.8837097549255224
2021-07-02,1.3152755938419345,1.8887794329649268
2021-07-05,1.3152755938419345,1.902252522825571
2021-07-06,1.3152755938419345,1.9003183565593527
2021-07-07,1.3152755938419345,1.9076946179721348
2021-07-08,1.3152755938419345,1.8894641999038981
2021-07-09,1.3152755938419345,1.8848870735223509
2021-07-12,1.3152755938419345,1.8852234502643022
2021-07-13,1.3152755938419345,1.8996095627102416
2021-07-14,1.3152755938419345,1.9046071600192278
2021-07-15,1.3152755938419345,1.9130466122056768
2021-07-16,1.3152755938419345,1.9129505045651192
2021-07-19,1.3152755938419345,1.8924074963959696
2021-07-20,1.3152755938419345,1.877955309947147
2021-07-22,1.3152755938419345,1.901015136953394
2021-07-23,1.3152755938419345,1.904859442575691
2021-07-26,1.3152755938419345,1.901063190773673
2021-07-27,1.3152755938419345,1.8916926958193243
2021-07-28,1.3152755938419345,1.8872417107160084
2021-07-29,1.3152755938419345,1.8955370014416213
2021-07-30,1.3152755938419345,1.8936869293608907
2021-08-02,1.3152755938419345,1.9083553580009676
2021-08-03,1.3152755938419345,1.9378604036520968
2021-08-04,1.3152755938419345,1.9532436328688196
2021-08-05,1.3152755938419345,1.9575444497837644
2021-08-06,1.3152755938419345,1.950768861124466
2021-08-09,1.3152755938419345,1.9531775588659364
2021-08-10,1.3152755938419345,1.955802498798661
2021-08-11,1.3152755938419345,1.9560607880826593
2021-08-12,1.3152755938419345,1.9659298414223998
2021-08-13,1.3152755938419345,1.9857160019221594
2021-08-16,1.3152755938419345,1.989794569918315
2021-08-17,1.3152755938419345,1.9959875060067338
2021-08-18,1.3152755938419345,1.990491350312356
2021-08-20,1.3152755938419345,1.9762734262373922
2021-08-23,1.318949458681121,1.9817936088419092
2021-08-24,1.329195503929037,1.9971888515137015
2021-08-25,1.3299990369352142,1.9983962037482046
2021-08-26,1.330178932384358,1.9986665064872722
2021-08-27,1.335639758685042,2.006871696299862
2021-08-30,1.335639758685042,2.03400408457473
2021-08-31,1.335639758685042,2.0581691494473877
2021-09-01,1.335639758685042,2.0514476213359027
2021-09-02,1.335639758685042,2.0704168668909246
2021-09-03,1.335639758685042,2.0811629024507514
2021-09-06,1.335639758685042,2.087674195098517
2021-09-07,1.335639758685042,2.0857880826525776
2021-09-08,1.335639758685042,2.0847549255165854
2021-09-09,1.335639758685042,2.08664704469006
2021-09-13,1.335639758685042,2.0849711677078395
2021-09-14,1.335639758685042,2.08793849111005
2021-09-15,1.335639758685042,2.104691254204716
2021-09-16,1.335639758685042,2.1179120615088967
2021-09-17,1.335639758685042,2.1125840941854945
2021-09-20,1.335639758685042,2.0899687650168253
2021-09-21,1.3483152424872653,2.109802979336864
2021-09-22,1.3483152424872653,2.1079589139836683
2021-09-23,1.3695466172225699,2.1411520903411887
2021-09-24,1.3695466172225699,2.1447861604997662
2021-09-27,1.3695466172225699,2.14501441614609
2021-09-28,1.3695466172225699,2.1322200864968828
2021-09-29,1.3666684133742437,2.127739067755893
2021-09-30,1.3594806201176333,2.116548534358488
2021-10-01,1.3528368305374485,2.106204949543495
2021-10-04,1.365121282351216,2.1253303700144226
2021-10-05,1.3752335776413807,2.1410740028832356
2021-10-06,1.361629627548622,2.119894281595393
2021-10-07,1.372768199278002,2.1372357039884733
2021-10-08,1.3808588071465544,2.149831811629031
2021-10-11,1.3847748619804032,2.1559286400768927
2021-10-12,1.3883243895145319,2.1614548294089446
2021-10-13,1.4014267759339898,2.1818536761172576
2021-10-14,1.4014267759339898,2.2030934646804483
2021-10-18,1.4014267759339898,2.2197320999519525
2021-10-19,1.4014267759339898,2.21272825564633
2021-10-20,1.4014267759339898,2.1944497837578147
2021-10-21,1.3946369918652437,2.1838178760211497
2021-10-22,1.3897882421121959,2.1762253724171137
2021-10-25,1.3905938097135724,2.17748678519943
2021-10-26,1.4015648732370831,2.1946660259490693
2021-10-27,1.3971572676466937,2.1877642960115393
2021-10-28,1.3700211475888913,2.145272705430088
2021-10-29,1.3700211475888913,2.1229757328207657
2021-11-01,1.3700211475888913,2.153970446900535
2021-11-02,1.3700211475888913,2.149080970687176
2021-11-03,1.3700211475888913,2.1419029312830435
2021-11-04,1.3700211475888913,2.1524267179240812
2021-11-08,1.3700211475888913,2.1706571359923177
2021-11-09,1.3700211475888913,2.167737866410386
2021-11-10,1.3700211475888913,2.164488226814038
2021-11-11,1.3700211475888913,2.14723690533398
2021-11-12,1.3700211475888913,2.1747657376261476
2021-11-15,1.3700211475888913,2.1755706391158163
2021-11-16,1.3700211475888913,2.162325804901496
2021-11-17,1.3700211475888913,2.150246275828935
2021-11-18,1.3700211475888913,2.1341662662181706
2021-11-22,1.3700211475888913,2.0923294089380167
2021-11-23,1.3700211475888913,2.1027570879384974
2021-11-24,1.3700211475888913,2.0921492071119716
2021-11-25,1.3700211475888913,2.1067095146564214
2021-11-26,1.3700211475888913,2.045464920711203
2021-11-29,1.3700211475888913,2.048768620855364
2021-11-30,1.3700211475888913,2.0402691013935668
2021-12-01,1.3700211475888913,2.0623378183565655
2021-12-02,1.3700211475888913,2.0905394041326346
2021-12-03,1.3700211475888913,2.065917827967329
2021-12-06,1.3700211475888913,2.03174555502163
2021-12-07,1.3700211475888913,2.0635151369533937
2021-12-08,1.3700211475888913,2.0987205670350852
2021-12-09,1.3700211475888913,2.1043789043729033
2021-12-10,1.3700211475888913,2.103712157616536
2021-12-13,1.3700211475888913,2.0865269101393618
2021-12-14,1.3700211475888913,2.0813190773666563
2021-12-15,1.3700211475888913,2.0688851513695394
2021-12-16,1.3700211475888913,2.0721287842383527
2021-12-17,1.3700211475888913,2.04050937049496
2021-12-20,1.3700211475888913,1.9959394521864546
2021-12-21,1.3700211475888913,2.014758529553105
2021-12-22,1.3700211475888913,2.036935367611731
2021-12-23,1.3700211475888913,2.0510091302258586
2021-12-24,1.3700211475888913,2.0427378664103855
2021-12-27,1.3700211475888913,2.05264896684287
2021-12-28,1.3700211475888913,2.0703087457952964
2021-12-29,1.3700211475888913,2.0679481018741046
2021-12-30,1.3700211475888913,2.066788803459881
2021-12-31,1.3700211475888913,2.0848209995194678
2022-01-03,1.3700211475888913,2.117455550216248
2022-01-04,1.3700211475888913,2.1390257087938553
2022-01-05,1.3700211475888913,2.153441854877469
2022-01-06,1.3700211475888913,2.1318957232100018
2022-01-07,1.3700211475888913,2.1399207111965466
2022-01-10,1.3700211475888913,2.162818356559353
2022-01-11,1.3700211475888913,2.1691194137433993
2022-01-12,1.3700211475888913,2.1879324843825154
2022-01-13,1.3700211475888913,2.193392599711684
2022-01-14,1.3698673205477057,2.1931463238827558
2022-01-17,1.3737955379165165,2.199435367611732
2022-01-18,1.3591594577295711,2.176003123498325
2022-01-19,1.3460541441963747,2.1550216242191325
2022-01-20,1.3324423269909815,2.1332292167227362
2022-01-21,1.3324423269909815,2.1164283998077917
2022-01-24,1.3324423269909815,2.060199423354163
2022-01-25,1.3324423269909815,2.0756787602114435
2022-01-27,1.3324423269909815,2.055520182604524
2022-01-28,1.3324423269909815,2.05453507928881
2022-01-31,1.3324423269909815,2.0831150888995738
2022-02-01,1.3324423269909815,2.111586977414711
2022-02-02,1.3324423269909815,2.135992311388762
2022-02-03,1.3324423269909815,2.10958673714561
2022-02-04,1.3324423269909815,2.1043128303700214
2022-02-07,1.3324423269909815,2.067948101874106
2022-02-08,1.3324423269909815,2.0743332532436396
2022-02-09,1.3324423269909815,2.0980057664584404
2022-02-10,1.3324423269909815,2.115070879384918
2022-02-11,1.3324423269909815,2.087307784718892
2022-02-14,1.3324423269909815,2.0234022104757394
2022-02-15,1.3324423269909815,2.084628784238354
2022-02-16,1.3324423269909815,2.0809947140797767
2022-02-17,1.3324423269909815,2.078880345987513
2022-02-18,1.3324423269909815,2.075480538202794
2022-02-21,1.3324423269909815,2.0671131667467635
2022-02-22,1.3324423269909815,2.053363767419517
2022-02-23,1.3324423269909815,2.049885872176845
2022-02-24,1.3324423269909815,1.9519401729937598
2022-02-25,1.3324423269909815,2.0012493993272535
2022-02-28,1.3324423269909815,2.0175276309466676
2022-03-02,1.3324423269909815,1.9949483421432075
2022-03-03,1.3324423269909815,1.9819858241230246
2022-03-04,1.3324423269909815,1.9516278231619482
2022-03-07,1.3324423269909815,1.9057123978856385
2022-03-08,1.3324423269909815,1.9237686208553646
2022-03-09,1.3324423269909815,1.9636412782316262
2022-03-10,1.3324423269909815,1.993620855358008
2022-03-11,1.3324423269909815,1.9978916386352783
2022-03-14,1.3324423269909815,2.0268260451705977
2022-03-15,1.3324423269909815,2.001802018260458
2022-03-16,1.3324423269909815,2.0393260451705975
2022-03-17,1.3324423269909815,2.076771984622784
2022-03-21,1.3324423269909815,2.0564151850072143
2022-03-22,1.3324423269909815,2.0801898125901075
2022-03-23,1.3324423269909815,2.0717984142239376
2022-03-24,1.3324423269909815,2.069047333012981
2022-03-25,1.3324423269909815,2.0606679481018806
2022-03-28,1.3324423269909815,2.0689572320999585
2022-03-29,1.3324423269909815,2.0813671311869357
2022-03-30,1.3324423269909815,2.102144401729944
2022-03-31,1.3324423269909815,2.0981198942816017
2022-04-01,1.3324423269909815,2.1228315713599297
2022-04-04,1.3324423269909815,2.168837097549262
2022-04-05,1.3324423269909815,2.157304180682371
2022-04-06,1.3324423269909815,2.139314031715528
2022-04-07,1.3324423269909815,2.119119413743399
2022-04-08,1.3324423269909815,2.1365148966842926
2022-04-11,1.3324423269909815,2.123372176838065
2022-04-12,1.3324423269909815,2.1059947140797752
2022-04-13,1.3324423269909815,2.0994293608841965
2022-04-18,1.3324423269909815,2.0631487265737687
2022-04-19,1.3324423269909815,2.037319798173961
2022-04-20,1.3324423269909815,2.0586917347429177
2022-04-21,1.3324423269909815,2.089452186448828
2022-04-22,1.3324423269909815,2.0629444978375835
2022-04-25,1.3324423269909815,2.036755165785685
2022-04-26,1.3324423269909815,2.066410379625185
2022-04-27,1.3324423269909815,2.046900528592028
2022-04-28,1.3324423269909815,2.071726333493517
2022-04-29,1.3324423269909815,2.054607160019226
2022-05-02,1.3324423269909815,2.050588659298419
2022-05-04,1.3324423269909815,2.0035559827006293
2022-05-05,1.3324423269909815,2.0041626621816486
2022-05-06,1.3324423269909815,1.9715581451225423
2022-05-09,1.3324423269909815,1.9584154252763144
2022-05-10,1.3324423269909815,1.950991110043253
2022-05-11,1.3324423269909815,1.942227294569923
2022-05-12,1.3324423269909815,1.8990869774147092
2022-05-13,1.3324423269909815,1.8959814992791972
2022-05-16,1.3324423269909815,1.9032075925036085
2022-05-17,1.3324423269909815,1.9533037001441662
2022-05-18,1.3324423269909815,1.9510211436809273
2022-05-19,1.3324423269909815,1.8992551657856844
2022-05-20,1.3324423269909815,1.954126621816439
2022-05-23,1.3324423269909815,1.94794569918309
2022-05-24,1.3324423269909815,1.937187650168193
2022-05-25,1.3324423269909815,1.9252522825564677
2022-05-26,1.3324423269909815,1.942593704949548
2022-05-27,1.3324423269909815,1.9644942335415714
2022-05-30,1.3324423269909815,2.001609802979342
2022-05-31,1.3324423269909815,1.992377462758294
2022-06-01,1.3324423269909815,1.984953147525233
2022-06-02,1.3324423269909815,1.997597308986069
2022-06-03,1.3324423269909815,1.9923474291206196
2022-06-06,1.3324423269909815,1.990575444497842
2022-06-07,1.3324423269909815,1.9721708313310953
2022-06-08,1.3324423269909815,1.964950744834219
2022-06-09,1.3324423269909815,1.9795891398366214
2022-06-10,1.3324423269909815,1.946395963479101
2022-06-13,1.3324423269909815,1.895050456511297
2022-06-14,1.3324423269909815,1.8899687650168233
2022-06-15,1.3324423269909815,1.885169389716487
2022-06-16,1.3324423269909815,1.8453387794329694
2022-06-17,1.3324423269909815,1.8372777510812155
2022-06-20,1.3324423269909815,1.844083373378188
2022-06-21,1.3324423269909815,1.8787602114368138
2022-06-22,1.3324423269909815,1.8516698702546897
2022-06-23,1.3324423269909815,1.8688911580970733
2022-06-24,1.3324423269909815,1.8860223450264342
2022-06-27,1.3324423269909815,1.9019762133589666
2022-06-28,1.3324423269909815,1.9041566554541136
2022-06-29,1.3324423269909815,1.898017779913508
2022-06-30,1.3324423269909815,1.8957532436328737
2022-07-01,1.3324423269909815,1.8923654493032245
2022-07-04,1.3324423269909815,1.9023726573762667
2022-07-05,1.3324423269909815,1.8994293608841957
2022-07-06,1.3324423269909815,1.9209274387313846
2022-07-07,1.3324423269909815,1.938118692936094
2022-07-08,1.3324423269909815,1.9486544930322018
2022-07-11,1.3324423269909815,1.9481018740989966
2022-07-12,1.3324423269909815,1.9291566554541142
2022-07-13,1.3324423269909815,1.9181463238827543
2022-07-14,1.3324423269909815,1.9147825564632444
2022-07-15,1.3324423269909815,1.9280634310427738
2022-07-18,1.3324423269909815,1.9556102835175453
2022-07-19,1.3324423269909815,1.9630646323882803
2022-07-20,1.3324423269909815,1.9847248918789098
2022-07-21,1.3324423269909815,1.994864247957718
2022-07-22,1.3324423269909815,2.0085836136472905
2022-07-25,1.3324423269909815,1.9979577126381602
2022-07-26,1.3324423269909815,1.9802799135031288
2022-07-27,1.3324423269909815,1.9992551657856856
2022-07-28,1.3324423269909815,2.0338298894762192
2022-07-29,1.3324423269909815,2.0612986544930383
2022-08-01,1.3324423269909815,2.083139115809713
2022-08-02,1.3324423269909815,2.0837878423834755
2022-08-03,1.3324423269909815,2.088917587698228
2022-08-04,1.3324423269909815,2.0881787602114428
2022-08-05,1.3324423269909815,2.090040845747243
2022-08-08,1.3324423269909815,2.105370014416152
2022-08-10,1.3324423269909815,2.1065293128303764
2022-08-11,1.3324423269909815,2.1214560307544517
2022-08-12,1.3324423269909815,2.126159298414231
2022-08-16,1.3324423269909815,2.1414283998077916
2022-08-17,1.3324423269909815,2.155724411340709
2022-08-18,1.3324423269909815,2.1571960595867448
2022-08-19,1.3324423269909815,2.1334034118212473
2022-08-22,1.3324423269909815,2.1012373858721842
2022-08-23,1.3390547549660092,2.1116650648726645
2022-08-24,1.3411458972230887,2.114962758289291
2022-08-25,1.3348610434449806,2.105051657856807
2022-08-26,1.3376378061142176,2.1094305622297047
2022-08-29,1.318897514848586,2.0798774627582968
2022-08-30,1.318897514848586,2.133505526189339
2022-09-01,1.3028191045528694,2.1074963959634863
2022-09-02,1.3025703162180398,2.107093945218652
2022-09-05,1.3119537210257246,2.1222729456991902
2022-09-06,1.3111962162450488,2.121047573282083
2022-09-07,1.308879142798276,2.1172993753003437
2022-09-08,1.3218272759856116,2.138244834214327
2022-09-09,1.324396851025943,2.1424014896684356
2022-09-12,1.332046164007277,2.154775348390204
2022-09-13,1.341975417848096,2.1708373378183636
2022-09-14,1.3370516367737033,2.162872417107167
2022-09-15,1.3276682319660185,2.147693416626629
2022-09-16,1.3019316357166855,2.1060607880826594
2022-09-19,1.3019316357166855,2.1170410860163456
2022-09-20,1.3019316357166855,2.140347188851521
2022-09-21,1.3019316357166855,2.128586016338306
2022-09-22,1.3019316357166855,2.117948101874106
2022-09-23,1.3019316357166855,2.0816134070158645
2022-09-26,1.3019316357166855,2.044245555021631
2022-09-27,1.3019316357166855,2.04317635752043
2022-09-28,1.3019316357166855,2.0253003363767488
2022-09-29,1.3019316357166855,2.020434887073529
2022-09-30,1.3019316357166855,2.0536220567035146
2022-10-03,1.3019316357166855,2.028754204709281
2022-10-04,1.3019316357166855,2.0752402691014002
2022-10-06,1.3019316357166855,2.082148005766465
2022-10-07,1.3019316357166855,2.0800876982220156
2022-10-10,1.3019316357166855,2.0712397885631977
2022-10-11,1.3019316357166855,2.0403111484863112
2022-10-12,1.3019316357166855,2.0571359923113954
2022-10-13,1.3019316357166855,2.044011292647772
2022-10-14,1.3019316357166855,2.0645963479096654
2022-10-17,1.3019316357166855,2.0797453147525293
2022-10-18,1.3019316357166855,2.1007868813070707
2022-10-19,1.3019316357166855,2.103826285439699
2022-10-20,1.3019316357166855,2.1100372417107227
2022-10-21,1.3019316357166855,2.1115209034118276
2022-10-24,1.3019316357166855,2.1300756847669455
2022-10-25,1.3019316357166855,2.1211376741951047
2022-10-27,1.3019316357166855,2.1308205189812655
2022-10-28,1.3019316357166855,2.1368092263335
2022-10-31,1.3019316357166855,2.1638875540605547
2022-11-01,1.3019316357166855,2.179889476213366
2022-11-02,1.3019316357166855,2.172375060067282
2022-11-03,1.3019316357166855,2.1687530033637743
2022-11-04,1.3019316357166855,2.176495675156182
2022-11-07,1.3019316357166855,2.186785199423361
2022-11-09,1.3019316357166855,2.181283037001448
2022-11-10,1.2926961455652117,2.165809706871703
2022-11-11,1.3157490188858547,2.204432964920718
2022-11-14,1.3142754993003518,2.2019641999038995
2022-11-15,1.319599529919505,2.210884190293135
2022-11-16,1.320047680645023,2.21163503123499
2022-11-17,1.315333135012574,2.2037361845266763
2022-11-18,1.31273386080457,2.199381307063918
2022-11-21,1.3021431628591298,2.1816374339260034
2022-11-22,1.3021431628591298,2.1917587698222074
2022-11-23,1.3021431628591298,2.1945278712157683
2022-11-24,1.3021431628591298,2.220579048534365
2022-11-25,1.3021431628591298,2.224020903411828
2022-11-28,1.3021431628591298,2.2300276309466667
2022-11-29,1.3060223573160992,2.2366710716001985
2022-11-30,1.31586414723134,2.253525949062957
2022-12-01,1.31586414723134,2.2600312349831877
2022-12-02,1.31586414723134,2.246047573282082
2022-12-05,1.316212536870291,2.246642239308031
2022-12-06,1.3121092811226438,2.239638395002409
2022-12-07,1.306320382576435,2.2297573282075986
2022-12-08,1.306320382576435,2.2356259010091364
2022-12-09,1.306320382576435,2.222080730418074
2022-12-12,1.306320382576435,2.2221468044209574
2022-12-13,1.306320382576435,2.2354637193656957
2022-12-14,1.306320382576435,2.241746756367137
2022-12-15,1.306320382576435,2.212265737626147
2022-12-16,1.306320382576435,2.1947381066794867
2022-12-19,1.306320382576435,2.212932484382514
2022-12-20,1.306320382576435,2.208709754925522
2022-12-21,1.306320382576435,2.186340701585781
2022-12-22,1.306320382576435,2.177721047573287
2022-12-23,1.306320382576435,2.1392119173474344
2022-12-26,1.306320382576435,2.1641758769822257
2022-12-27,1.306320382576435,2.178315713599237
2022-12-28,1.306320382576435,2.177138395002409
2022-12-29,1.306320382576435,2.1853676117251384
2022-12-30,1.306320382576435,2.1750720807304242
2023-01-02,1.306320382576435,2.186142479577133
2023-01-03,1.306320382576435,2.1903592023065896
2023-01-04,1.306320382576435,2.16758169149448
2023-01-05,1.306320382576435,2.161478856319084
2023-01-06,1.306320382576435,2.145537001441621
2023-01-09,1.306320382576435,2.1745795290725676
2023-01-10,1.306320382576435,2.1521083613647347
2023-01-11,1.306320382576435,2.149891878904379
2023-01-12,1.306320382576435,2.1453868332532493
2023-01-13,1.306320382576435,2.1572080730418124
2023-01-16,1.306320382576435,2.149789764536286
2023-01-17,1.306320382576435,2.1688250840941907
2023-01-18,1.306320382576435,2.182286160499765
2023-01-19,1.306320382576435,2.1753784238347
2023-01-20,1.306320382576435,2.1657436328688187
2023-01-23,1.306320382576435,2.176663863527156
2023-01-24,1.306320382576435,2.176633829889482
2023-01-25,1.306320382576435,2.1494413743392657
2023-01-27,1.306320382576435,2.114890677558871
2023-01-30,1.306320382576435,2.120248678519948
2023-01-31,1.306320382576435,2.1218344545891457
2023-02-01,1.306320382576435,2.116326285439698
2023-02-02,1.306320382576435,2.115617491590587
2023-02-03,1.306320382576435,2.1448882748678573
2023-02-06,1.306320382576435,2.13414223930803
2023-02-07,1.306320382576435,2.128964440172999
2023-02-08,1.306320382576435,2.1470086496876557
2023-02-09,1.306320382576435,2.149621576165311
2023-02-10,1.306320382576435,2.1451826045170646
2023-02-13,1.306320382576435,2.1348990869774203
2023-02-14,1.306320382576435,2.1539944738106733
2023-02-15,1.306320382576435,2.1643260451705966
2023-02-16,1.306320382576435,2.1667287361845324
2023-02-17,1.306320382576435,2.1557184046131725
2023-02-20,1.306320382576435,2.143753003363773
2023-02-21,1.306320382576435,2.141602594906301
2023-02-22,1.306320382576435,2.1088779432964975
2023-02-23,1.306320382576435,2.103706150889001
2023-02-24,1.306320382576435,2.0982460355598325
2023-02-27,1.306320382576435,2.089464199903898
2023-02-28,1.306320382576435,2.0788022585295587
2023-03-01,1.306320382576435,2.0964560307544504
2023-03-02,1.306320382576435,2.0809586737145658
2023-03-03,1.306320382576435,2.1136893320519032
2023-03-06,1.306320382576435,2.127757087938497
2023-03-08,1.306320382576435,2.1329168668909237
2023-03-09,1.306320382576435,2.113118692936094
2023-03-10,1.306320382576435,2.091890917827973
2023-03-13,1.306320382576435,2.060824123017785
2023-03-14,1.306320382576435,2.0474891878904424
2023-03-15,1.306320382576435,2.0389416146083668
2023-03-16,1.306320382576435,2.0405574243152382
2023-03-17,1.306320382576435,2.054306823642485
2023-03-20,1.306320382576435,2.0408938010571895
2023-03-21,1.306320382576435,2.055201826045176
2023-03-22,1.306320382576435,2.0605358000961136
2023-03-23,1.306320382576435,2.051525708793855
2023-03-24,1.306320382576435,2.035685968284484
2023-03-27,1.306320382576435,2.0405694377703085
2023-03-28,1.306320382576435,2.036484863046618
2023-03-29,1.306320382576435,2.0519822200865026
2023-03-31,1.306320382576435,2.0855057664584393
2023-04-03,1.306320382576435,2.0901069197501263
2023-04-05,1.306320382576435,2.1092083133109143
2023-04-06,1.3094528044870901,2.114265977895249
2023-04-10,1.3094528044870901,2.1172573282075984
2023-04-11,1.3094528044870901,2.1290605478135567
2023-04-12,1.3094528044870901,2.139884670831337
2023-04-13,1.3094528044870901,2.1417587698222067
2023-04-17,1.3094528044870901,2.1272044690052914
2023-04-18,1.3094528044870901,2.121594185487752
2023-04-19,1.3094528044870901,2.116620615088905
2023-04-20,1.30987643732061,2.117305382027877
2023-04-21,1.3098467087007137,2.117257328207598
2023-04-24,1.3098467087007137,2.131595386833259
2023-04-25,1.3098467087007137,2.134700864968771
2023-04-26,1.3098467087007137,2.140028832292173
2023-04-27,1.3098467087007137,2.1522164824603616
2023-04-28,1.3098467087007137,2.1702306583373443
2023-05-02,1.3158394477250213,2.1801597789524334
2023-05-03,1.3158394477250213,2.173216001922159
2023-05-04,1.3279105017332065,2.19315233061029
2023-05-05,1.3279105017332065,2.170711196540131
2023-05-08,1.3422706606816082,2.1941854877462825
2023-05-09,1.34238457187081,2.1943716962998625
2023-05-10,1.3459966589348524,2.200276309466609
2023-05-11,1.3446664702093352,2.198101874098997
2023-05-12,1.34597461160791,2.2002402691014
2023-05-15,1.3521515377062374,2.210337578087464
2023-05-16,1.3438948137663558,2.196840461316681
2023-05-17,1.3361966221090116,2.1842563671311934
2023-05-18,1.332389783656979,2.1780333974051
2023-05-19,1.337787704203346,2.1868572801537787
2023-05-22,1.3459452151719877,2.2001922152811213
2023-05-23,1.3484145157895224,2.204228736184533
2023-05-24,1.3438139735675678,2.1967083133109147
2023-05-25,1.3464412800281889,2.2010031234983245
2023-05-26,1.3595373922318998,2.2224111004324905
2023-05-29,1.366835057449793,2.234340461316681
2023-05-30,1.3694219438110198,2.2385691975012074
2023-05-31,1.3694219438110198,2.2266218164344127
2023-06-01,1.3659751889293519,2.2210175396444076
2023-06-02,1.369399778184771,2.226585776069203
2023-06-05,1.3738144320792973,2.2337638154733357
2023-06-06,1.3741949419965664,2.2343825084094244
2023-06-07,1.3836079446101675,2.2496876501681946
2023-06-08,1.3768215687070335,2.238653291686695
2023-06-09,1.371564621015058,2.2301057184046194
2023-06-12,1.374379655548639,2.2346828447861666
2023-06-13,1.3828506190466716,2.248456271023553
2023-06-14,1.38578756452462,2.2532316194137496
2023-06-15,1.380778132992421,2.2450864968765076
2023-06-16,1.3909669325247254,2.261653051417594
2023-06-19,1.3857543160852472,2.2531775588659366
2023-06-20,1.3902797981110169,2.260535800096114
2023-06-21,1.3932462977572966,2.26535920230659
2023-06-22,1.3869217057343435,2.2550756847669455
2023-06-23,1.3791083224816882,2.242371456030761
2023-06-26,1.3810071777969908,2.245458913983668
2023-06-27,1.390331517905597,2.260619894281602
2023-06-28,1.4017615925078264,2.2792047092743934
2023-06-30,1.4177910345566547,2.3052679000480603
2023-07-03,1.4177910345566547,2.3213058625660805
2023-07-04,1.4177910345566547,2.3292888034598818
2023-07-05,1.4177910345566547,2.330430081691501
2023-07-06,1.4177910345566547,2.342299375300343
2023-07-07,1.4177910345566547,2.3224171071600255
2023-07-10,1.4195585245954934,2.3253123498318184
2023-07-11,1.4256824008711368,2.335343584815
2023-07-12,1.4216413759275683,2.328724171071607
2023-07-13,1.4238012340870616,2.332262133589627
2023-07-14,1.434857214309256,2.3503724171071667
2023-07-17,1.434857214309256,2.3680261893320584
2023-07-18,1.434857214309256,2.3725672753483966
2023-07-19,1.434857214309256,2.3826465641518566
2023-07-20,1.434857214309256,2.4001862085535866
2023-07-21,1.434857214309256,2.372056703507935
2023-07-24,1.4295777827255858,2.363328928399814
2023-07-25,1.4301773052385283,2.3643200384430623
2023-07-26,1.4372771051796787,2.3760571840461377
2023-07-27,1.428673048751509,2.3618332532436392
2023-07-28,1.4276665776237203,2.3601693897164884
2023-07-31,1.435496704989728,2.3731138875540663
2023-08-01,1.434025149730687,2.3706811629024562
2023-08-02,1.4189825848604913,2.345813310908223
2023-08-03,1.4084527894513543,2.3284058145122595
2023-08-04,1.4084527894513543,2.3446660259490684
2023-08-07,1.4084527894513543,2.3543128303700196
2023-08-08,1.406551834917771,2.3511352715040896
2023-08-09,1.410986197667188,2.358547573282081
2023-08-10,1.410986197667188,2.347801537722254
2023-08-11,1.410986197667188,2.3340100913022632
2023-08-14,1.410986197667188,2.334760932244118
2023-08-16,1.410986197667188,2.3384190293128353
2023-08-17,1.410986197667188,2.3264356078808315
2023-08-18,1.410986197667188,2.3198161941374393
2023-08-21,1.410986197667188,2.3298414223930854
2023-08-22,1.410986197667188,2.3301838058625717
2023-08-23,1.410986197667188,2.3358962037482036
2023-08-24,1.410986197667188,2.329012493993278
2023-08-25,1.410986197667188,2.3144882268140368
2023-08-28,1.410986197667188,2.3193236424795822
2023-08-29,1.410986197667188,2.3237205670350844
2023-08-30,1.410986197667188,2.3242972128784287
2023-08-31,1.410986197667188,2.313046612205675
2023-09-01,1.410986197667188,2.3348510331571406
2023-09-04,1.410986197667188,2.3460836136472896
2023-09-05,1.410986197667188,2.3516218164344114
2023-09-06,1.410986197667188,2.3559646804420997
2023-09-07,1.410986197667188,2.3699002883229263
2023-09-08,1.410986197667188,2.3810607880826575
2023-09-11,1.410986197667188,2.4022525228255693
2023-09-12,1.410986197667188,2.401874098990875
2023-09-13,1.4164062274763651,2.4111004324843877
2023-09-14,1.4164062274763651,2.415076886112451
2023-09-15,1.4164062274763651,2.425798894762139
2023-09-18,1.4164062274763651,2.418704949543494
2023-09-20,1.4164062274763651,2.3908457472369107
2023-09-21,1.4050864504516272,2.3717383469485873
2023-09-22,1.4002396927315102,2.3635571840461367
2023-09-25,1.4002396927315102,2.363593224411346
2023-09-26,1.4002396927315102,2.3624098990869826
2023-09-27,1.4002396927315102,2.3686268620855406
2023-09-28,1.4002396927315102,2.3454529072561314
2023-09-29,1.4002396927315102,2.359238346948587
2023-10-03,1.4002396927315102,2.346077606919755
2023-10-04,1.4002396927315102,2.334947140797698
2023-10-05,1.4002396927315102,2.3481198942816
2023-10-06,1.4002396927315102,2.3610643921191783
2023-10-09,1.4002396927315102,2.3441074002883275
2023-10-10,1.4002396927315102,2.3654312830370063
2023-10-11,1.4002396927315102,2.3800276309466653
2023-10-12,1.4002396927315102,2.3779432964920764
2023-10-13,1.4002396927315102,2.3727835175396494
2023-10-16,1.4002396927315102,2.3704649207112016
2023-10-17,1.4002396927315102,2.38004565112927
2023-10-18,1.4002396927315102,2.363178760211442
2023-10-19,1.4002396927315102,2.3576045170591113
2023-10-20,1.4002396927315102,2.3477474771744404
2023-10-23,1.4002396927315102,2.31640437289765
2023-10-25,1.4002396927315102,2.297230898606444
2023-10-26,1.4002396927315102,2.2654072561268666
2023-10-27,1.4002396927315102,2.288232820759255
2023-10-30,1.4002396927315102,2.2994834214320083
2023-10-31,1.4002396927315102,2.2921191734742954
2023-11-01,1.4002396927315102,2.281253003363772
2023-11-02,1.4002396927315102,2.298564392119178
2023-11-03,1.4002396927315102,2.3102594906295093
2023-11-06,1.4002396927315102,2.3320218644882313
2023-11-07,1.4002396927315102,2.3314151850072125
2023-11-08,1.4002396927315102,2.335836136472854
2023-11-09,1.4002396927315102,2.330045651129269
2023-11-10,1.4002396927315102,2.333655694377707
2023-11-13,1.4002396927315102,2.3358421432003884
2023-11-15,1.4002396927315102,2.363701345506972
2023-11-16,1.4002396927315102,2.3744834214320085
2023-11-17,1.4002396927315102,2.3704709274387357
2023-11-20,1.4002396927315102,2.3659298414223975
2023-11-21,1.4002396927315102,2.37666987025469
2023-11-22,1.402253341510699,2.3800876982220127
2023-11-23,1.4015561731284492,2.3789043728976496
2023-11-24,1.4010394899619085,2.378027390677563
2023-11-28,1.4077634489785333,2.389440172993757
2023-11-29,1.4077634489785333,2.414296011532921
2023-11-30,1.4077634489785333,2.418686929360889
2023-12-01,1.4077634489785333,2.4348750600672804
2023-12-04,1.4077634489785333,2.485199423354161
2023-12-05,1.4077634489785333,2.5054180682364295
2023-12-06,1.4077634489785333,2.5153411821239837
2023-12-07,1.4077634489785333,2.5109502642960164
2023-12-08,1.4077634489785333,2.519149447381072
2023-12-11,1.4077634489785333,2.5224771744353722
2023-12-12,1.4077634489785333,2.5115809706871746
2023-12-13,1.4077634489785333,2.513977654973575
2023-12-14,1.4077634489785333,2.5447741470446954
2023-12-15,1.4077634489785333,2.577685007208079
2023-12-18,1.4077634489785333,2.573119894281601
2023-12-19,1.4077634489785333,2.577258529553105
2023-12-20,1.4077634489785333,2.540863767419516
2023-12-21,1.4147456399227039,2.553465881787608
2023-12-22,1.4210256181456067,2.5648005766458493
2023-12-26,1.4210256181456067,2.5758469485824182
2023-12-27,1.4210256181456067,2.6014836617011112
2023-12-28,1.4210256181456067,2.6163743392599774
2023-12-29,1.4210256181456067,2.6106919750120197
2024-01-01,1.4210256181456067,2.611953387794336
2024-01-02,1.4210256181456067,2.602811148486311
2024-01-03,1.4210256181456067,2.5849771744353736
2024-01-04,1.430353898280617,2.6019461797212937
2024-01-05,1.4338012343729891,2.6082172032676656
2024-01-08,1.420738340137909,2.5844545891398423
2024-01-09,1.4228417434816263,2.5882808745795347
2024-01-10,1.4277188655203557,2.597152811148492
2024-01-11,1.429601031777685,2.6005766458433497
2024-01-12,1.4459362536636662,2.6302919269581984
2024-01-15,1.4593359565974264,2.654667227294575
2024-01-16,1.4593359565974264,2.6468404613166796
2024-01-17,1.428844119266797,2.591536520903417
2024-01-18,1.4215780074927773,2.57835776069198
2024-01-19,1.4215780074927773,2.5975973089860696
2024-01-23,1.4215780074927773,2.5515136953387842
2024-01-24,1.4215780074927773,2.5773606439211965
2024-01-25,1.4215780074927773,2.5651850072080773
2024-01-29,1.4215780074927773,2.611436809226338
2024-01-30,1.4215780074927773,2.5855478135511816
2024-01-31,1.4215780074927773,2.6100072080730463
2024-02-01,1.4215780074927773,2.606613407015862
2024-02-02,1.4215780074927773,2.6253964440173037
2024-02-05,1.4215780074927773,2.6155333974050983
2024-02-06,1.4215780074927773,2.6344786160499805
2024-02-07,1.4215780074927773,2.6346107640557466
2024-02-08,1.4078000997618734,2.609076165305146
2024-02-09,1.4078000997618734,2.616830850552623
2024-02-12,1.4078000997618734,2.596834454589144
2024-02-13,1.4078000997618734,2.612115569437775
2024-02-14,1.4078000997618734,2.623744593945223
2024-02-15,1.4078000997618734,2.6322381066794858
2024-02-16,1.4078000997618734,2.647849591542532
2024-02-19,1.4078000997618734,2.6576465641518543
2024-02-20,1.4078000997618734,2.666620615088904
2024-02-21,1.4078000997618734,2.6495735223450305
2024-02-22,1.4078000997618734,2.669083373378188
2024-02-23,1.4078000997618734,2.6685127342623782
2024-02-26,1.4078000997618734,2.657622537241715
2024-02-27,1.4078000997618734,2.6667888034598795
2024-02-28,1.4078000997618734,2.6370915425276356
2024-02-29,1.4078000997618734,2.6408938010571883
2024-03-01,1.4078000997618734,2.6836556943777077
2024-03-04,1.4078000997618734,2.6916866890917874
2024-03-05,1.4078000997618734,2.6857640557424363
2024-03-06,1.4078000997618734,2.6999098990869825
2024-03-07,1.4078000997618734,2.70225252282557
2024-03-11,1.4078000997618734,2.682922873618458
2024-03-12,1.4078000997618734,2.683289283998083
2024-03-13,1.4078000997618734,2.6426838058625712
2024-03-14,1.4078000997618734,2.6605778471888564
2024-03-15,1.4078000997618734,2.645765257087943
2024-03-18,1.4078000997618734,2.649651609802984
2024-03-19,1.4078000997618734,2.621029553099476
2024-03-20,1.4078000997618734,2.6236304661220613
2024-03-21,1.4078000997618734,2.64439572321
2024-03-22,1.4078000997618734,2.6545831331090874
2024-03-26,1.4078000997618734,2.643524747717449
2024-03-27,1.4078000997618734,2.6578147525228313
2024-03-28,1.4078000997618734,2.6822320999519524
2024-04-01,1.4078000997618734,2.6984622777510876
2024-04-02,1.4078000997618734,2.6974171071600255
2024-04-03,1.4078000997618734,2.695176597789531
2024-04-04,1.4078000997618734,2.7047873618452734
2024-04-05,1.4078000997618734,2.704673234022111
2024-04-08,1.4078000997618734,2.72300576645844
2024-04-09,1.4078000997618734,2.7201765977895307
2024-04-10,1.4078000997618734,2.7335175396444082
2024-04-12,1.4078000997618734,2.705358000961083
2024-04-15,1.4078000997618734,2.675696780394048
2024-04-16,1.4078000997618734,2.660728015377229
2024-04-18,1.4078000997618734,2.642461556943783
2024-04-19,1.4078000997618734,2.6606198942816013
2024-04-22,1.4078000997618734,2.6833733781835716
2024-04-23,1.4078000997618734,2.68716962998559
2024-04-24,1.4078000997618734,2.6913022585295594
2024-04-25,1.4078000997618734,2.7114788563190833
2024-04-26,1.4078000997618734,2.6934106198942875
2024-04-29,1.4078000997618734,2.7202546852474834
2024-04-30,1.4078000997618734,2.7156234983181218
2024-05-02,1.4078000997618734,2.7208313310908276
2024-05-03,1.4078000997618734,2.7001261412782376
2024-05-06,1.4078000997618734,2.6961436809226393
2024-05-07,1.4078000997618734,2.6793008169149504
2024-05-08,1.4078000997618734,2.6793008169149504
2024-05-09,1.4078000997618734,2.637854396924561
2024-05-10,1.4078000997618734,2.6495915425276366
2024-05-13,1.4078000997618734,2.655460115329174
2024-05-14,1.4078000997618734,2.6691314271984674
2024-05-15,1.4078000997618734,2.6670530994714134
2024-05-16,1.4078000997618734,2.691476453628069
2024-05-17,1.4078000997618734,2.698954829408944
2024-05-21,1.4078000997618734,2.7065172993753066
2024-05-22,1.4078000997618734,2.71477654973571
2024-05-23,1.4078000997618734,2.759208313310914
2024-05-24,1.4078000997618734,2.7579408938010626
2024-05-27,1.4078000997618734,2.754979577126387
2024-05-28,1.4078000997618734,2.74965761653052
2024-05-29,1.4078000997618734,2.7276189332051954
2024-05-30,1.4078000997618734,2.701663863527156
2024-05-31,1.4078000997618734,2.7067155213839555
2024-06-03,1.4078000997618734,2.7947981739548355
2024-06-04,1.4078000997618734,2.6290845747236964
2024-06-05,1.4078000997618734,2.7174855838539225
2024-06-06,1.4078000997618734,2.7416386352715105
2024-06-07,1.4078000997618734,2.7979517059106263
2024-06-10,1.4078000997618734,2.7942335415665607
2024-06-11,1.4078000997618734,2.7949123017779973
2024-06-12,1.4078000997618734,2.8018921191734805
2024-06-13,1.4078000997618734,2.811016338298901
2024-06-14,1.4078000997618734,2.819029312830376
2024-06-18,1.4078000997618734,2.830117731859689
2024-06-19,1.4078000997618734,2.8250840941854936
2024-06-20,1.4078000997618734,2.831210956271029
2024-06-21,1.4078000997618734,2.823294089380111
2024-06-24,1.4078000997618734,2.8277090341182176
2024-06-25,1.4078000997618734,2.849747717443542
2024-06-26,1.4078000997618734,2.8674675636713176
2024-06-27,1.4078000997618734,2.8885752042287423
2024-06-28,1.4078000997618734,2.884502642960121
2024-07-01,1.4078000997618734,2.900282316194143
2024-07-02,1.4078000997618734,2.898107880826531
2024-07-03,1.4078000997618734,2.9176477654973625
2024-07-04,1.4078000997618734,2.9195278712157675
2024-07-05,1.4078000997618734,2.9221347909658872
2024-07-08,1.4078000997618734,2.921738346948588
2024-07-09,1.4078000997618734,2.93527150408458
2024-07-10,1.4078000997618734,2.922206871696305
2024-07-11,1.4078000997618734,2.921185728015382
2024-07-12,1.4078000997618734,2.9435547813551226
2024-07-15,1.4078000997618734,2.9537121576165357
2024-07-16,1.4078000997618734,2.956871696299861
2024-07-18,1.4078000997618734,2.979438971648251
2024-07-19,1.4078000997618734,2.947008649687656
2024-07-22,1.4078000997618734,2.9444077366650707
2024-07-23,1.4078000997618734,2.9407796732340277
2024-07-24,1.4078000997618734,2.9329048534358537
2024-07-25,1.4078000997618734,2.9320158577606974
2024-07-26,1.4078000997618734,2.9835235463719423
2024-07-29,1.4078000997618734,2.9836737145603136
2024-07-30,1.4078000997618734,2.986220567035086
2024-07-31,1.4078000997618734,2.9974951946179793
2024-08-01,1.4078000997618734,3.0046732340221123
2024-08-02,1.4078000997618734,2.969449783757816
2024-08-05,1.4078000997618734,2.889908697741477
2024-08-06,1.4078000997618734,2.8823342143200454
2024-08-07,1.4078000997618734,2.918969245555029
2024-08-08,1.4078000997618734,2.89728495915426
2024-08-09,1.4078000997618734,2.927378664103804
2024-08-12,1.4078000997618734,2.9249159058145198
2024-08-13,1.4078000997618734,2.8999279192695893
2024-08-14,1.4078000997618734,2.9004985583853986
2024-08-16,1.4078000997618734,2.948240028832299
2024-08-19,1.4078000997618734,2.9520242671792474
2024-08-20,1.4078000997618734,2.9671852474771807
2024-08-21,1.4078000997618734,2.9757568476693965
2024-08-22,1.4078000997618734,2.9807184046131736
2024-08-23,1.4078000997618734,2.9821179721287914
2024-08-26,1.4078000997618734,3.0046371936569027
2024-08-27,1.4078000997618734,3.0054961556943853
2024-08-28,1.4078000997618734,3.009652811148494
2024-08-29,1.4078000997618734,3.0216182123978936
2024-08-30,1.4078000997618734,3.0317035079288885
2024-09-02,1.4078000997618734,3.0368452666987107
2024-09-03,1.4078000997618734,3.0369834214320117
2024-09-04,1.4078000997618734,3.027234502642968
2024-09-05,1.4048055768163548,3.0207952907256206
2024-09-06,1.3884390563519962,2.985601874098999
2024-09-09,1.3884390563519962,2.9957232099952025
2024-09-10,1.3884390563519962,3.008301297453155
2024-09-11,1.3884390563519962,2.993566794810195
2024-09-12,1.3884390563519962,3.0500840941854954
2024-09-13,1.3884390563519962,3.0461917347429197
2024-09-16,1.3884390563519962,3.0494654012494067
2024-09-17,1.3884390563519962,3.0536460836136543
2024-09-18,1.3884390563519962,3.0487205670350863
2024-09-19,1.3884390563519962,3.0533157135992384
2024-09-20,1.3884390563519962,3.0983841902931357
2024-09-23,1.3884390563519962,3.116176117251329
2024-09-24,1.3884390563519962,3.1163382988947697
2024-09-25,1.3884390563519962,3.1239968765016894
2024-09-26,1.3884390563519962,3.1494533877943374
2024-09-27,1.3884390563519962,3.144996395963487
2024-09-30,1.3884390563519962,3.1007748678520017
2024-10-01,1.3876886461626337,3.099098990869782
2024-10-03,1.3582747184534232,3.0334094185487817
2024-10-04,1.3582747184534232,3.00511773185969
2024-10-07,1.3582747184534232,2.9788262854396996
2024-10-08,1.3582747184534232,3.00494353676118
2024-10-09,1.3582747184534232,3.00119533877944
2024-10-10,1.3582747184534232,3.0031775588659366
2024-10-11,1.3582747184534232,2.9990689572321068
2024-10-14,1.3582747184534232,3.0187349831811696
2024-10-15,1.3582747184534232,3.0102534839019763
2024-10-16,1.3582747184534232,2.9999159058145186
2024-10-17,1.3582747184534232,2.9733121095627166
2024-10-18,1.3582747184534232,2.9858301297453216
2024-10-21,1.3582747184534232,2.9770663142719913
2024-10-22,1.3582747184534232,2.939944738106686
2024-10-23,1.3582747184534232,2.935547813551184
2024-10-24,1.3582747184534232,2.9312109562710305
2024-10-25,1.3582747184534232,2.904949543488714
2024-10-28,1.3582747184534232,2.9239728495915496
2024-10-29,1.3582747184534232,2.9393140317155284
2024-10-30,1.3582747184534232,2.924177078327734
2024-10-31,1.3582747184534232,2.90789884670832
2024-11-01,1.3582747184534232,2.919792167227301
2024-11-04,1.3582747184534232,2.882670591061996
2024-11-05,1.3582747184534232,2.908853916386359
2024-11-06,1.3582747184534232,2.941380345987512
2024-11-07,1.3582747184534232,2.9071780394041387
2024-11-08,1.3582747184534232,2.901033157135999
2024-11-11,1.3582747184534232,2.900204228736191
2024-11-12,1.3582747184534232,2.869227534839026
2024-11-13,1.3582747184534232,2.8302558865929903
2024-11-14,1.3582747184534232,2.82709034118213
2024-11-18,1.3582747184534232,2.817611725132154
2024-11-19,1.3582747184534232,2.825384430562236
2024-11-21,1.3582747184534232,2.8051297453147592
2024-11-22,1.3582747184534232,2.8720867371456094
2024-11-25,1.3582747184534232,2.909887073522351
2024-11-26,1.3582747184534232,2.9065953868332595
2024-11-27,1.3582747184534232,2.9162542047092805
2024-11-28,1.3582747184534232,2.872915665545417
2024-11-29,1.3582747184534232,2.8989788563190833
2024-12-02,1.3582747184534232,2.916392359442582
2024-12-03,1.3582747184534232,2.938148726573769
2024-12-04,1.358846748702249,2.939386112445946
2024-12-05,1.3722283689405577,2.968332532436335
2024-12-06,1.3722283689405577,2.964656415185013
2024-12-09,1.3722283689405577,2.9575925036040425
2024-12-10,1.3722283689405577,2.956517299375306
2024-12-11,1.3722283689405577,2.9603315713599287
2024-12-12,1.3722283689405577,2.9491470446900587
2024-12-13,1.3722283689405577,2.9755285920230716
2024-12-16,1.3722283689405577,2.9635091302258587
2024-12-17,1.3722283689405577,2.9235944257568534
2024-12-18,1.3722283689405577,2.90711797212879
2024-12-19,1.3722283689405577,2.8774267179240804
2024-12-20,1.3722283689405577,2.833673714560313
2024-12-23,1.3722283689405577,2.8536100432484437
2024-12-24,1.3722283689405577,2.850510571840467
2024-12-26,1.3722283689405577,2.8532196059586794
2024-12-27,1.3722283689405577,2.860812109562716
2024-12-30,1.3722283689405577,2.8405694377703083
2024-12-31,1.3722283689405577,2.8405574243152385
2025-01-01,1.3722283689405577,2.8523426237385925
2025-01-02,1.3722283689405577,2.9058925997116827
2025-01-03,1.3722283689405577,2.8837998558385443
2025-01-06,1.3722283689405577,2.8371035559827056
2025-01-07,1.3722283689405577,2.8481379144642047
2025-01-08,1.3722283689405577,2.845861364728501
2025-01-09,1.3722283689405577,2.826345506967809
2025-01-10,1.3722283689405577,2.8149327246516145
2025-01-13,1.3722283689405577,2.773420230658342
2025-01-14,1.3722283689405577,2.7842443536761214
2025-01-15,1.3722283689405577,2.7887073522345074
2025-01-16,1.3722283689405577,2.8005526189332097
2025-01-17,1.3722283689405577,2.7875060067275395
2025-01-20,1.3722283689405577,2.8045110523786687
2025-01-21,1.3722283689405577,2.7660559827006295
2025-01-22,1.3722283689405577,2.781757568476699
2025-01-23,1.3722283689405577,2.7877642960115376
2025-01-24,1.3722283689405577,2.7741710716001973
2025-01-27,1.3722283689405577,2.7425696780394095
2025-01-28,1.3722283689405577,2.757958913983667
2025-01-29,1.3722283689405577,2.782688611244599
2025-01-30,1.3722283689405577,2.7930682364248014
2025-01-31,1.3722283689405577,2.8241710716001984
2025-02-01,1.3722283689405577,2.8210175396444077
2025-02-03,1.3651516380841964,2.8064692455550273
2025-02-04,1.3651516380841964,2.8519041326285497
2025-02-05,1.362681751173038,2.8467443536761228
2025-02-06,1.3573365593594833,2.835577847188857
2025-02-07,1.3548407947042036,2.830364007688617
2025-02-10,1.3548407947042036,2.808938010571846
2025-02-11,1.3548407947042036,2.7717203267659833
2025-02-12,1.3548407947042036,2.768530754444984
2025-02-13,1.3548407947042036,2.766866890917834
2025-02-14,1.3548407947042036,2.7545951465641574
2025-02-17,1.3548407947042036,2.758229216722735
2025-02-18,1.3548407947042036,2.7565233061028405
2025-02-19,1.3548407947042036,2.7550336376742006
2025-02-20,1.3548407947042036,2.752660980297939
2025-02-21,1.3548407947042036,2.7385752042287415
2025-02-24,1.3548407947042036,2.709436568957237
2025-02-25,1.3548407947042036,2.708739788563196
2025-02-27,1.3548407947042036,2.708439452186454
2025-02-28,1.3548407947042036,2.6579408938010625
2025-03-03,1.3548407947042036,2.6572921672272996
2025-03-04,1.3548407947042036,2.652889235944263
2025-03-05,1.3548407947042036,2.683481499279198
2025-03-06,1.3548407947042036,2.7083974050937103
2025-03-07,1.3548407947042036,2.709334454589145
2025-03-10,1.3548407947042036,2.698258049014902
2025-03-11,1.3548407947042036,2.702775108121101
2025-03-12,1.3548407947042036,2.699483421432009
2025-03-13,1.3548407947042036,2.6906775588659353
2025-03-17,1.3548407947042036,2.704078567996161
2025-03-18,1.3548407947042036,2.743188370975498
2025-03-19,1.3548407947042036,2.7519942335415717
2025-03-20,1.3548407947042036,2.7859983181162957
2025-03-21,1.3548407947042036,2.8051898125901067
2025-03-24,1.3548407947042036,2.84218524747718
2025-03-25,1.3548407947042036,2.8434226333493573
2025-03-26,1.344434199631091,2.821582172032682
2025-03-27,1.350450333526493,2.834208313310914
2025-03-28,1.3462945645369,2.8254865449303272
2025-04-01,1.3260509322618383,2.7830009610764113
2025-04-02,1.3355903110788578,2.8030213839500293
2025-04-03,1.3308821568172324,2.793140317155219
2025-04-04,1.3308821568172324,2.7516158097068772
2025-04-07,1.3308821568172324,2.6623738587217733
2025-04-08,1.3308821568172324,2.7073342143200434
2025-04-09,1.3308821568172324,2.6909118212397938
2025-04-11,1.3308821568172324,2.7424975973089913
2025-04-15,1.3308821568172324,2.8025648726573817
2025-04-16,1.3308821568172324,2.815617491590587
2025-04-17,1.3308821568172324,2.865407256126868
2025-04-21,1.3308821568172324,2.898312109562716
2025-04-22,1.333182530733652,2.9033217203267716
2025-04-23,1.3421026857045169,2.922747477174441
2025-04-24,1.337565377440116,2.912866410379631
2025-04-25,1.3261269474264559,2.887956511292653
2025-04-28,1.3261269474264559,2.922693416626627
2025-04-29,1.326533040928247,2.923588419029318
2025-04-30,1.3264376498372221,2.9233781835655988
2025-05-02,1.3271190147731133,2.9248798654493084
2025-05-05,1.3333575921261338,2.938629264776555
2025-05-06,1.328912367284379,2.9288322921672325
2025-05-07,1.3308092872659005,2.933012974531481
2025-05-08,1.3231452944669955,2.9161220567035135
2025-05-09,1.3086567504702036,2.8841902931283094
2025-05-12,1.3086567504702036,2.994317635752048
2025-05-13,1.3086567504702036,2.9527090341182176
2025-05-14,1.3133715321888357,2.963346948582418
2025-05-15,1.334413674878879,3.0108241230177857
2025-05-16,1.334413674878879,3.005742431523312
2025-05-19,1.3304482692110782,2.9968104276790064
2025-05-20,1.3164986814180275,2.9653892359442637
2025-05-21,1.3234081407894276,2.9809526669870317
2025-05-22,1.3234081407894276,2.9564752522825626
2025-05-23,1.3234081407894276,2.985722008649694
2025-05-26,1.3234081407894276,3.003501922152817
2025-05-27,1.3234081407894276,2.9824843825084155
2025-05-28,1.3234081407894276,2.973624459394528
2025-05-29,1.3234081407894276,2.9833733781835714
2025-05-30,1.3234081407894276,2.9734142239308086
2025-06-02,1.3234081407894276,2.969317635752048
2025-06-03,1.3234081407894276,2.948402210475739
2025-06-04,1.3234081407894276,2.957736665064879
2025-06-05,1.3234081407894276,2.9734382508409483
2025-06-06,1.3234081407894276,3.003730177799141
2025-06-09,1.3234081407894276,3.015761653051424
2025-06-10,1.3234081407894276,3.0158877943296556
2025-06-11,1.3234081407894276,3.0203507928880415
2025-06-12,1.3234081407894276,2.9899327246516165
2025-06-13,1.3234081407894276,2.9695579048534424
2025-06-16,1.3234081407894276,2.9969365689572394
2025-06-17,1.3234081407894276,2.985752042287369
2025-06-18,1.3234081407894276,2.980784478616057
2025-06-19,1.3234081407894276,2.9785259490629574
2025-06-20,1.3234081407894276,3.0168668909178353
2025-06-23,1.3234081407894276,2.9999879865449377
2025-06-24,1.3234081407894276,3.0086917347429196
2025-06-25,1.3234081407894276,3.0327666987025546
2025-06-26,1.3234081407894276,3.0693176357520504
2025-06-27,1.3234081407894276,3.079985583853924
2025-06-30,1.3234081407894276,3.0654793368572877
2025-07-01,1.3234081407894276,3.068452666987033
2025-07-02,1.3188278340120752,3.0578327727054377
2025-07-03,1.3163356082655744,3.0520543008169225
2025-07-04,1.3192216160427073,3.0587457952907333
2025-07-07,1.3192371600702322,3.0587818356559424
2025-07-08,1.3224081416853224,3.066134070158585
2025-07-09,1.320003998761463,3.060559827006254
2025-07-10,1.320003998761463,3.0460415665545484
2025-07-11,1.320003998761463,3.0213659298414295
2025-07-14,1.320003998761463,3.013250840941862
2025-07-15,1.320003998761463,3.026886112445947
2025-07-16,1.320003998761463,3.0288382988947693
2025-07-17,1.320003998761463,3.0167527630946736
2025-07-18,1.320003998761463,2.9995675156174992
2025-07-21,1.320003998761463,3.0142599711677156
2025-07-22,1.320003998761463,3.010679961556952
2025-07-23,1.320003998761463,3.02978135511774
2025-07-24,1.320003998761463,3.0108241230177875
2025-07-25,1.320003998761463,2.9837818356559422
2025-07-28,1.320003998761463,2.965028832292175
2025-07-29,1.320003998761463,2.981871696299863
2025-07-30,1.320003998761463,2.9859502642960187
2025-07-31,1.320003998761463,2.975534598750608
2025-08-01,1.320003998761463,2.9511472849591613
2025-08-04,1.320003998761463,2.970056463238835
2025-08-05,1.320003998761463,2.9612626141278304
2025-08-06,1.320003998761463,2.9522104757328282
2025-08-07,1.320003998761463,2.9548474291206226
2025-08-08,1.320003998761463,2.926874098990877
2025-08-11,1.320003998761463,2.9535139356078886
2025-08-12,1.320003998761463,2.941782796732348
2025-08-13,1.320003998761463,2.957634550696788
2025-08-14,1.320003998761463,2.9590701585776147
2025-08-18,1.320003998761463,2.9885812109562795
2025-08-19,1.325506458454937,3.001039163863536
2025-08-20,1.3292154452685705,3.0094365689572404
2025-08-21,1.330977081351727,3.0134250360403736
2025-08-22,1.3196405286659922,2.9877582892840064
2025-08-25,1.3196405286659922,2.9994894281595474
2025-08-26,1.3196405286659922,2.9687710235463807
2025-08-28,1.3196405286659922,2.9434046131667557
2025-08-29,1.3196405286659922,2.934508649687659
2025-09-01,1.3196405286659922,2.9583193176357607
2025-09-02,1.3196405286659922,2.952859202306592
2025-09-03,1.3196405286659922,2.9691314271984712
2025-09-04,1.3196405286659922,2.971444017299384
2025-09-05,1.3196405286659922,2.9722489187890524
2025-09-08,1.3196405286659922,2.976111244593954
2025-09-09,1.3196405286659922,2.987578087457961
2025-09-10,1.3196405286659922,3.0001321480057745
2025-09-11,1.3196405286659922,3.0040245074483503
2025-09-12,1.3196405286659922,3.017059106198951
2025-09-15,1.3196405286659922,3.0116770783277356
2025-09-16,1.3196405286659922,3.0320879384911184
2025-09-17,1.3196405286659922,3.04303820278713
2025-09-18,1.3196405286659922,3.0542527630946745
2025-09-19,1.3196405286659922,3.0426537722249005
2025-09-22,1.3196405286659922,3.027672993753012
2025-09-23,1.3196405286659922,3.0237265737626227
2025-09-24,1.3196405286659922,3.010199423354165
2025-09-25,1.3196405286659922,2.9902510812109644
2025-09-26,1.3196405286659922,2.96188130706392
2025-09-29,1.3196405286659922,2.959502642960124
2025-09-30,1.3196405286659922,2.95664344065354
2025-10-01,1.3196405286659922,2.9836977414704555
2025-10-03,1.3196405286659922,2.9906595386833343
2025-10-06,1.3196405286659922,3.012692215281124
2025-10-07,1.3196405286659922,3.01637433925998
2025-10-08,1.3196405286659922,3.0089079769341756
2025-10-09,1.3196405286659922,3.0252042287361935
2025-10-10,1.3196405286659922,3.0376441614608454
2025-10-13,1.3196405286659922,3.030676357520432
2025-10-14,1.3196405286659922,3.020843344545901
2025-10-15,1.3196405286659922,3.0422333012974625
2025-10-16,1.3196405286659922,3.073678519942345
2025-10-17,1.3196405286659922,3.088641278231629
2025-10-20,1.3196405286659922,3.10465521383951
2025-10-21,1.3209400935973008,3.1077126381547426
2025-10-23,1.3209400935973008,3.1104517059106294
2025-10-24,1.3209400935973008,3.0988887554060645
2025-10-27,1.3296916869005293,3.119419750120144
2025-10-28,1.3281631025816214,3.115833733781845
2025-10-29,1.3341903848039154,3.1299735703988563
2025-10-30,1.3341903848039154,3.1088238827486876
2025-10-31,1.3261603455064772,3.090112926477664
2025-11-03,1.3282870814359753,3.095068476693906
2025-11-04,1.319744047653725,3.07516218164345
2025-11-06,1.315209588865862,3.064596347909668
2025-11-07,1.315209588865862,3.062506006727544
2025-11-10,1.315209588865862,3.0723630466122143
2025-11-11,1.315209588865862,3.0868512734262463
2025-11-12,1.315209588865862,3.108577606919759
2025-11-13,1.315209588865862,3.108980057664593
2025-11-14,1.315209588865862,3.112692215281123
2025-11-17,1.315209588865862,3.1251141278231707
2025-11-18,1.315209588865862,3.1126922152811236
2025-11-19,1.315209588865862,3.1298234022104845
2025-11-20,1.315209588865862,3.1465821720326854
2025-11-21,1.315209588865862,3.1316854877462847
2025-11-24,1.3097278986872234,3.1186328688130796
2025-11-25,1.3097278986872234,3.10965881787603
2025-11-26,1.3097278986872234,3.1481619413743482
2025-11-27,1.3097278986872234,3.14939332051899
2025-11-28,1.3097278986872234,3.147879625180211
2025-12-01,1.3083683342548105,3.1446119654012583
2025-12-02,1.3011931329947786,3.1273666506487356
2025-12-03,1.3011931329947786,3.1218164344065444
2025-12-04,1.3011931329947786,3.127552859202316
2025-12-05,1.3011931329947786,3.1458974050937143
2025-12-08,1.3011931329947786,3.118759010091311
2025-12-09,1.3011931329947786,3.1042347429120705
2025-12-10,1.3011931329947786,3.094425756847678
2025-12-11,1.3011931329947786,3.1113106679481106
2025-12-12,1.3011931329947786,3.129138635271513
2025-12-15,1.3011931329947786,3.126777991350321
2025-12-16,1.3011931329947786,3.1066914944738193
2025-12-17,1.3011931329947786,3.101699903892368
2025-12-18,1.3011931329947786,3.101339500240278
2025-12-19,1.3011931329947786,3.119461797212888
2025-12-22,1.3011931329947786,3.144209514656425
2025-12-23,1.3011931329947786,3.1447801537722353
2025-12-24,1.3011931329947786,3.1405694377703126
2025-12-26,1.3011931329947786,3.128580009610774
2025-12-29,1.3011931329947786,3.116542527630956
2025-12-30,1.3011931329947786,3.1161520903411914
2025-12-31,1.3011931329947786,3.139067755886602
2026-01-01,1.3011931329947786,3.1411040365209124
2026-01-02,1.3011931329947786,3.162968524747727
2026-01-05,1.3011931329947786,3.153567996155704
2026-01-06,1.3011931329947786,3.144966362325815
2026-01-07,1.3011931329947786,3.140407256126872
2026-01-08,1.3011931329947786,3.1087037481979913
2026-01-09,1.3011931329947786,3.0854517059106294
2026-01-12,1.3011931329947786,3.0983000961076503
2026-01-13,1.3011931329947786,3.0913382988947715
2026-01-14,1.3011931329947786,3.0833253243632965
2026-01-16,1.3011931329947786,3.086779192695829
2026-01-19,1.3011931329947786,3.0737025468524846
2026-01-20,1.3011931329947786,3.031295050456521
2026-01-21,1.3011931329947786,3.022284959154262
2026-01-22,1.3011931329947786,3.0381907736665164
2026-01-23,1.3011931329947786,3.009208313310918
2026-01-27,1.3011931329947786,3.0244353676117353
2026-01-28,1.3011931329947786,3.0445398846708414
2026-01-29,1.3011931329947786,3.0536881307064014
2026-01-30,1.3011931329947786,3.0418849111004427
2026-02-02,1.3011931329947786,3.0139836617011153
2026-02-03,1.3011931329947786,3.0907676597789626
2026-02-04,1.3036435337244865,3.0965881787602214
2026-02-05,1.2969068283127818,3.0805862566074103
2026-02-06,1.2969068283127818,3.0867011052378763
2026-02-09,1.2969068283127818,3.1075564632388373
2026-02-10,1.2969068283127818,3.1157075925036137
2026-02-11,1.2969068283127818,3.1179541086016433
2026-02-12,1.2969068283127818,3.1003363767419607
2026-02-13,1.2969068283127818,3.0599591542527724
2026-02-16,1.2969068283127818,3.085385631907746
2026-02-17,1.2969068283127818,3.0905093704949644
2026-02-18,1.2969068283127818,3.101796011532927
2026-02-19,1.2969068283127818,3.0579469005286017
2026-02-20,1.2969068283127818,3.0719906295050556
2026-02-23,1.2969068283127818,3.089019702066324
2026-02-24,1.2969068283127818,3.0543789043729075
2026-02-25,1.2969068283127818,3.0613286881307165
2026-02-26,1.2969068283127818,3.063016578568006
2026-02-27,1.2969068283127818,3.0248258049015
2026-03-02,1.2969068283127818,2.987229697260942
2026-03-04,1.2969068283127818,2.940953868332542
2026-03-05,1.2969068283127818,2.9752402691014033
2026-03-06,1.2969068283127818,2.937343825084104
2026-03-09,1.2969068283127818,2.8865989908697833
2026-03-10,1.2969068283127818,2.9146564151850165
2026-03-11,1.2969068283127818,2.8672333012974622
2026-03-12,1.2969068283127818,2.8398786641038054
2026-03-13,1.2969068283127818,2.781246996636241
2026-03-16,1.2969068283127818,2.8122056703508016
2026-03-17,1.2969068283127818,2.8329108601633917
2026-03-18,1.2969068283127818,2.856535319557913
2026-03-19,1.2969068283127818,2.7633529553099554
2026-03-20,1.2969068283127818,2.7768500720807388
2026-03-23,1.2969068283127818,2.7045470927438817
2026-03-24,1.2969068283127818,2.75257087938492
2026-03-25,1.2969068283127818,2.799909899086986
2026-03-27,1.2969068283127818,2.741422393080258
2026-03-30,1.2969068283127818,2.6827727054300903
2026-04-01,1.2969068283127818,2.72457952907257
2026-04-02,1.2969068283127818,2.7286280634310516
2026-04-06,1.2969068283127818,2.759280394041335
2026-04-07,1.2969068283127818,2.7779493032196148
2026-04-08,1.2969068283127818,2.882910860163392
2026-04-09,1.2969068283127818,2.856210956271032
2026-04-10,1.2969068283127818,2.8893080249879954
2026-04-13,1.2969068283127818,2.8643260451706003
2026-04-15,1.2969068283127818,2.911016338298904
2026-04-16,1.2969068283127818,2.9068656895723306
2026-04-17,1.2969068283127818,2.925702787121586
2026-04-20,1.2969068283127818,2.9270603075444592
2026-04-21,1.2969068283127818,2.9524987986545024
2026-04-22,1.2969068283127818,2.9286520903411914
2026-04-23,1.2969068283127818,2.9040185007208166
2026-04-24,1.2969068283127818,2.870969485824132
2026-04-27,1.2969068283127818,2.89436568957233
2026-04-28,1.2969068283127818,2.8827126381547425
2026-04-29,1.2969068283127818,2.904571119654022
2026-04-30,1.2969068283127818,2.8829348870735316
2026-05-04,1.2969068283127818,2.8975612686208647
2026-05-05,1.2969068283127818,2.887169629985593
2026-05-06,1.2969068283127818,2.9229877462758385
2026-05-07,1.2969068283127818,2.9224711677078425
2026-05-08,1.2969068283127818,2.904390917827977
2026-05-11,1.2969068283127818,2.8611064392119263
2026-05-12,1.2969068283127818,2.808691734742921
2026-05-13,1.2969068283127818,2.8126621816434496
2026-05-14,1.2969068283127818,2.8459394521864576
2026-05-15,1.2969068283127818,2.8404012493993362
2026-05-18,1.2969068283127818,2.841176117251331
2026-05-19,1.2969068283127818,2.8373378183565685
2026-05-20,1.2969068283127818,2.842263334935137
2026-05-21,1.2969068283127818,2.8417467563671406
2026-05-22,1.2969068283127818,2.8495074483421523
2026-05-25,1.2969068283127818,2.887037481979827
2026-05-26,1.2969068283127818,2.872861604997607
2026-05-27,1.2969068283127818,2.8720747236905435
2026-05-29,1.2969068283127818,2.8288983661701206
2026-06-01,1.2969068283127818,2.809058145122547
2026-06-02,1.2969068283127818,2.8211857280153874
2026-06-03,1.2969068283127818,2.811821239788573
2026-06-04,1.2969068283127818,2.813136713118703
2026-06-05,1.2969068283127818,2.8071480057664684
2026-06-08,1.2969068283127818,2.777871215761663
2026-06-09,1.2969068283127818,2.792179240749649
2026-06-10,1.2969068283127818,2.788917587698232
2026-06-11,1.2969068283127818,2.7825084094185586
2026-06-12,1.2969068283127818,2.837926477654984
2026-06-15,1.2969068283127818,2.8656775588659404
2026-06-16,1.2969068283127818,2.88192575684768
2026-06-17,1.2969068283127818,2.893524747717454
2026-06-18,1.2969068283127818,2.9034118212397986
2026-06-19,1.2969068283127818,2.884802979336867
2026-06-22,1.2969068283127818,2.895591061989438
2026-06-23,1.2969068283127818,2.8620975492551755
2026-06-24,1.2969068283127818,2.885830129745325
2026-06-25,1.2969068283127818,2.8899567515617592
2026-06-29,1.2969068283127818,2.8767719846227875
2026-06-30,1.2969068283127818,2.8671011532916966
2026-07-01,1.2969068283127818,2.8839320038443153
2026-07-02,1.2969068283127818,2.904336857280164
2026-07-03,1.2969068283127818,2.9157676597789624
2026-07-06,1.2969068283127818,2.9349291206150987
2026-07-07,1.2969068283127818,2.931126862085546
2026-07-08,1.2969068283127818,2.8690593464680543
2026-07-09,1.2969068283127818,2.8787602114368194
2026-07-10,1.2969068283127818,2.9080850552619038
2026-07-13,1.2969068283127818,2.9085776069197604
2026-07-14,1.2969068283127818,2.889482220086507
2026-07-15,1.2969068283127818,2.8926597789524364
2026-07-16,1.2969068283127818,2.89196900528593
2026-07-17,1.2969068283127818,2.9233901970206726
2026-07-20,1.2969068283127818,2.911881307063921
2026-07-21,1.2969068283127818,2.905778471888525
2026-07-22,1.2969068283127818,2.8827787121576263
2026-07-23,1.2969068283127818,2.8675636713118786
2026-07-24,1.2969068283127818,2.855291926958203
2026-07-27,1.2969068283127818,2.8827426717924176
2026-07-28,1.2969068283127818,2.8814692455550315
2026-07-29,1.2969068283127818,2.913286881307074
2026-07-30,1.2969068283127818,2.921329889476223
2026-07-31,1.2969068283127818,2.9293128303700238
2026-08-03,1.2969068283127818,2.9762493993272563
2026-08-04,1.2969068283127818,2.95709995194619
2026-08-05,1.2969068283127818,2.9582712638154836
2026-08-06,1.2969068283127818,2.9596347909658918
2026-08-07,1.2969068283127818,2.951783998077857
2026-08-10,1.2969068283127818,2.953363767419519
2026-08-11,1.2969068283127818,2.9398966842864103
2026-08-12,1.2969068283127818,2.9356018740990004
2026-08-13,1.2969068283127818,2.9307844786160593
2026-08-14,1.2969068283127818,2.9271984622777607
2026-08-17,1.2969068283127818,2.917785920230668
2026-08-18,1.2969068283127818,2.9018380586256702
2026-08-19,1.2969068283127818,2.8926357520422967
2026-08-20,1.2969068283127818,2.911082412301787
2026-08-21,1.2969068283127818,2.9135031234983275
2026-08-24,1.2969068283127818,2.9095446900528685
2026-08-25,1.2969068283127818,2.9234202306583468
2026-08-26,1.2969068283127818,2.9081871696299952
2026-08-27,1.2969068283127818,2.8941434406535413
2026-08-28,1.2969068283127818,2.9043308505526286
2026-08-31,1.2969068283127818,2.89288803459876
2026-09-01,1.2969068283127818,2.889932724651619
2026-09-02,1.2969068283127818,2.8729517059106295
2026-09-03,1.2969068283127818,2.8680261893320615
2026-09-04,1.2969068283127818,2.8709394521864584
